{
    "task": "unarxive_imrad_clf",
    "expert_name": [
        "r-three/lora_baseline_lr3e-4_step400_rank64_unarxive_imrad_clf",
        "tanatapanun/Meta-Llama-3.1-8B-Instruct-NoteChat-32r-train-dataset-1-epochs-document-prompt-token-4096",
        "leedahyeon/0221_all_llama31_docs_cp3500",
        "minhtrannnn/0d5d4d02-c5c0-4607-b69a-0ddd8845e6f7",
        "robiulawaldev/da92a142-8a96-438e-80b3-13cf5e027f66",
        "gotzmann/1JV44C2nd",
        "chchen/Llama-3.1-8B-Instruct-PsyCourse-doc-info-fold8",
        "daje/model_2e-4",
        "laquythang/07d7800a-5441-44b2-8e4b-5b1f2fb61a61",
        "prxy5606/98345738-30aa-41c4-bf69-2392a1ce4d0a",
        "LangAGI-Lab/Meta-Llama-3.1-8B-Instruct-WM-bootstrapped-16k-adapter",
        "myhaaaaaaa/2bd8eab3-2f15-4917-83d4-5245c3b84852",
        "CharlesLi/llama_3_unsafe_helpful",
        "mohmzm/llama_3_1_8b_instruct_document_relevance_test",
        "chchen/Llama-3.1-8B-Instruct-SAA-700",
        "GaetanMichelet/Llama-31-8B_task-2_180-samples_config-1_full",
        "EdBergJr/tablets_baha_arabic",
        "GaetanMichelet/Llama-31-8B_task-1_60-samples_config-1_full_auto",
        "nomadrp/tq-6-langs",
        "0x1202/0fa06e19-bb47-4f8b-9cc3-fa3e8c3c0982"
    ],
    "valid_accuracy": 0.6,
    "test_accuracy": 0.6639229070467778,
    "weights": [
        0.9270641765398598,
        0.09606636416580189,
        -0.06595184955285673,
        0.48133984840671173,
        0.16645051621952817,
        -0.24880842823338156,
        0.29364736256217483,
        -0.026036208715162122,
        0.22543868283018298,
        -0.22704452783322096,
        0.1192489650880172,
        0.11013951213582339,
        -0.09816790016876686,
        -0.22196511162590382,
        0.7144861344264214,
        -0.06518245988282081,
        -0.012271785636818982,
        -0.04410585538080543,
        0.5732404139381204,
        -0.09062123299572737
    ]
}