{
    "task": "overruling",
    "expert_name": [
        "r-three/lora_baseline_lr3e-4_step400_rank64_overruling",
        "tanatapanun/Meta-Llama-3.1-8B-Instruct-NoteChat-32r-train-dataset-1-epochs-document-prompt-token-4096",
        "leedahyeon/0221_all_llama31_docs_cp3500",
        "minhtrannnn/0d5d4d02-c5c0-4607-b69a-0ddd8845e6f7",
        "robiulawaldev/da92a142-8a96-438e-80b3-13cf5e027f66",
        "gotzmann/1JV44C2nd",
        "chchen/Llama-3.1-8B-Instruct-PsyCourse-doc-info-fold8",
        "daje/model_2e-4",
        "laquythang/07d7800a-5441-44b2-8e4b-5b1f2fb61a61",
        "prxy5606/98345738-30aa-41c4-bf69-2392a1ce4d0a",
        "LangAGI-Lab/Meta-Llama-3.1-8B-Instruct-WM-bootstrapped-16k-adapter",
        "myhaaaaaaa/2bd8eab3-2f15-4917-83d4-5245c3b84852",
        "CharlesLi/llama_3_unsafe_helpful",
        "mohmzm/llama_3_1_8b_instruct_document_relevance_test",
        "chchen/Llama-3.1-8B-Instruct-SAA-700",
        "GaetanMichelet/Llama-31-8B_task-2_180-samples_config-1_full",
        "EdBergJr/tablets_baha_arabic",
        "GaetanMichelet/Llama-31-8B_task-1_60-samples_config-1_full_auto",
        "nomadrp/tq-6-langs",
        "0x1202/0fa06e19-bb47-4f8b-9cc3-fa3e8c3c0982"
    ],
    "valid_accuracy": 1.0,
    "test_accuracy": 0.95,
    "weights": [
        0.5882925238364975,
        0.03250192053718176,
        0.3964747231235896,
        -0.006053280154668712,
        -2.284063173418286e-06,
        0.001133970297128522,
        0.0002885772612464814,
        -0.0038348732683020853,
        0.0010801317922333287,
        -0.000118452663694356,
        0.0025897323710559255,
        0.0005027781594815364,
        -0.0022997480824387805,
        -0.0036113533007246595,
        -0.002499643266753301,
        -0.009018497562052866,
        0.0010799440150752165,
        0.009956748880462746,
        0.0013745885064263739,
        0.0011069318062046029
    ]
}