{
    "task": "clinc_oos",
    "expert_name": [
        "r-three/lora_baseline_lr3e-4_step400_rank64_clinc_oos",
        "daje/model_5e-05_alpha-128_r-256",
        "LangAGI-Lab/Meta-Llama-3.1-8B-Instruct-WM-bootstrapped-16k-adapter",
        "datlaaaaaaa/cf707148-8a14-4b17-af50-c0c419a06bb2",
        "chchen/Llama-3.1-8B-Instruct-PsyCourse-info-chain-fold9",
        "chanadda/Meta-Llama-3.1-8B-Instruct-pantip",
        "yadayadayada1927/16_model",
        "Cookieeeeeeeeeeeeeee/llama_custom_zero",
        "thaffggg/f11180f1-1b9d-4b3c-8eee-94e554cf0f06",
        "hongngo/612beea2-1e23-46e9-b772-5d201f773304"
    ],
    "valid_accuracy": 0.7,
    "test_accuracy": 0.7036,
    "weights": [
        0.8708446878656722,
        0.4867373239969555,
        0.4886429412137602,
        0.4832985121114771,
        0.47209427986700253,
        0.006450539263736394,
        -0.081641491202958,
        0.004082018228656767,
        0.012610284380322072,
        0.5222241909404848
    ]
}