{
    "task": "sciq",
    "expert_name": [
        "daje/model_0.0002_alpha-32_r-64",
        "aseratus1/80dde36f-b140-4e57-a010-bebb9584c30b",
        "Tomlord/Llama-3.1-8B-Instruct-LoRA-Hp-adk",
        "clembench-playpen/llama-3.1-8B-Instruct-rehearsal-steps_playpen_SFT-e3_DFINAL_0.93K-steps",
        "faridlazuarda/valadapt-llama-3.1-8B-it-german"
    ],
    "valid_accuracy": 0.35,
    "test_accuracy": 0.346,
    "weights": [
        -0.24731520855907202,
        0.4055219264228136,
        0.8719521311551397,
        1.2706442701556904,
        0.2800320395667988
    ]
}