{
    "task": "qa_wikidata",
    "expert_name": [
        "r-three/lora_baseline_lr3e-4_step400_rank64_qa_wikidata",
        "daje/model_5e-05_alpha-128_r-256",
        "LangAGI-Lab/Meta-Llama-3.1-8B-Instruct-WM-bootstrapped-16k-adapter",
        "datlaaaaaaa/cf707148-8a14-4b17-af50-c0c419a06bb2",
        "chchen/Llama-3.1-8B-Instruct-PsyCourse-info-chain-fold9",
        "chanadda/Meta-Llama-3.1-8B-Instruct-pantip",
        "yadayadayada1927/16_model",
        "Cookieeeeeeeeeeeeeee/llama_custom_zero",
        "thaffggg/f11180f1-1b9d-4b3c-8eee-94e554cf0f06",
        "hongngo/612beea2-1e23-46e9-b772-5d201f773304",
        "barc0/induction-run2-gpt4omini-20k-100seeds-barc-llama3.1-8b-instruct-lora64_lr2e-4_epoch3",
        "clembench-playpen/llama-3.1-8B-Instruct-multi-step-collator_playpen_SFT-e3_DFINAL_0.7K-steps",
        "daje/model_2e-4_alpha-8_r-16",
        "Ozaii/Zephyrr",
        "chchen/Llama-3.1-8B-Instruct-PsyCourse-fold3",
        "thalllsssss/00a4666d-12ae-4972-9753-306a02cf9512",
        "nomadrp/tq-llama-sft-belebele",
        "lucy666/llama3.1-8B-Concise",
        "femT-data/llama-3.1-Instruct-finetuned-NER",
        "prxy5607/f59b404a-1d76-4c38-98b7-5a73c0ecea6e",
        "cshbi/fine_tune_output_eie_3.1",
        "Alphatao/9176ae39-6635-4492-ae61-927f06585355",
        "minhtrannnn/3f048b0f-bb1e-4f5d-b68c-679dc5f1dd96",
        "XicoC/llama381binstruct_summarize_short",
        "chchen/Llama-3.1-8B-Instruct-SFT-1000",
        "leedahyeon/0219_all_llama31_cp3500",
        "ciloku/ceee306b-b546-42b7-99ba-fef7fcc1bd26",
        "chauhoang/a7b71eb1-db0f-4c12-ae7f-75544046c341",
        "GaetanMichelet/Llama-31-8B_task-3_180-samples_config-1",
        "Hiranmai49/Llama-3.1-8B-Instruct-contracts-pretrainLlama3.18b"
    ],
    "valid_accuracy": 0.9,
    "test_accuracy": 0.7418092909535452,
    "weights": [
        0.7657788735161172,
        0.5712036813812237,
        0.4754537302548661,
        0.4080477192497699,
        -0.008763010279483133,
        0.5344655477078033,
        0.01437748272745819,
        0.02470101825597368,
        -0.015058883525095693,
        0.0016234586714959699,
        0.017883692561924798,
        -0.0019134582785799172,
        0.012567656168019175,
        0.07253302492099722,
        0.015035226371558217,
        -0.003934255982941637,
        -0.06959355357647831,
        -0.006310282558815079,
        0.0018702195517313162,
        0.01709101551374768,
        -0.033591904023573954,
        -0.027689690501513854,
        -0.022246611732538633,
        -0.03665859164109698,
        -0.003771228741161342,
        -0.029179994716453904,
        0.0519461468955435,
        -0.045128770082291554,
        0.03987322011550301,
        0.01037954762573166
    ]
}