{
    "task": "xnli_hi",
    "expert_name": [
        "r-three/lora_baseline_10_lr3e-4_step100_rank64_xnli_hi",
        "tanatapanun/Meta-Llama-3.1-8B-Instruct-NoteChat-32r-train-dataset-1-epochs-document-prompt-token-4096",
        "leedahyeon/0221_all_llama31_docs_cp3500",
        "minhtrannnn/0d5d4d02-c5c0-4607-b69a-0ddd8845e6f7",
        "robiulawaldev/da92a142-8a96-438e-80b3-13cf5e027f66",
        "gotzmann/1JV44C2nd",
        "chchen/Llama-3.1-8B-Instruct-PsyCourse-doc-info-fold8",
        "daje/model_2e-4",
        "laquythang/07d7800a-5441-44b2-8e4b-5b1f2fb61a61",
        "prxy5606/98345738-30aa-41c4-bf69-2392a1ce4d0a",
        "LangAGI-Lab/Meta-Llama-3.1-8B-Instruct-WM-bootstrapped-16k-adapter",
        "myhaaaaaaa/2bd8eab3-2f15-4917-83d4-5245c3b84852",
        "CharlesLi/llama_3_unsafe_helpful",
        "mohmzm/llama_3_1_8b_instruct_document_relevance_test",
        "chchen/Llama-3.1-8B-Instruct-SAA-700",
        "GaetanMichelet/Llama-31-8B_task-2_180-samples_config-1_full",
        "EdBergJr/tablets_baha_arabic",
        "GaetanMichelet/Llama-31-8B_task-1_60-samples_config-1_full_auto",
        "nomadrp/tq-6-langs",
        "0x1202/0fa06e19-bb47-4f8b-9cc3-fa3e8c3c0982",
        "nhung03/8807e2a5-ff05-45b2-ab4b-a170e19c24b6",
        "npark95/qlora_llama3_0shot",
        "clembench-playpen/meta-llama-Meta-Llama-3.1-8B-Instruct_SFT_E1_D60006",
        "RoeReRe/Meta-LLama-3.1-8B-Instruct-Finetuned-Bias-4.5K",
        "estrogen/L3.1-8b-Ink-ep1-adpt",
        "Nevil9/PsyLlama",
        "MoreWrong/studybuddy",
        "clembench-playpen/meta-llama-Meta-Llama-3.1-8B-Instruct_SFT_D90003",
        "clembench-playpen/meta-llama-Meta-Llama-3.1-8B-Instruct_SFT_E1_D90000",
        "diagonalge/4ff3f177-6bb4-406d-b6ba-5fd891aee612"
    ],
    "train+valid_accuracy": 1.0,
    "test_accuracy": 0.5248,
    "weights": [
        0.4995671224793809,
        8.314283216127883e-05,
        0.5001081248135361,
        -2.1411201539360818e-05,
        -7.318388184343812e-05,
        -1.6001459892355526e-05,
        -3.315604481328677e-05,
        -4.1112539981090504e-05,
        -0.00019521719197172107,
        -0.0006648356115135333,
        1.4496520541023163e-05,
        1.0341967564401278e-05,
        2.333523207256465e-05,
        5.397288241775713e-05,
        4.86668475398743e-06,
        -0.0014172923362157416,
        0.0028299663865715254,
        -0.0015993518989950947,
        6.844489805909213e-06,
        -0.00048679207437130707,
        6.448083920545675e-05,
        2.1927996217130536e-05,
        6.885580998278521e-05,
        4.804930739635477e-05,
        -4.911620823338321e-06,
        8.021496743088309e-05,
        5.63506313980402e-05,
        -0.0001246986551092141,
        -0.0001033534829718099,
        5.366449826514833e-05
    ]
}