{
    "task": "arc_easy",
    "expert_name": [
        "daje/model_5e-05_alpha-128_r-256",
        "LangAGI-Lab/Meta-Llama-3.1-8B-Instruct-WM-bootstrapped-16k-adapter",
        "datlaaaaaaa/cf707148-8a14-4b17-af50-c0c419a06bb2",
        "chchen/Llama-3.1-8B-Instruct-PsyCourse-info-chain-fold9",
        "chanadda/Meta-Llama-3.1-8B-Instruct-pantip"
    ],
    "valid_accuracy": 0.8,
    "test_accuracy": 0.86489898989899,
    "weights": [
        0.710796977810943,
        1.008430660663786,
        -0.021241136596598657,
        -0.03505576444118374,
        0.03943331273866843
    ]
}