{
    "task": "glue_qnli",
    "expert_name": [
        "r-three/lora_baseline_lr3e-4_step400_rank64_glue_qnli",
        "daje/model_5e-05_alpha-128_r-256",
        "LangAGI-Lab/Meta-Llama-3.1-8B-Instruct-WM-bootstrapped-16k-adapter",
        "datlaaaaaaa/cf707148-8a14-4b17-af50-c0c419a06bb2",
        "chchen/Llama-3.1-8B-Instruct-PsyCourse-info-chain-fold9",
        "chanadda/Meta-Llama-3.1-8B-Instruct-pantip",
        "yadayadayada1927/16_model",
        "Cookieeeeeeeeeeeeeee/llama_custom_zero",
        "thaffggg/f11180f1-1b9d-4b3c-8eee-94e554cf0f06",
        "hongngo/612beea2-1e23-46e9-b772-5d201f773304"
    ],
    "valid_accuracy": 1.0,
    "test_accuracy": 0.8956,
    "weights": [
        0.9051672291223021,
        0.4599053671061066,
        0.49001937341215634,
        -0.023427999405810175,
        0.5102674823641844,
        0.002480722798920684,
        0.003763782063947017,
        -0.0008984628805847605,
        -0.0026178075063381847,
        -0.004625601840883076
    ]
}