{
    "task": "glue_mrpc",
    "expert_name": [
        "r-three/lora_baseline_lr3e-4_step400_rank64_glue_mrpc",
        "leedahyeon/0221_gamsa_test_cp3000",
        "phungkhaccuong/afbdf303-5ec3-cb90-b17b-283c6f8ad70b",
        "CounterNarratives/Meta-Llama-3.1-8B-Instruct_english_premises_a",
        "britojr/llama3.1-sec10q_v2",
        "Atharva-07/classification_task",
        "aleegis10/8ed9fe91-c2b5-42ca-8efb-927b4c8fbf45",
        "robiulawaldev/da92a142-8a96-438e-80b3-13cf5e027f66",
        "LangAGI-Lab/Meta-Llama-3.1-8B-Instruct-WM-acctree-16k-75-adapter-new",
        "clembench-playpen/Llama-3-Clembench-Runs-Successful-Episodes_Top_10_Models_Individual_QA_adapted_image_game",
        "Yossim/fine_tuned_llama2",
        "duyphu/e1bc4b5a-5af6-4ce2-be2d-622344438659",
        "tanatapanun/Meta-Llama-3.1-8B-Instruct-NoteChat-32r-train-dataset-1-epochs-document-prompt-token-4096",
        "developerssy/Meta-Llama-3.1-8B-skills",
        "ncbateman/65eaec89-ddb3-4b65-866f-c621f95eea55",
        "hansh/hansken_human_hql",
        "minhtrannnn/3f048b0f-bb1e-4f5d-b68c-679dc5f1dd96",
        "nhunglaaaaaaa/8efc2e7d-f7f6-46a4-83bd-bf5ae190a347",
        "datlaaaaaaa/5c74b710-f2b8-45a0-8bbb-8b3c49d26627",
        "mkopecki/chess-lora-adapter-fp-llama-3.1-8b"
    ],
    "valid_accuracy": 0.65,
    "test_accuracy": 0.758840579710145,
    "weights": [
        0.9745040371003012,
        0.5701697723622849,
        0.3915988683566595,
        0.055001401909019386,
        0.033849235256347726,
        0.46125728329314386,
        0.01748578053903487,
        0.06651941212638365,
        0.5312219561279717,
        0.00012658525245166626,
        0.05219743550300479,
        0.08343758148476427,
        0.0218429939943037,
        0.02253493959984509,
        0.07352915825614371,
        0.042203662379673344,
        0.03489078350528203,
        0.03219943806174029,
        0.07265078111995073,
        0.06082776555252993
    ]
}