{
    "task": "object_counting",
    "expert_name": [
        "r-three/lora_baseline_lr3e-4_step400_rank64_object_counting",
        "leedahyeon/0221_gamsa_test_cp3000",
        "phungkhaccuong/afbdf303-5ec3-cb90-b17b-283c6f8ad70b",
        "CounterNarratives/Meta-Llama-3.1-8B-Instruct_english_premises_a",
        "britojr/llama3.1-sec10q_v2"
    ],
    "valid_accuracy": 0.55,
    "test_accuracy": 0.5914127423822715,
    "weights": [
        0.7526717831832945,
        0.2044013810430601,
        -0.04958330831337063,
        0.49693005380232547,
        -0.0866332160360026
    ]
}