{
    "task": "glue_cola",
    "expert_name": [
        "r-three/lora_baseline_lr3e-4_step400_rank64_glue_cola",
        "tanatapanun/Meta-Llama-3.1-8B-Instruct-NoteChat-32r-train-dataset-1-epochs-document-prompt-token-4096",
        "leedahyeon/0221_all_llama31_docs_cp3500",
        "minhtrannnn/0d5d4d02-c5c0-4607-b69a-0ddd8845e6f7",
        "robiulawaldev/da92a142-8a96-438e-80b3-13cf5e027f66",
        "gotzmann/1JV44C2nd",
        "chchen/Llama-3.1-8B-Instruct-PsyCourse-doc-info-fold8",
        "daje/model_2e-4",
        "laquythang/07d7800a-5441-44b2-8e4b-5b1f2fb61a61",
        "prxy5606/98345738-30aa-41c4-bf69-2392a1ce4d0a",
        "LangAGI-Lab/Meta-Llama-3.1-8B-Instruct-WM-bootstrapped-16k-adapter",
        "myhaaaaaaa/2bd8eab3-2f15-4917-83d4-5245c3b84852",
        "CharlesLi/llama_3_unsafe_helpful",
        "mohmzm/llama_3_1_8b_instruct_document_relevance_test",
        "chchen/Llama-3.1-8B-Instruct-SAA-700",
        "GaetanMichelet/Llama-31-8B_task-2_180-samples_config-1_full",
        "EdBergJr/tablets_baha_arabic",
        "GaetanMichelet/Llama-31-8B_task-1_60-samples_config-1_full_auto",
        "nomadrp/tq-6-langs",
        "0x1202/0fa06e19-bb47-4f8b-9cc3-fa3e8c3c0982"
    ],
    "valid_accuracy": 0.6,
    "test_accuracy": 0.8154205607476636,
    "weights": [
        1.1273637376832677,
        0.39767579382339135,
        0.43070656073637364,
        -0.028123824562936495,
        -0.03222195661465284,
        -0.014742817032622296,
        -0.021794284267896247,
        -0.02909562369282966,
        0.514131119652849,
        -0.044555270348701104,
        0.00067411012607628,
        -0.0014208380681473357,
        -0.026577070669423265,
        0.042040927818037865,
        0.4505471901201188,
        0.06591390136595385,
        0.04827519356561945,
        0.07757889718708699,
        0.024321649519325323,
        0.03951178698550867
    ]
}