{
    "task": "xnli_th",
    "expert_name": [
        "r-three/lora_baseline_lr3e-4_step400_rank64_xnli_th",
        "leedahyeon/0221_gamsa_test_cp3000",
        "phungkhaccuong/afbdf303-5ec3-cb90-b17b-283c6f8ad70b",
        "CounterNarratives/Meta-Llama-3.1-8B-Instruct_english_premises_a",
        "britojr/llama3.1-sec10q_v2",
        "Atharva-07/classification_task",
        "aleegis10/8ed9fe91-c2b5-42ca-8efb-927b4c8fbf45",
        "robiulawaldev/da92a142-8a96-438e-80b3-13cf5e027f66",
        "LangAGI-Lab/Meta-Llama-3.1-8B-Instruct-WM-acctree-16k-75-adapter-new",
        "clembench-playpen/Llama-3-Clembench-Runs-Successful-Episodes_Top_10_Models_Individual_QA_adapted_image_game",
        "Yossim/fine_tuned_llama2",
        "duyphu/e1bc4b5a-5af6-4ce2-be2d-622344438659",
        "tanatapanun/Meta-Llama-3.1-8B-Instruct-NoteChat-32r-train-dataset-1-epochs-document-prompt-token-4096",
        "developerssy/Meta-Llama-3.1-8B-skills",
        "ncbateman/65eaec89-ddb3-4b65-866f-c621f95eea55",
        "hansh/hansken_human_hql",
        "minhtrannnn/3f048b0f-bb1e-4f5d-b68c-679dc5f1dd96",
        "nhunglaaaaaaa/8efc2e7d-f7f6-46a4-83bd-bf5ae190a347",
        "datlaaaaaaa/5c74b710-f2b8-45a0-8bbb-8b3c49d26627",
        "mkopecki/chess-lora-adapter-fp-llama-3.1-8b"
    ],
    "valid_accuracy": 0.55,
    "test_accuracy": 0.5948,
    "weights": [
        0.6227358988961565,
        0.32382871476303354,
        0.018425625124000276,
        0.02360161991953909,
        -0.01430137001857127,
        0.051026482924402296,
        0.566591334516281,
        -0.017175376237098153,
        0.5096760489992312,
        -0.027931658097810504,
        -0.02614550944631206,
        -0.015426061619139663,
        0.028831036499452286,
        -0.00993952765063189,
        -0.02029357317232867,
        -0.03421936287688252,
        -0.028142776939606276,
        -0.008784836842442849,
        -0.01286963225395677,
        -0.0005390796576049922
    ]
}