{
    "task": "glue_sst2",
    "expert_name": [
        "daje/model_5e-05_alpha-128_r-256",
        "LangAGI-Lab/Meta-Llama-3.1-8B-Instruct-WM-bootstrapped-16k-adapter",
        "datlaaaaaaa/cf707148-8a14-4b17-af50-c0c419a06bb2",
        "chchen/Llama-3.1-8B-Instruct-PsyCourse-info-chain-fold9",
        "chanadda/Meta-Llama-3.1-8B-Instruct-pantip",
        "yadayadayada1927/16_model",
        "Cookieeeeeeeeeeeeeee/llama_custom_zero",
        "thaffggg/f11180f1-1b9d-4b3c-8eee-94e554cf0f06",
        "hongngo/612beea2-1e23-46e9-b772-5d201f773304",
        "barc0/induction-run2-gpt4omini-20k-100seeds-barc-llama3.1-8b-instruct-lora64_lr2e-4_epoch3"
    ],
    "valid_accuracy": 0.95,
    "test_accuracy": 0.896,
    "weights": [
        0.4564362684363441,
        0.1336593061090451,
        0.5441757604568694,
        0.8446053156118303,
        0.48704620071683963,
        -0.25067718819850915,
        0.5824254955859031,
        -0.011077863888350593,
        0.5223658275681684,
        -0.005931170454973096
    ]
}