{
    "task": "temporal_sequences",
    "expert_name": [
        "r-three/lora_baseline_lr3e-4_step400_rank64_temporal_sequences",
        "leedahyeon/0221_gamsa_test_cp3000",
        "phungkhaccuong/afbdf303-5ec3-cb90-b17b-283c6f8ad70b",
        "CounterNarratives/Meta-Llama-3.1-8B-Instruct_english_premises_a",
        "britojr/llama3.1-sec10q_v2"
    ],
    "valid_accuracy": 1.0,
    "test_accuracy": 1.0,
    "weights": [
        0.4999528846579114,
        -5.43649559794657e-05,
        -0.0001269128326410062,
        -6.65183929143709e-05,
        0.0001481689933382477
    ]
}