{
    "task": "aqua_rat",
    "expert_name": [
        "r-three/lora_baseline_lr3e-4_step400_rank64_aqua_rat",
        "leedahyeon/0221_gamsa_test_cp3000",
        "phungkhaccuong/afbdf303-5ec3-cb90-b17b-283c6f8ad70b",
        "CounterNarratives/Meta-Llama-3.1-8B-Instruct_english_premises_a",
        "britojr/llama3.1-sec10q_v2"
    ],
    "valid_accuracy": 0.1,
    "test_accuracy": 0.29133858267716534,
    "weights": [
        0.7304545322864398,
        0.3414412451700484,
        -0.00649525550920709,
        -0.022031260265034474,
        0.013748874195340634
    ]
}