{
    "task": "super_glue_wsc",
    "expert_name": [
        "r-three/lora_baseline_lr3e-4_step400_rank64_super_glue_wsc",
        "leedahyeon/0221_gamsa_test_cp3000",
        "phungkhaccuong/afbdf303-5ec3-cb90-b17b-283c6f8ad70b",
        "CounterNarratives/Meta-Llama-3.1-8B-Instruct_english_premises_a",
        "britojr/llama3.1-sec10q_v2"
    ],
    "valid_accuracy": 0.6,
    "test_accuracy": 0.4107142857142857,
    "weights": [
        1.1242009725500965,
        0.5279269395744861,
        -0.11999735627109852,
        -0.07074584511356512,
        -0.13779467166560766
    ]
}