{
    "task": "super_glue_wic",
    "expert_name": [
        "daje/model_5e-05_alpha-128_r-256",
        "LangAGI-Lab/Meta-Llama-3.1-8B-Instruct-WM-bootstrapped-16k-adapter",
        "datlaaaaaaa/cf707148-8a14-4b17-af50-c0c419a06bb2",
        "chchen/Llama-3.1-8B-Instruct-PsyCourse-info-chain-fold9",
        "chanadda/Meta-Llama-3.1-8B-Instruct-pantip"
    ],
    "valid_accuracy": 0.55,
    "test_accuracy": 0.572744014732965,
    "weights": [
        0.09048688266716316,
        1.0982727378519934,
        -0.03456293200687889,
        0.5543273431830116,
        0.017743738477711126
    ]
}