{
    "task": "xnli_en",
    "expert_name": [
        "r-three/lora_baseline_lr3e-4_step400_rank64_xnli_en",
        "leedahyeon/0221_gamsa_test_cp3000",
        "phungkhaccuong/afbdf303-5ec3-cb90-b17b-283c6f8ad70b",
        "CounterNarratives/Meta-Llama-3.1-8B-Instruct_english_premises_a",
        "britojr/llama3.1-sec10q_v2",
        "Atharva-07/classification_task",
        "aleegis10/8ed9fe91-c2b5-42ca-8efb-927b4c8fbf45",
        "robiulawaldev/da92a142-8a96-438e-80b3-13cf5e027f66",
        "LangAGI-Lab/Meta-Llama-3.1-8B-Instruct-WM-acctree-16k-75-adapter-new",
        "clembench-playpen/Llama-3-Clembench-Runs-Successful-Episodes_Top_10_Models_Individual_QA_adapted_image_game"
    ],
    "valid_accuracy": 0.55,
    "test_accuracy": 0.6892,
    "weights": [
        0.6964259528671113,
        0.4631177026930616,
        -0.06083318028689706,
        -0.012981842242353601,
        -0.06967608890960587,
        -0.03291399953044607,
        -0.06295757487746775,
        -0.04793085369081824,
        -0.006842504552576889,
        -0.026290101254559155
    ]
}