{
    "task": "xnli_fr",
    "expert_name": [
        "r-three/lora_baseline_lr3e-4_step400_rank64_xnli_fr",
        "tanatapanun/Meta-Llama-3.1-8B-Instruct-NoteChat-32r-train-dataset-1-epochs-document-prompt-token-4096",
        "leedahyeon/0221_all_llama31_docs_cp3500",
        "minhtrannnn/0d5d4d02-c5c0-4607-b69a-0ddd8845e6f7",
        "robiulawaldev/da92a142-8a96-438e-80b3-13cf5e027f66",
        "gotzmann/1JV44C2nd",
        "chchen/Llama-3.1-8B-Instruct-PsyCourse-doc-info-fold8",
        "daje/model_2e-4",
        "laquythang/07d7800a-5441-44b2-8e4b-5b1f2fb61a61",
        "prxy5606/98345738-30aa-41c4-bf69-2392a1ce4d0a",
        "LangAGI-Lab/Meta-Llama-3.1-8B-Instruct-WM-bootstrapped-16k-adapter",
        "myhaaaaaaa/2bd8eab3-2f15-4917-83d4-5245c3b84852",
        "CharlesLi/llama_3_unsafe_helpful",
        "mohmzm/llama_3_1_8b_instruct_document_relevance_test",
        "chchen/Llama-3.1-8B-Instruct-SAA-700",
        "GaetanMichelet/Llama-31-8B_task-2_180-samples_config-1_full",
        "EdBergJr/tablets_baha_arabic",
        "GaetanMichelet/Llama-31-8B_task-1_60-samples_config-1_full_auto",
        "nomadrp/tq-6-langs",
        "0x1202/0fa06e19-bb47-4f8b-9cc3-fa3e8c3c0982"
    ],
    "valid_accuracy": 0.9,
    "test_accuracy": 0.7182,
    "weights": [
        1.013780850423625,
        0.8180413717510566,
        0.7458724631544899,
        0.025020428813223413,
        0.38588831007176605,
        -0.10550077386274999,
        -0.15953988806545782,
        -0.5612976267630361,
        -0.13105434711218114,
        0.1591703432470711,
        -0.1299496241901018,
        -0.15719904793445247,
        -0.1931944869018189,
        0.1452368047103642,
        -0.1892640832650601,
        -0.4147076037670599,
        -0.031015818904479103,
        0.22434200470802498,
        0.4496197625006934,
        -0.3579467427778348
    ]
}