{
    "task": "machine_paraphrase_dataset",
    "expert_name": [
        "r-three/lora_baseline_lr3e-4_step400_rank64_machine_paraphrase_dataset",
        "tanatapanun/Meta-Llama-3.1-8B-Instruct-NoteChat-32r-train-dataset-1-epochs-document-prompt-token-4096",
        "leedahyeon/0221_all_llama31_docs_cp3500",
        "minhtrannnn/0d5d4d02-c5c0-4607-b69a-0ddd8845e6f7",
        "robiulawaldev/da92a142-8a96-438e-80b3-13cf5e027f66",
        "gotzmann/1JV44C2nd",
        "chchen/Llama-3.1-8B-Instruct-PsyCourse-doc-info-fold8",
        "daje/model_2e-4",
        "laquythang/07d7800a-5441-44b2-8e4b-5b1f2fb61a61",
        "prxy5606/98345738-30aa-41c4-bf69-2392a1ce4d0a"
    ],
    "valid_accuracy": 1.0,
    "test_accuracy": 0.9111822364472895,
    "weights": [
        0.6271102111136823,
        0.4695914904528921,
        0.3431777298044821,
        -0.2812193639384486,
        -0.0025679404765368247,
        0.5076175631726825,
        0.3913972876723924,
        0.5074156714493495,
        0.600202513880197,
        0.5726257266135633
    ]
}