{
    "task": "tracking_shuffled_objects",
    "expert_name": [
        "r-three/lora_baseline_lr3e-4_step400_rank64_tracking_shuffled_objects",
        "leedahyeon/0221_gamsa_test_cp3000",
        "phungkhaccuong/afbdf303-5ec3-cb90-b17b-283c6f8ad70b",
        "CounterNarratives/Meta-Llama-3.1-8B-Instruct_english_premises_a",
        "britojr/llama3.1-sec10q_v2"
    ],
    "valid_accuracy": 0.5,
    "test_accuracy": 0.296,
    "weights": [
        0.9902745774312516,
        0.19278454497893843,
        -0.08790921245760966,
        -0.006460804060297584,
        0.06089398236309047
    ]
}