{
    "task": "xnli_fr",
    "expert_name": [
        "daje/model_5e-05_alpha-128_r-256",
        "LangAGI-Lab/Meta-Llama-3.1-8B-Instruct-WM-bootstrapped-16k-adapter",
        "datlaaaaaaa/cf707148-8a14-4b17-af50-c0c419a06bb2",
        "chchen/Llama-3.1-8B-Instruct-PsyCourse-info-chain-fold9",
        "chanadda/Meta-Llama-3.1-8B-Instruct-pantip",
        "yadayadayada1927/16_model",
        "Cookieeeeeeeeeeeeeee/llama_custom_zero",
        "thaffggg/f11180f1-1b9d-4b3c-8eee-94e554cf0f06",
        "hongngo/612beea2-1e23-46e9-b772-5d201f773304",
        "barc0/induction-run2-gpt4omini-20k-100seeds-barc-llama3.1-8b-instruct-lora64_lr2e-4_epoch3",
        "clembench-playpen/llama-3.1-8B-Instruct-multi-step-collator_playpen_SFT-e3_DFINAL_0.7K-steps",
        "daje/model_2e-4_alpha-8_r-16",
        "Ozaii/Zephyrr",
        "chchen/Llama-3.1-8B-Instruct-PsyCourse-fold3",
        "thalllsssss/00a4666d-12ae-4972-9753-306a02cf9512",
        "nomadrp/tq-llama-sft-belebele",
        "lucy666/llama3.1-8B-Concise",
        "femT-data/llama-3.1-Instruct-finetuned-NER",
        "prxy5607/f59b404a-1d76-4c38-98b7-5a73c0ecea6e",
        "cshbi/fine_tune_output_eie_3.1"
    ],
    "valid_accuracy": 0.75,
    "test_accuracy": 0.6144,
    "weights": [
        -0.10243491623729495,
        0.1554123168894802,
        -0.016080372213503988,
        0.7935582996871643,
        0.584029375414784,
        0.48524152370822793,
        -0.16071975275322953,
        0.2343189893961713,
        0.7636384597294829,
        -0.1285893126609911,
        0.6932225293754086,
        -0.299749053457643,
        0.005545598574944602,
        0.4806308404339731,
        0.010968449460366646,
        0.6708700901658659,
        0.0010241854969901634,
        0.5025460536587905,
        -0.020659850238318123,
        0.48481614594702716
    ]
}