{
    "task": "qa_wikidata",
    "expert_name": [
        "leedahyeon/0221_gamsa_test_cp3000",
        "phungkhaccuong/afbdf303-5ec3-cb90-b17b-283c6f8ad70b",
        "CounterNarratives/Meta-Llama-3.1-8B-Instruct_english_premises_a",
        "britojr/llama3.1-sec10q_v2",
        "Atharva-07/classification_task",
        "aleegis10/8ed9fe91-c2b5-42ca-8efb-927b4c8fbf45",
        "robiulawaldev/da92a142-8a96-438e-80b3-13cf5e027f66",
        "LangAGI-Lab/Meta-Llama-3.1-8B-Instruct-WM-acctree-16k-75-adapter-new",
        "clembench-playpen/Llama-3-Clembench-Runs-Successful-Episodes_Top_10_Models_Individual_QA_adapted_image_game",
        "Yossim/fine_tuned_llama2"
    ],
    "valid_accuracy": 0.85,
    "test_accuracy": 0.7080684596577017,
    "weights": [
        0.16837536687547583,
        0.031035837548426072,
        0.06496010007997924,
        0.3981202668425424,
        -0.671539115441191,
        0.5118244101170237,
        0.5859405099427507,
        0.036404700296251036,
        0.7393987050485963,
        -0.10717288167760808
    ]
}