{
    "task": "gsm8k",
    "expert_name": [
        "r-three/lora_baseline_lr3e-4_step400_rank64_gsm8k",
        "daje/model_5e-05_alpha-128_r-256",
        "LangAGI-Lab/Meta-Llama-3.1-8B-Instruct-WM-bootstrapped-16k-adapter",
        "datlaaaaaaa/cf707148-8a14-4b17-af50-c0c419a06bb2",
        "chchen/Llama-3.1-8B-Instruct-PsyCourse-info-chain-fold9",
        "chanadda/Meta-Llama-3.1-8B-Instruct-pantip",
        "yadayadayada1927/16_model",
        "Cookieeeeeeeeeeeeeee/llama_custom_zero",
        "thaffggg/f11180f1-1b9d-4b3c-8eee-94e554cf0f06",
        "hongngo/612beea2-1e23-46e9-b772-5d201f773304",
        "barc0/induction-run2-gpt4omini-20k-100seeds-barc-llama3.1-8b-instruct-lora64_lr2e-4_epoch3",
        "clembench-playpen/llama-3.1-8B-Instruct-multi-step-collator_playpen_SFT-e3_DFINAL_0.7K-steps",
        "daje/model_2e-4_alpha-8_r-16",
        "Ozaii/Zephyrr",
        "chchen/Llama-3.1-8B-Instruct-PsyCourse-fold3",
        "thalllsssss/00a4666d-12ae-4972-9753-306a02cf9512",
        "nomadrp/tq-llama-sft-belebele",
        "lucy666/llama3.1-8B-Concise",
        "femT-data/llama-3.1-Instruct-finetuned-NER",
        "prxy5607/f59b404a-1d76-4c38-98b7-5a73c0ecea6e"
    ],
    "valid_accuracy": 0.7,
    "test_accuracy": 0.643669446550417,
    "weights": [
        1.1335583285179915,
        0.5236430749196009,
        0.30430417049343694,
        0.2698083563272315,
        0.18028821576398488,
        0.2754751182973555,
        -0.0408591274289934,
        0.1111919004942687,
        0.022036970321165764,
        0.06615440083819776,
        0.08490712394049109,
        0.1659874518002509,
        0.07745619223244277,
        0.3967948081899722,
        0.053055670790387276,
        -0.026759481004529934,
        0.3809948884778727,
        0.08016492810953373,
        0.026801456920150766,
        -0.0068967032498496224
    ]
}