{
    "task": "race_high",
    "expert_name": [
        "r-three/lora_baseline_lr3e-4_step400_rank64_race_high",
        "leedahyeon/0221_gamsa_test_cp3000",
        "phungkhaccuong/afbdf303-5ec3-cb90-b17b-283c6f8ad70b",
        "CounterNarratives/Meta-Llama-3.1-8B-Instruct_english_premises_a",
        "britojr/llama3.1-sec10q_v2"
    ],
    "valid_accuracy": 0.75,
    "test_accuracy": 0.7615780445969125,
    "weights": [
        0.8571724991252588,
        0.27990744360730024,
        -0.14063721657216033,
        -0.2531089441868013,
        -0.004444070421391388
    ]
}