{
    "task": "quail",
    "expert_name": [
        "r-three/lora_baseline_10_lr3e-4_step100_rank64_quail",
        "tanatapanun/Meta-Llama-3.1-8B-Instruct-NoteChat-32r-train-dataset-1-epochs-document-prompt-token-4096",
        "leedahyeon/0221_all_llama31_docs_cp3500",
        "minhtrannnn/0d5d4d02-c5c0-4607-b69a-0ddd8845e6f7",
        "robiulawaldev/da92a142-8a96-438e-80b3-13cf5e027f66",
        "gotzmann/1JV44C2nd",
        "chchen/Llama-3.1-8B-Instruct-PsyCourse-doc-info-fold8",
        "daje/model_2e-4",
        "laquythang/07d7800a-5441-44b2-8e4b-5b1f2fb61a61",
        "prxy5606/98345738-30aa-41c4-bf69-2392a1ce4d0a",
        "LangAGI-Lab/Meta-Llama-3.1-8B-Instruct-WM-bootstrapped-16k-adapter",
        "myhaaaaaaa/2bd8eab3-2f15-4917-83d4-5245c3b84852",
        "CharlesLi/llama_3_unsafe_helpful",
        "mohmzm/llama_3_1_8b_instruct_document_relevance_test",
        "chchen/Llama-3.1-8B-Instruct-SAA-700",
        "GaetanMichelet/Llama-31-8B_task-2_180-samples_config-1_full",
        "EdBergJr/tablets_baha_arabic",
        "GaetanMichelet/Llama-31-8B_task-1_60-samples_config-1_full_auto",
        "nomadrp/tq-6-langs",
        "0x1202/0fa06e19-bb47-4f8b-9cc3-fa3e8c3c0982",
        "nhung03/8807e2a5-ff05-45b2-ab4b-a170e19c24b6",
        "npark95/qlora_llama3_0shot",
        "clembench-playpen/meta-llama-Meta-Llama-3.1-8B-Instruct_SFT_E1_D60006",
        "RoeReRe/Meta-LLama-3.1-8B-Instruct-Finetuned-Bias-4.5K",
        "estrogen/L3.1-8b-Ink-ep1-adpt",
        "Nevil9/PsyLlama",
        "MoreWrong/studybuddy",
        "clembench-playpen/meta-llama-Meta-Llama-3.1-8B-Instruct_SFT_D90003",
        "clembench-playpen/meta-llama-Meta-Llama-3.1-8B-Instruct_SFT_E1_D90000",
        "diagonalge/4ff3f177-6bb4-406d-b6ba-5fd891aee612"
    ],
    "train+valid_accuracy": 1.0,
    "test_accuracy": 0.7073170731707317,
    "weights": [
        0.5429595986459625,
        0.5550979236152789,
        0.4521824510909017,
        0.5021825755361379,
        -0.005179149128765418,
        -0.001283474238313601,
        -0.0015078896701512863,
        -0.0013350240764059495,
        -0.0021534948782876958,
        -0.006327769829002634,
        -0.003837891328556093,
        -0.0030937428854615067,
        -0.0020068474467659562,
        -0.00889311593407533,
        -0.003958260359197153,
        -0.0010957579760033761,
        -0.0010113648941916682,
        -0.0018882804434495388,
        -0.0006881286964186106,
        -0.0015444156111270651,
        -0.001805274995271458,
        -0.0011340351605180754,
        -0.0040585672227602945,
        -0.0013941837198774218,
        -0.006763557483140666,
        -0.004659928908295294,
        -0.0007654117628109454,
        0.042725696936755125,
        -0.0010686126555932898,
        -0.003161451723649119
    ]
}