{
    "task": "sciq",
    "expert_name": [
        "r-three/lora_baseline_lr3e-4_step400_rank64_sciq",
        "daje/model_5e-05_alpha-128_r-256",
        "LangAGI-Lab/Meta-Llama-3.1-8B-Instruct-WM-bootstrapped-16k-adapter",
        "datlaaaaaaa/cf707148-8a14-4b17-af50-c0c419a06bb2",
        "chchen/Llama-3.1-8B-Instruct-PsyCourse-info-chain-fold9"
    ],
    "valid_accuracy": 0.35,
    "test_accuracy": 0.453,
    "weights": [
        1.0646934238688186,
        -0.5440559388749664,
        0.5536543972717424,
        0.31630330322101247,
        0.6529087550264487
    ]
}