{
    "task": "reasoning_about_colored_objects",
    "expert_name": [
        "daje/model_5e-05_alpha-128_r-256",
        "LangAGI-Lab/Meta-Llama-3.1-8B-Instruct-WM-bootstrapped-16k-adapter",
        "datlaaaaaaa/cf707148-8a14-4b17-af50-c0c419a06bb2",
        "chchen/Llama-3.1-8B-Instruct-PsyCourse-info-chain-fold9",
        "chanadda/Meta-Llama-3.1-8B-Instruct-pantip"
    ],
    "valid_accuracy": 0.4,
    "test_accuracy": 0.37875,
    "weights": [
        0.5933827695788366,
        -0.06894849626227467,
        0.6843750642071543,
        0.6708302396990706,
        0.93507933949383
    ]
}