{
    "task": "web_of_lies",
    "expert_name": [
        "r-three/lora_baseline_lr3e-4_step400_rank64_web_of_lies",
        "tanatapanun/Meta-Llama-3.1-8B-Instruct-NoteChat-32r-train-dataset-1-epochs-document-prompt-token-4096",
        "leedahyeon/0221_all_llama31_docs_cp3500",
        "minhtrannnn/0d5d4d02-c5c0-4607-b69a-0ddd8845e6f7",
        "robiulawaldev/da92a142-8a96-438e-80b3-13cf5e027f66",
        "gotzmann/1JV44C2nd",
        "chchen/Llama-3.1-8B-Instruct-PsyCourse-doc-info-fold8",
        "daje/model_2e-4",
        "laquythang/07d7800a-5441-44b2-8e4b-5b1f2fb61a61",
        "prxy5606/98345738-30aa-41c4-bf69-2392a1ce4d0a",
        "LangAGI-Lab/Meta-Llama-3.1-8B-Instruct-WM-bootstrapped-16k-adapter",
        "myhaaaaaaa/2bd8eab3-2f15-4917-83d4-5245c3b84852",
        "CharlesLi/llama_3_unsafe_helpful",
        "mohmzm/llama_3_1_8b_instruct_document_relevance_test",
        "chchen/Llama-3.1-8B-Instruct-SAA-700",
        "GaetanMichelet/Llama-31-8B_task-2_180-samples_config-1_full",
        "EdBergJr/tablets_baha_arabic",
        "GaetanMichelet/Llama-31-8B_task-1_60-samples_config-1_full_auto",
        "nomadrp/tq-6-langs",
        "0x1202/0fa06e19-bb47-4f8b-9cc3-fa3e8c3c0982"
    ],
    "valid_accuracy": 0.6,
    "test_accuracy": 0.5637583892617449,
    "weights": [
        0.511051132054724,
        0.495653182179969,
        0.4905227347463142,
        -0.0006352862671325139,
        -0.003613902425310674,
        -0.020660248957041268,
        0.01142039660343694,
        -0.0007838172450083027,
        0.5004239240862304,
        -0.0170419177007023,
        0.5175790840905571,
        -0.015086257607687762,
        -0.01484974319234314,
        0.015863551238834803,
        -0.05037689559094591,
        0.010282398226380166,
        0.0021402554407894017,
        -0.005026642920213492,
        -0.024071336759422513,
        0.013676881076627824
    ]
}