{
    "task": "reasoning_about_colored_objects",
    "expert_name": [
        "leedahyeon/0221_gamsa_test_cp3000",
        "phungkhaccuong/afbdf303-5ec3-cb90-b17b-283c6f8ad70b",
        "CounterNarratives/Meta-Llama-3.1-8B-Instruct_english_premises_a",
        "britojr/llama3.1-sec10q_v2",
        "Atharva-07/classification_task",
        "aleegis10/8ed9fe91-c2b5-42ca-8efb-927b4c8fbf45",
        "robiulawaldev/da92a142-8a96-438e-80b3-13cf5e027f66",
        "LangAGI-Lab/Meta-Llama-3.1-8B-Instruct-WM-acctree-16k-75-adapter-new",
        "clembench-playpen/Llama-3-Clembench-Runs-Successful-Episodes_Top_10_Models_Individual_QA_adapted_image_game",
        "Yossim/fine_tuned_llama2"
    ],
    "valid_accuracy": 0.55,
    "test_accuracy": 0.47875,
    "weights": [
        0.020892067290092138,
        0.5169921168315101,
        0.5299610901196983,
        0.5760198937334955,
        0.06689132152813486,
        0.4533245882449243,
        -0.03847100838478442,
        -0.024534891838625717,
        0.04363698844453241,
        -0.0024891036650135034
    ]
}