{
    "task": "race_high",
    "expert_name": [
        "r-three/lora_baseline_lr3e-4_step400_rank64_race_high",
        "daje/model_5e-05_alpha-128_r-256",
        "LangAGI-Lab/Meta-Llama-3.1-8B-Instruct-WM-bootstrapped-16k-adapter",
        "datlaaaaaaa/cf707148-8a14-4b17-af50-c0c419a06bb2",
        "chchen/Llama-3.1-8B-Instruct-PsyCourse-info-chain-fold9",
        "chanadda/Meta-Llama-3.1-8B-Instruct-pantip",
        "yadayadayada1927/16_model",
        "Cookieeeeeeeeeeeeeee/llama_custom_zero",
        "thaffggg/f11180f1-1b9d-4b3c-8eee-94e554cf0f06",
        "hongngo/612beea2-1e23-46e9-b772-5d201f773304",
        "barc0/induction-run2-gpt4omini-20k-100seeds-barc-llama3.1-8b-instruct-lora64_lr2e-4_epoch3",
        "clembench-playpen/llama-3.1-8B-Instruct-multi-step-collator_playpen_SFT-e3_DFINAL_0.7K-steps",
        "daje/model_2e-4_alpha-8_r-16",
        "Ozaii/Zephyrr",
        "chchen/Llama-3.1-8B-Instruct-PsyCourse-fold3",
        "thalllsssss/00a4666d-12ae-4972-9753-306a02cf9512",
        "nomadrp/tq-llama-sft-belebele",
        "lucy666/llama3.1-8B-Concise",
        "femT-data/llama-3.1-Instruct-finetuned-NER",
        "prxy5607/f59b404a-1d76-4c38-98b7-5a73c0ecea6e"
    ],
    "valid_accuracy": 0.85,
    "test_accuracy": 0.76357918810749,
    "weights": [
        0.9324490824445332,
        0.04343272385581513,
        0.9362056623277841,
        -0.006032682106554396,
        0.17883724377127017,
        -0.15609914153701815,
        -0.14246077677772107,
        -0.2677987704374932,
        1.2714781523291,
        -0.0022918537982057246,
        0.23454628836238575,
        0.16527208926687212,
        -0.02703047984720506,
        0.10628890859614754,
        -0.037461792840808,
        -0.13374229383046005,
        -0.34661753930718314,
        0.1911538954582004,
        0.07781308851242243,
        -0.28399424664714956
    ]
}