{
    "task": "gsm8k",
    "expert_name": [
        "r-three/lora_baseline_lr3e-4_step400_rank64_gsm8k",
        "daje/model_5e-05_alpha-128_r-256",
        "LangAGI-Lab/Meta-Llama-3.1-8B-Instruct-WM-bootstrapped-16k-adapter",
        "datlaaaaaaa/cf707148-8a14-4b17-af50-c0c419a06bb2",
        "chchen/Llama-3.1-8B-Instruct-PsyCourse-info-chain-fold9",
        "chanadda/Meta-Llama-3.1-8B-Instruct-pantip",
        "yadayadayada1927/16_model",
        "Cookieeeeeeeeeeeeeee/llama_custom_zero",
        "thaffggg/f11180f1-1b9d-4b3c-8eee-94e554cf0f06",
        "hongngo/612beea2-1e23-46e9-b772-5d201f773304",
        "barc0/induction-run2-gpt4omini-20k-100seeds-barc-llama3.1-8b-instruct-lora64_lr2e-4_epoch3",
        "clembench-playpen/llama-3.1-8B-Instruct-multi-step-collator_playpen_SFT-e3_DFINAL_0.7K-steps",
        "daje/model_2e-4_alpha-8_r-16",
        "Ozaii/Zephyrr",
        "chchen/Llama-3.1-8B-Instruct-PsyCourse-fold3",
        "thalllsssss/00a4666d-12ae-4972-9753-306a02cf9512",
        "nomadrp/tq-llama-sft-belebele",
        "lucy666/llama3.1-8B-Concise",
        "femT-data/llama-3.1-Instruct-finetuned-NER",
        "prxy5607/f59b404a-1d76-4c38-98b7-5a73c0ecea6e",
        "cshbi/fine_tune_output_eie_3.1",
        "Alphatao/9176ae39-6635-4492-ae61-927f06585355",
        "minhtrannnn/3f048b0f-bb1e-4f5d-b68c-679dc5f1dd96",
        "XicoC/llama381binstruct_summarize_short",
        "chchen/Llama-3.1-8B-Instruct-SFT-1000",
        "leedahyeon/0219_all_llama31_cp3500",
        "ciloku/ceee306b-b546-42b7-99ba-fef7fcc1bd26",
        "chauhoang/a7b71eb1-db0f-4c12-ae7f-75544046c341",
        "GaetanMichelet/Llama-31-8B_task-3_180-samples_config-1",
        "Hiranmai49/Llama-3.1-8B-Instruct-contracts-pretrainLlama3.18b"
    ],
    "valid_accuracy": 0.65,
    "test_accuracy": 0.6141015921152388,
    "weights": [
        1.1053357251722118,
        0.16072382398560545,
        0.46229649464410805,
        0.49755354303473254,
        0.5091148746290534,
        0.5139200328527591,
        -0.03699201023737328,
        -0.2508907194488507,
        0.5067904008034951,
        0.26066313237058236,
        -0.03659500165210907,
        -0.04912475420545527,
        -0.21267862110490784,
        0.08075356426616416,
        -0.03972876961756235,
        0.09104792525047584,
        0.33508965428217125,
        -0.00212993538849135,
        0.00573692821637273,
        -0.23319188036380548,
        0.008663131109379715,
        0.016837098667876235,
        -0.012343097453510064,
        -0.021473235224900765,
        -0.023883735499625528,
        -0.018254902803955603,
        -0.020587030271322734,
        -0.27397593027960326,
        0.4680891780244232,
        -0.008777310107899871
    ]
}