{
    "task": "web_of_lies",
    "expert_name": [
        "r-three/lora_baseline_lr3e-4_step400_rank64_web_of_lies",
        "daje/model_5e-05_alpha-128_r-256",
        "LangAGI-Lab/Meta-Llama-3.1-8B-Instruct-WM-bootstrapped-16k-adapter",
        "datlaaaaaaa/cf707148-8a14-4b17-af50-c0c419a06bb2",
        "chchen/Llama-3.1-8B-Instruct-PsyCourse-info-chain-fold9",
        "chanadda/Meta-Llama-3.1-8B-Instruct-pantip",
        "yadayadayada1927/16_model",
        "Cookieeeeeeeeeeeeeee/llama_custom_zero",
        "thaffggg/f11180f1-1b9d-4b3c-8eee-94e554cf0f06",
        "hongngo/612beea2-1e23-46e9-b772-5d201f773304",
        "barc0/induction-run2-gpt4omini-20k-100seeds-barc-llama3.1-8b-instruct-lora64_lr2e-4_epoch3",
        "clembench-playpen/llama-3.1-8B-Instruct-multi-step-collator_playpen_SFT-e3_DFINAL_0.7K-steps",
        "daje/model_2e-4_alpha-8_r-16",
        "Ozaii/Zephyrr",
        "chchen/Llama-3.1-8B-Instruct-PsyCourse-fold3",
        "thalllsssss/00a4666d-12ae-4972-9753-306a02cf9512",
        "nomadrp/tq-llama-sft-belebele",
        "lucy666/llama3.1-8B-Concise",
        "femT-data/llama-3.1-Instruct-finetuned-NER",
        "prxy5607/f59b404a-1d76-4c38-98b7-5a73c0ecea6e",
        "cshbi/fine_tune_output_eie_3.1",
        "Alphatao/9176ae39-6635-4492-ae61-927f06585355",
        "minhtrannnn/3f048b0f-bb1e-4f5d-b68c-679dc5f1dd96",
        "XicoC/llama381binstruct_summarize_short",
        "chchen/Llama-3.1-8B-Instruct-SFT-1000",
        "leedahyeon/0219_all_llama31_cp3500",
        "ciloku/ceee306b-b546-42b7-99ba-fef7fcc1bd26",
        "chauhoang/a7b71eb1-db0f-4c12-ae7f-75544046c341",
        "GaetanMichelet/Llama-31-8B_task-3_180-samples_config-1",
        "Hiranmai49/Llama-3.1-8B-Instruct-contracts-pretrainLlama3.18b"
    ],
    "valid_accuracy": 0.6,
    "test_accuracy": 0.5687919463087249,
    "weights": [
        0.5000091139036098,
        0.49998735121653304,
        1.8067074433610305e-05,
        1.4242174999233881e-05,
        9.376969987538248e-06,
        -0.018944046703251363,
        0.006298023959575881,
        0.006297382984974511,
        0.5062966231860656,
        1.153714418464279e-06,
        2.2052136736486155e-06,
        1.168578548100624e-06,
        -0.018724221206508396,
        1.134900205529703e-06,
        1.134900205529703e-06,
        1.134900205529703e-06,
        1.134900205529703e-06,
        1.134900205529703e-06,
        1.134900205529703e-06,
        3.9760164396506184e-06,
        1.134900205529703e-06,
        0.01217742217648951,
        1.134900205529703e-06,
        2.093534024320081e-06,
        2.053105682398436e-05,
        1.6443429507319344e-05,
        1.134900205529703e-06,
        0.016565045372186813,
        1.134900205529703e-06,
        1.134900205529703e-06
    ]
}