{
    "task": "arc_challenge",
    "expert_name": [
        "leedahyeon/0221_gamsa_test_cp3000",
        "phungkhaccuong/afbdf303-5ec3-cb90-b17b-283c6f8ad70b",
        "CounterNarratives/Meta-Llama-3.1-8B-Instruct_english_premises_a",
        "britojr/llama3.1-sec10q_v2",
        "Atharva-07/classification_task",
        "aleegis10/8ed9fe91-c2b5-42ca-8efb-927b4c8fbf45",
        "robiulawaldev/da92a142-8a96-438e-80b3-13cf5e027f66",
        "LangAGI-Lab/Meta-Llama-3.1-8B-Instruct-WM-acctree-16k-75-adapter-new",
        "clembench-playpen/Llama-3-Clembench-Runs-Successful-Episodes_Top_10_Models_Individual_QA_adapted_image_game",
        "Yossim/fine_tuned_llama2"
    ],
    "valid_accuracy": 0.8,
    "test_accuracy": 0.7406143344709898,
    "weights": [
        -0.01090616234124334,
        -0.24933668568667058,
        0.0038363308586745397,
        0.5139653439174503,
        0.49943510276260783,
        0.5199613032859395,
        -0.005758717967620875,
        0.47925480001062865,
        0.006764158218744173,
        -0.05276062951562694
    ]
}