{
    "task": "glue_qqp",
    "expert_name": [
        "r-three/lora_baseline_lr3e-4_step400_rank64_glue_qqp",
        "daje/model_5e-05_alpha-128_r-256",
        "LangAGI-Lab/Meta-Llama-3.1-8B-Instruct-WM-bootstrapped-16k-adapter",
        "datlaaaaaaa/cf707148-8a14-4b17-af50-c0c419a06bb2",
        "chchen/Llama-3.1-8B-Instruct-PsyCourse-info-chain-fold9",
        "chanadda/Meta-Llama-3.1-8B-Instruct-pantip",
        "yadayadayada1927/16_model",
        "Cookieeeeeeeeeeeeeee/llama_custom_zero",
        "thaffggg/f11180f1-1b9d-4b3c-8eee-94e554cf0f06",
        "hongngo/612beea2-1e23-46e9-b772-5d201f773304"
    ],
    "valid_accuracy": 0.7,
    "test_accuracy": 0.8044,
    "weights": [
        0.8482638635055503,
        0.13344382547319555,
        0.6032633573113744,
        -0.0382368748211362,
        0.5551857486126903,
        0.014806307513465363,
        0.04272686224896336,
        -0.02364223248708861,
        -0.04638304913537712,
        -0.022508126274916482
    ]
}