{
    "task": "tweet_eval_hate",
    "expert_name": [
        "r-three/lora_baseline_lr3e-4_step400_rank64_tweet_eval_hate",
        "leedahyeon/0221_gamsa_test_cp3000",
        "phungkhaccuong/afbdf303-5ec3-cb90-b17b-283c6f8ad70b",
        "CounterNarratives/Meta-Llama-3.1-8B-Instruct_english_premises_a",
        "britojr/llama3.1-sec10q_v2",
        "Atharva-07/classification_task",
        "aleegis10/8ed9fe91-c2b5-42ca-8efb-927b4c8fbf45",
        "robiulawaldev/da92a142-8a96-438e-80b3-13cf5e027f66",
        "LangAGI-Lab/Meta-Llama-3.1-8B-Instruct-WM-acctree-16k-75-adapter-new",
        "clembench-playpen/Llama-3-Clembench-Runs-Successful-Episodes_Top_10_Models_Individual_QA_adapted_image_game",
        "Yossim/fine_tuned_llama2",
        "duyphu/e1bc4b5a-5af6-4ce2-be2d-622344438659",
        "tanatapanun/Meta-Llama-3.1-8B-Instruct-NoteChat-32r-train-dataset-1-epochs-document-prompt-token-4096",
        "developerssy/Meta-Llama-3.1-8B-skills",
        "ncbateman/65eaec89-ddb3-4b65-866f-c621f95eea55",
        "hansh/hansken_human_hql",
        "minhtrannnn/3f048b0f-bb1e-4f5d-b68c-679dc5f1dd96",
        "nhunglaaaaaaa/8efc2e7d-f7f6-46a4-83bd-bf5ae190a347",
        "datlaaaaaaa/5c74b710-f2b8-45a0-8bbb-8b3c49d26627",
        "mkopecki/chess-lora-adapter-fp-llama-3.1-8b"
    ],
    "valid_accuracy": 0.65,
    "test_accuracy": 0.5414141414141415,
    "weights": [
        0.644291122406895,
        0.2955910153130621,
        0.4697203250783866,
        0.02922724268660336,
        -0.009104388813148994,
        0.035406518204161325,
        -0.037370712716516756,
        0.06173211387147276,
        0.04571115305315194,
        0.04486458748818479,
        0.5564479090286362,
        -0.005929549245879307,
        -0.025441290497091994,
        -0.020336709693368406,
        -0.005865620972813445,
        -0.04264385640310145,
        -0.020227799116452262,
        -0.018643897552387028,
        -0.010074869836380153,
        -0.01080530586028417
    ]
}