{
    "task": "quail",
    "expert_name": [
        "r-three/lora_baseline_lr3e-4_step400_rank64_quail",
        "leedahyeon/0221_gamsa_test_cp3000",
        "phungkhaccuong/afbdf303-5ec3-cb90-b17b-283c6f8ad70b",
        "CounterNarratives/Meta-Llama-3.1-8B-Instruct_english_premises_a",
        "britojr/llama3.1-sec10q_v2"
    ],
    "valid_accuracy": 0.7,
    "test_accuracy": 0.7034146341463414,
    "weights": [
        0.9753992360276383,
        0.6154277117843809,
        0.013808348000363693,
        -0.02663587332363805,
        0.098505631905587
    ]
}