{
    "task": "intersect_geometry",
    "expert_name": [
        "r-three/lora_baseline_lr3e-4_step400_rank64_intersect_geometry",
        "leedahyeon/0221_gamsa_test_cp3000",
        "phungkhaccuong/afbdf303-5ec3-cb90-b17b-283c6f8ad70b",
        "CounterNarratives/Meta-Llama-3.1-8B-Instruct_english_premises_a",
        "britojr/llama3.1-sec10q_v2",
        "Atharva-07/classification_task",
        "aleegis10/8ed9fe91-c2b5-42ca-8efb-927b4c8fbf45",
        "robiulawaldev/da92a142-8a96-438e-80b3-13cf5e027f66",
        "LangAGI-Lab/Meta-Llama-3.1-8B-Instruct-WM-acctree-16k-75-adapter-new",
        "clembench-playpen/Llama-3-Clembench-Runs-Successful-Episodes_Top_10_Models_Individual_QA_adapted_image_game",
        "Yossim/fine_tuned_llama2",
        "duyphu/e1bc4b5a-5af6-4ce2-be2d-622344438659",
        "tanatapanun/Meta-Llama-3.1-8B-Instruct-NoteChat-32r-train-dataset-1-epochs-document-prompt-token-4096",
        "developerssy/Meta-Llama-3.1-8B-skills",
        "ncbateman/65eaec89-ddb3-4b65-866f-c621f95eea55",
        "hansh/hansken_human_hql",
        "minhtrannnn/3f048b0f-bb1e-4f5d-b68c-679dc5f1dd96",
        "nhunglaaaaaaa/8efc2e7d-f7f6-46a4-83bd-bf5ae190a347",
        "datlaaaaaaa/5c74b710-f2b8-45a0-8bbb-8b3c49d26627",
        "mkopecki/chess-lora-adapter-fp-llama-3.1-8b"
    ],
    "valid_accuracy": 0.25,
    "test_accuracy": 0.2,
    "weights": [
        0.9752015933184727,
        0.48749134993332355,
        -0.07255566361457266,
        0.12493366996336944,
        -0.0815571676293014,
        -0.09094685472010101,
        0.19021656409568538,
        -0.02980733814767301,
        0.695762735016035,
        0.39768367415785916,
        0.1622134201409699,
        -0.1634558921031393,
        0.030215294230064284,
        0.1505193301013359,
        0.05198279535324799,
        0.424549888348985,
        -0.11005302518503969,
        -0.02592155713488681,
        -0.32731883681996665,
        0.5727874619665737
    ]
}