{
    "task": "hyperbaton",
    "expert_name": [
        "daje/model_5e-05_alpha-128_r-256",
        "LangAGI-Lab/Meta-Llama-3.1-8B-Instruct-WM-bootstrapped-16k-adapter",
        "datlaaaaaaa/cf707148-8a14-4b17-af50-c0c419a06bb2",
        "chchen/Llama-3.1-8B-Instruct-PsyCourse-info-chain-fold9",
        "chanadda/Meta-Llama-3.1-8B-Instruct-pantip",
        "yadayadayada1927/16_model",
        "Cookieeeeeeeeeeeeeee/llama_custom_zero",
        "thaffggg/f11180f1-1b9d-4b3c-8eee-94e554cf0f06",
        "hongngo/612beea2-1e23-46e9-b772-5d201f773304",
        "barc0/induction-run2-gpt4omini-20k-100seeds-barc-llama3.1-8b-instruct-lora64_lr2e-4_epoch3",
        "clembench-playpen/llama-3.1-8B-Instruct-multi-step-collator_playpen_SFT-e3_DFINAL_0.7K-steps",
        "daje/model_2e-4_alpha-8_r-16",
        "Ozaii/Zephyrr",
        "chchen/Llama-3.1-8B-Instruct-PsyCourse-fold3",
        "thalllsssss/00a4666d-12ae-4972-9753-306a02cf9512",
        "nomadrp/tq-llama-sft-belebele",
        "lucy666/llama3.1-8B-Concise",
        "femT-data/llama-3.1-Instruct-finetuned-NER",
        "prxy5607/f59b404a-1d76-4c38-98b7-5a73c0ecea6e",
        "cshbi/fine_tune_output_eie_3.1",
        "Alphatao/9176ae39-6635-4492-ae61-927f06585355",
        "minhtrannnn/3f048b0f-bb1e-4f5d-b68c-679dc5f1dd96",
        "XicoC/llama381binstruct_summarize_short",
        "chchen/Llama-3.1-8B-Instruct-SFT-1000",
        "leedahyeon/0219_all_llama31_cp3500",
        "ciloku/ceee306b-b546-42b7-99ba-fef7fcc1bd26",
        "chauhoang/a7b71eb1-db0f-4c12-ae7f-75544046c341",
        "GaetanMichelet/Llama-31-8B_task-3_180-samples_config-1",
        "Hiranmai49/Llama-3.1-8B-Instruct-contracts-pretrainLlama3.18b",
        "nhungphammmmm/02e0c6ce-07ec-4fa6-b963-1642c8120d72"
    ],
    "valid_accuracy": 0.8,
    "test_accuracy": 0.797,
    "weights": [
        -0.28543503887015775,
        0.2254226764446937,
        0.5134245302972108,
        0.6850480559466873,
        -0.2611561369007079,
        -0.16574113034715854,
        -0.1954585941487876,
        0.433592850142576,
        -0.018460836460401198,
        -0.009420927753836194,
        -0.20852622772945054,
        -0.17287514562982942,
        -0.06813515884126597,
        0.2914670811126735,
        0.46623328187511265,
        0.5355473904546969,
        0.31901690137568883,
        0.12115668122124124,
        0.1670679678057788,
        0.1677402525361117,
        -0.18537165430113658,
        0.19589815018126502,
        0.2832985894871386,
        -0.23248874322985277,
        0.7495625804953793,
        0.05514053120459357,
        -0.07691727196230386,
        -0.0357368481199456,
        0.01951721045707331,
        1.0188423883944742
    ]
}