{
    "task": "web_of_lies",
    "expert_name": [
        "r-three/lora_baseline_lr3e-4_step400_rank64_web_of_lies",
        "leedahyeon/0221_gamsa_test_cp3000",
        "phungkhaccuong/afbdf303-5ec3-cb90-b17b-283c6f8ad70b",
        "CounterNarratives/Meta-Llama-3.1-8B-Instruct_english_premises_a",
        "britojr/llama3.1-sec10q_v2"
    ],
    "valid_accuracy": 0.6,
    "test_accuracy": 0.5536912751677853,
    "weights": [
        0.5018264128111108,
        0.49763250917023705,
        -0.02533141104616238,
        -0.005086429773416313,
        -0.00041053401666355936
    ]
}