{
    "task": "mmlu_pro",
    "expert_name": [
        "r-three/lora_baseline_lr3e-4_step400_rank64_mmlu_pro",
        "leedahyeon/0221_gamsa_test_cp3000",
        "phungkhaccuong/afbdf303-5ec3-cb90-b17b-283c6f8ad70b",
        "CounterNarratives/Meta-Llama-3.1-8B-Instruct_english_premises_a",
        "britojr/llama3.1-sec10q_v2",
        "Atharva-07/classification_task",
        "aleegis10/8ed9fe91-c2b5-42ca-8efb-927b4c8fbf45",
        "robiulawaldev/da92a142-8a96-438e-80b3-13cf5e027f66",
        "LangAGI-Lab/Meta-Llama-3.1-8B-Instruct-WM-acctree-16k-75-adapter-new",
        "clembench-playpen/Llama-3-Clembench-Runs-Successful-Episodes_Top_10_Models_Individual_QA_adapted_image_game",
        "Yossim/fine_tuned_llama2",
        "duyphu/e1bc4b5a-5af6-4ce2-be2d-622344438659",
        "tanatapanun/Meta-Llama-3.1-8B-Instruct-NoteChat-32r-train-dataset-1-epochs-document-prompt-token-4096",
        "developerssy/Meta-Llama-3.1-8B-skills",
        "ncbateman/65eaec89-ddb3-4b65-866f-c621f95eea55",
        "hansh/hansken_human_hql",
        "minhtrannnn/3f048b0f-bb1e-4f5d-b68c-679dc5f1dd96",
        "nhunglaaaaaaa/8efc2e7d-f7f6-46a4-83bd-bf5ae190a347",
        "datlaaaaaaa/5c74b710-f2b8-45a0-8bbb-8b3c49d26627",
        "mkopecki/chess-lora-adapter-fp-llama-3.1-8b"
    ],
    "valid_accuracy": 0.15,
    "test_accuracy": 0.19601328903654486,
    "weights": [
        0.9331305994067289,
        0.1502293631490933,
        -0.029006633437998634,
        -0.12696805589368695,
        0.05427162567304391,
        -0.19644033052265447,
        -0.19674958440728899,
        -0.15443592688519792,
        -0.0272006461860084,
        -0.20526634991577497,
        0.4616438758231731,
        0.14928352045200727,
        0.0687991970735029,
        -0.007740583613466859,
        0.1196797084746049,
        0.14704201950515994,
        0.006396419577287606,
        0.43884725789900025,
        0.5513605262504314,
        -0.0026916961816677407
    ]
}