{
    "task": "unarxive_imrad_clf",
    "expert_name": [
        "r-three/lora_baseline_lr3e-4_step400_rank64_unarxive_imrad_clf",
        "leedahyeon/0221_gamsa_test_cp3000",
        "phungkhaccuong/afbdf303-5ec3-cb90-b17b-283c6f8ad70b",
        "CounterNarratives/Meta-Llama-3.1-8B-Instruct_english_premises_a",
        "britojr/llama3.1-sec10q_v2"
    ],
    "valid_accuracy": 0.65,
    "test_accuracy": 0.667938165027103,
    "weights": [
        0.9971874441993833,
        0.3558138944290793,
        -0.03068769921694809,
        -0.2303969234590261,
        -0.10809721071725858
    ]
}