{
    "task": "hyperbaton",
    "expert_name": [
        "leedahyeon/0221_gamsa_test_cp3000",
        "phungkhaccuong/afbdf303-5ec3-cb90-b17b-283c6f8ad70b",
        "CounterNarratives/Meta-Llama-3.1-8B-Instruct_english_premises_a",
        "britojr/llama3.1-sec10q_v2",
        "Atharva-07/classification_task",
        "aleegis10/8ed9fe91-c2b5-42ca-8efb-927b4c8fbf45",
        "robiulawaldev/da92a142-8a96-438e-80b3-13cf5e027f66",
        "LangAGI-Lab/Meta-Llama-3.1-8B-Instruct-WM-acctree-16k-75-adapter-new",
        "clembench-playpen/Llama-3-Clembench-Runs-Successful-Episodes_Top_10_Models_Individual_QA_adapted_image_game",
        "Yossim/fine_tuned_llama2",
        "duyphu/e1bc4b5a-5af6-4ce2-be2d-622344438659",
        "tanatapanun/Meta-Llama-3.1-8B-Instruct-NoteChat-32r-train-dataset-1-epochs-document-prompt-token-4096",
        "developerssy/Meta-Llama-3.1-8B-skills",
        "ncbateman/65eaec89-ddb3-4b65-866f-c621f95eea55",
        "hansh/hansken_human_hql",
        "minhtrannnn/3f048b0f-bb1e-4f5d-b68c-679dc5f1dd96",
        "nhunglaaaaaaa/8efc2e7d-f7f6-46a4-83bd-bf5ae190a347",
        "datlaaaaaaa/5c74b710-f2b8-45a0-8bbb-8b3c49d26627",
        "mkopecki/chess-lora-adapter-fp-llama-3.1-8b",
        "llm-wizard/llama381binstruct_summarize"
    ],
    "valid_accuracy": 0.8,
    "test_accuracy": 0.7894,
    "weights": [
        -0.05811745775780915,
        -0.046776573374296866,
        -0.008785003922774858,
        0.02328384379478836,
        -0.06022920947618948,
        0.46937204747109035,
        0.4166707420521995,
        -0.25396606943762595,
        0.7708122675742657,
        0.5001673893641204,
        -0.2438003394416065,
        0.50013152795374,
        -0.00013152795373999748,
        -0.00013152795373999748,
        -0.00013152795373999748,
        -0.00013152795373999748,
        -0.00013152795373999748,
        -0.00013152795373999748,
        0.49986847204626,
        0.4717295672403826
    ]
}