{
    "task": "multistep_arithmetic",
    "expert_name": [
        "r-three/lora_baseline_lr3e-4_step400_rank64_multistep_arithmetic",
        "leedahyeon/0221_gamsa_test_cp3000",
        "phungkhaccuong/afbdf303-5ec3-cb90-b17b-283c6f8ad70b",
        "CounterNarratives/Meta-Llama-3.1-8B-Instruct_english_premises_a",
        "britojr/llama3.1-sec10q_v2",
        "Atharva-07/classification_task",
        "aleegis10/8ed9fe91-c2b5-42ca-8efb-927b4c8fbf45",
        "robiulawaldev/da92a142-8a96-438e-80b3-13cf5e027f66",
        "LangAGI-Lab/Meta-Llama-3.1-8B-Instruct-WM-acctree-16k-75-adapter-new",
        "clembench-playpen/Llama-3-Clembench-Runs-Successful-Episodes_Top_10_Models_Individual_QA_adapted_image_game",
        "Yossim/fine_tuned_llama2",
        "duyphu/e1bc4b5a-5af6-4ce2-be2d-622344438659",
        "tanatapanun/Meta-Llama-3.1-8B-Instruct-NoteChat-32r-train-dataset-1-epochs-document-prompt-token-4096",
        "developerssy/Meta-Llama-3.1-8B-skills",
        "ncbateman/65eaec89-ddb3-4b65-866f-c621f95eea55",
        "hansh/hansken_human_hql",
        "minhtrannnn/3f048b0f-bb1e-4f5d-b68c-679dc5f1dd96",
        "nhunglaaaaaaa/8efc2e7d-f7f6-46a4-83bd-bf5ae190a347",
        "datlaaaaaaa/5c74b710-f2b8-45a0-8bbb-8b3c49d26627",
        "mkopecki/chess-lora-adapter-fp-llama-3.1-8b"
    ],
    "valid_accuracy": 0.15,
    "test_accuracy": 0.215,
    "weights": [
        1.0912272487968329,
        0.6237599094905973,
        0.2631430501233373,
        0.051579444953439156,
        -0.2457836223568713,
        0.25730912921009286,
        0.17823209227394496,
        0.17689706204633077,
        0.23643947155255582,
        0.2938740409777795,
        0.23463629002319653,
        0.3158826554903337,
        0.2513303729717817,
        0.7083384111730845,
        -0.051033373054773075,
        -0.3068342533966826,
        0.500980640913863,
        0.5029896969382278,
        0.8279348653848604,
        0.38358286319659424
    ]
}