{
    "task": "mnist_ascii",
    "expert_name": [
        "r-three/lora_baseline_lr3e-4_step400_rank64_mnist_ascii",
        "daje/model_5e-05_alpha-128_r-256",
        "LangAGI-Lab/Meta-Llama-3.1-8B-Instruct-WM-bootstrapped-16k-adapter",
        "datlaaaaaaa/cf707148-8a14-4b17-af50-c0c419a06bb2",
        "chchen/Llama-3.1-8B-Instruct-PsyCourse-info-chain-fold9",
        "chanadda/Meta-Llama-3.1-8B-Instruct-pantip",
        "yadayadayada1927/16_model",
        "Cookieeeeeeeeeeeeeee/llama_custom_zero",
        "thaffggg/f11180f1-1b9d-4b3c-8eee-94e554cf0f06",
        "hongngo/612beea2-1e23-46e9-b772-5d201f773304"
    ],
    "valid_accuracy": 0.05,
    "test_accuracy": 0.1256,
    "weights": [
        0.8294975245872349,
        0.36838064412314614,
        0.5552816355198491,
        0.47267934728287514,
        0.5424484317265332,
        0.4623191739129712,
        -0.048132492943148246,
        -0.031410259417882135,
        0.5050776050387927,
        -0.017773319128941666
    ]
}