{
    "task": "elementary_math_qa_question_only",
    "expert_name": [
        "leedahyeon/0221_gamsa_test_cp3000",
        "phungkhaccuong/afbdf303-5ec3-cb90-b17b-283c6f8ad70b",
        "CounterNarratives/Meta-Llama-3.1-8B-Instruct_english_premises_a",
        "britojr/llama3.1-sec10q_v2",
        "Atharva-07/classification_task"
    ],
    "valid_accuracy": 0.1,
    "test_accuracy": 0.14564369310793238,
    "weights": [
        -0.11159012246183224,
        0.2393038332489989,
        0.3670763899092229,
        -0.380627957632061,
        0.9009264414472495
    ]
}