{
    "task": "clinc_oos",
    "expert_name": [
        "daje/model_5e-05_alpha-128_r-256",
        "LangAGI-Lab/Meta-Llama-3.1-8B-Instruct-WM-bootstrapped-16k-adapter",
        "datlaaaaaaa/cf707148-8a14-4b17-af50-c0c419a06bb2",
        "chchen/Llama-3.1-8B-Instruct-PsyCourse-info-chain-fold9",
        "chanadda/Meta-Llama-3.1-8B-Instruct-pantip"
    ],
    "valid_accuracy": 0.2,
    "test_accuracy": 0.1232,
    "weights": [
        -0.005684220168201275,
        0.4914655730700913,
        -0.003293393618183279,
        -0.04432854630247807,
        0.012994241266920245
    ]
}