{
    "task": "glue_qnli",
    "expert_name": [
        "tanatapanun/Meta-Llama-3.1-8B-Instruct-NoteChat-32r-train-dataset-1-epochs-document-prompt-token-4096",
        "leedahyeon/0221_all_llama31_docs_cp3500",
        "minhtrannnn/0d5d4d02-c5c0-4607-b69a-0ddd8845e6f7",
        "robiulawaldev/da92a142-8a96-438e-80b3-13cf5e027f66",
        "gotzmann/1JV44C2nd",
        "chchen/Llama-3.1-8B-Instruct-PsyCourse-doc-info-fold8",
        "daje/model_2e-4",
        "laquythang/07d7800a-5441-44b2-8e4b-5b1f2fb61a61",
        "prxy5606/98345738-30aa-41c4-bf69-2392a1ce4d0a",
        "LangAGI-Lab/Meta-Llama-3.1-8B-Instruct-WM-bootstrapped-16k-adapter"
    ],
    "valid_accuracy": 0.55,
    "test_accuracy": 0.7602,
    "weights": [
        -0.25660242787796816,
        0.3913174939147772,
        0.12251806557793747,
        0.058580828846261965,
        0.7348656823908631,
        0.6142886128673151,
        0.09319998298151085,
        0.8669955990505525,
        0.5420457393945063,
        0.6334856546961309
    ]
}