{
    "task": "object_counting",
    "expert_name": [
        "r-three/lora_baseline_lr3e-4_step400_rank64_object_counting",
        "tanatapanun/Meta-Llama-3.1-8B-Instruct-NoteChat-32r-train-dataset-1-epochs-document-prompt-token-4096",
        "leedahyeon/0221_all_llama31_docs_cp3500",
        "minhtrannnn/0d5d4d02-c5c0-4607-b69a-0ddd8845e6f7",
        "robiulawaldev/da92a142-8a96-438e-80b3-13cf5e027f66",
        "gotzmann/1JV44C2nd",
        "chchen/Llama-3.1-8B-Instruct-PsyCourse-doc-info-fold8",
        "daje/model_2e-4",
        "laquythang/07d7800a-5441-44b2-8e4b-5b1f2fb61a61",
        "prxy5606/98345738-30aa-41c4-bf69-2392a1ce4d0a",
        "LangAGI-Lab/Meta-Llama-3.1-8B-Instruct-WM-bootstrapped-16k-adapter",
        "myhaaaaaaa/2bd8eab3-2f15-4917-83d4-5245c3b84852",
        "CharlesLi/llama_3_unsafe_helpful",
        "mohmzm/llama_3_1_8b_instruct_document_relevance_test",
        "chchen/Llama-3.1-8B-Instruct-SAA-700",
        "GaetanMichelet/Llama-31-8B_task-2_180-samples_config-1_full",
        "EdBergJr/tablets_baha_arabic",
        "GaetanMichelet/Llama-31-8B_task-1_60-samples_config-1_full_auto",
        "nomadrp/tq-6-langs",
        "0x1202/0fa06e19-bb47-4f8b-9cc3-fa3e8c3c0982",
        "nhung03/8807e2a5-ff05-45b2-ab4b-a170e19c24b6",
        "npark95/qlora_llama3_0shot",
        "clembench-playpen/meta-llama-Meta-Llama-3.1-8B-Instruct_SFT_E1_D60006",
        "RoeReRe/Meta-LLama-3.1-8B-Instruct-Finetuned-Bias-4.5K",
        "estrogen/L3.1-8b-Ink-ep1-adpt",
        "Nevil9/PsyLlama",
        "MoreWrong/studybuddy",
        "clembench-playpen/meta-llama-Meta-Llama-3.1-8B-Instruct_SFT_D90003",
        "clembench-playpen/meta-llama-Meta-Llama-3.1-8B-Instruct_SFT_E1_D90000",
        "diagonalge/4ff3f177-6bb4-406d-b6ba-5fd891aee612"
    ],
    "valid_accuracy": 0.65,
    "test_accuracy": 0.5941828254847645,
    "weights": [
        0.7271996314404223,
        0.23056281810722512,
        0.13668156264936004,
        0.48197969892885373,
        -0.02762142245118441,
        0.4660390698065191,
        -0.24425509226650474,
        -0.03904795936609785,
        0.49244355504137255,
        0.018082294003668037,
        0.027611793961823006,
        0.013176875929215764,
        0.5009669245690016,
        0.0045887687754172755,
        -0.26517421826748094,
        0.44903470749921165,
        -0.07146187796321321,
        -0.007310016910514242,
        0.462534295469757,
        -0.10800055176466276,
        -0.07910479211239069,
        0.012649569050491647,
        -0.034053475689510906,
        -0.03699655761858038,
        -0.03297417025229979,
        0.21260693307048023,
        -0.02955472897325225,
        -0.0670456067858019,
        0.01016297061528251,
        -0.05999391016524616
    ]
}