{
    "task": "aqua_rat",
    "expert_name": [
        "r-three/lora_baseline_lr3e-4_step400_rank64_aqua_rat",
        "daje/model_5e-05_alpha-128_r-256",
        "LangAGI-Lab/Meta-Llama-3.1-8B-Instruct-WM-bootstrapped-16k-adapter",
        "datlaaaaaaa/cf707148-8a14-4b17-af50-c0c419a06bb2",
        "chchen/Llama-3.1-8B-Instruct-PsyCourse-info-chain-fold9",
        "chanadda/Meta-Llama-3.1-8B-Instruct-pantip",
        "yadayadayada1927/16_model",
        "Cookieeeeeeeeeeeeeee/llama_custom_zero",
        "thaffggg/f11180f1-1b9d-4b3c-8eee-94e554cf0f06",
        "hongngo/612beea2-1e23-46e9-b772-5d201f773304",
        "barc0/induction-run2-gpt4omini-20k-100seeds-barc-llama3.1-8b-instruct-lora64_lr2e-4_epoch3",
        "clembench-playpen/llama-3.1-8B-Instruct-multi-step-collator_playpen_SFT-e3_DFINAL_0.7K-steps",
        "daje/model_2e-4_alpha-8_r-16",
        "Ozaii/Zephyrr",
        "chchen/Llama-3.1-8B-Instruct-PsyCourse-fold3",
        "thalllsssss/00a4666d-12ae-4972-9753-306a02cf9512",
        "nomadrp/tq-llama-sft-belebele",
        "lucy666/llama3.1-8B-Concise",
        "femT-data/llama-3.1-Instruct-finetuned-NER",
        "prxy5607/f59b404a-1d76-4c38-98b7-5a73c0ecea6e"
    ],
    "valid_accuracy": 0.15,
    "test_accuracy": 0.3110236220472441,
    "weights": [
        0.5042941722180018,
        0.49685926786187223,
        0.5025192986321613,
        0.5013366872792061,
        0.49958496472124486,
        -0.0013973989452282598,
        0.4983798970171376,
        0.001885465326078405,
        0.5626386227824226,
        0.5019096939191382,
        0.47727862204116944,
        -0.002248795696428309,
        -0.002598934036517174,
        -0.0025124492198291665,
        -0.0012170332151737763,
        -0.0028482418318298863,
        0.4957422911121402,
        -2.5225243102091795e-05,
        -0.0012986603806827807,
        0.0019935972458057427
    ]
}