{
    "task": "disfl_qa",
    "expert_name": [
        "r-three/lora_baseline_lr3e-4_step400_rank64_disfl_qa",
        "daje/model_5e-05_alpha-128_r-256",
        "LangAGI-Lab/Meta-Llama-3.1-8B-Instruct-WM-bootstrapped-16k-adapter",
        "datlaaaaaaa/cf707148-8a14-4b17-af50-c0c419a06bb2",
        "chchen/Llama-3.1-8B-Instruct-PsyCourse-info-chain-fold9",
        "chanadda/Meta-Llama-3.1-8B-Instruct-pantip",
        "yadayadayada1927/16_model",
        "Cookieeeeeeeeeeeeeee/llama_custom_zero",
        "thaffggg/f11180f1-1b9d-4b3c-8eee-94e554cf0f06",
        "hongngo/612beea2-1e23-46e9-b772-5d201f773304",
        "barc0/induction-run2-gpt4omini-20k-100seeds-barc-llama3.1-8b-instruct-lora64_lr2e-4_epoch3",
        "clembench-playpen/llama-3.1-8B-Instruct-multi-step-collator_playpen_SFT-e3_DFINAL_0.7K-steps",
        "daje/model_2e-4_alpha-8_r-16",
        "Ozaii/Zephyrr",
        "chchen/Llama-3.1-8B-Instruct-PsyCourse-fold3",
        "thalllsssss/00a4666d-12ae-4972-9753-306a02cf9512",
        "nomadrp/tq-llama-sft-belebele",
        "lucy666/llama3.1-8B-Concise",
        "femT-data/llama-3.1-Instruct-finetuned-NER",
        "prxy5607/f59b404a-1d76-4c38-98b7-5a73c0ecea6e"
    ],
    "valid_accuracy": 0.55,
    "test_accuracy": 0.42625,
    "weights": [
        1.151123052226477,
        0.37205911749888915,
        0.44412965771093565,
        0.4673388843491707,
        0.5216246942998323,
        0.48273762536318504,
        -0.21637321489408018,
        -0.020874899616629895,
        -0.00887491770548832,
        0.4721691585970173,
        0.5131122225690644,
        -0.027517679918631417,
        0.5631269995384581,
        0.0966226717729333,
        -0.013004032957224985,
        -0.10948501201383916,
        0.0803330405210666,
        -0.08751662517854973,
        -0.13999500404251533,
        -0.007837612896700876
    ]
}