{
    "task": "twitter_complaints",
    "expert_name": [
        "r-three/lora_baseline_lr3e-4_step400_rank64_twitter_complaints",
        "daje/model_5e-05_alpha-128_r-256",
        "LangAGI-Lab/Meta-Llama-3.1-8B-Instruct-WM-bootstrapped-16k-adapter",
        "datlaaaaaaa/cf707148-8a14-4b17-af50-c0c419a06bb2",
        "chchen/Llama-3.1-8B-Instruct-PsyCourse-info-chain-fold9",
        "chanadda/Meta-Llama-3.1-8B-Instruct-pantip",
        "yadayadayada1927/16_model",
        "Cookieeeeeeeeeeeeeee/llama_custom_zero",
        "thaffggg/f11180f1-1b9d-4b3c-8eee-94e554cf0f06",
        "hongngo/612beea2-1e23-46e9-b772-5d201f773304",
        "barc0/induction-run2-gpt4omini-20k-100seeds-barc-llama3.1-8b-instruct-lora64_lr2e-4_epoch3",
        "clembench-playpen/llama-3.1-8B-Instruct-multi-step-collator_playpen_SFT-e3_DFINAL_0.7K-steps",
        "daje/model_2e-4_alpha-8_r-16",
        "Ozaii/Zephyrr",
        "chchen/Llama-3.1-8B-Instruct-PsyCourse-fold3",
        "thalllsssss/00a4666d-12ae-4972-9753-306a02cf9512",
        "nomadrp/tq-llama-sft-belebele",
        "lucy666/llama3.1-8B-Concise",
        "femT-data/llama-3.1-Instruct-finetuned-NER",
        "prxy5607/f59b404a-1d76-4c38-98b7-5a73c0ecea6e",
        "cshbi/fine_tune_output_eie_3.1",
        "Alphatao/9176ae39-6635-4492-ae61-927f06585355",
        "minhtrannnn/3f048b0f-bb1e-4f5d-b68c-679dc5f1dd96",
        "XicoC/llama381binstruct_summarize_short",
        "chchen/Llama-3.1-8B-Instruct-SFT-1000",
        "leedahyeon/0219_all_llama31_cp3500",
        "ciloku/ceee306b-b546-42b7-99ba-fef7fcc1bd26",
        "chauhoang/a7b71eb1-db0f-4c12-ae7f-75544046c341",
        "GaetanMichelet/Llama-31-8B_task-3_180-samples_config-1",
        "Hiranmai49/Llama-3.1-8B-Instruct-contracts-pretrainLlama3.18b"
    ],
    "valid_accuracy": 1.0,
    "test_accuracy": 0.9072463768115943,
    "weights": [
        0.8746795700181633,
        0.5950996369477163,
        0.49035631425753345,
        0.48060742150570496,
        0.48909671495758983,
        -0.035528305014732635,
        0.00902061163898494,
        -0.011552906626222275,
        0.01032591297511427,
        -0.018238206133627276,
        -0.0009075228066415491,
        0.0035131371623677355,
        0.004759526939914098,
        0.0028190654085130415,
        0.5481606915666356,
        0.020161161893144645,
        0.40976156929605123,
        0.013146799731316817,
        0.0059253487312325975,
        -0.01709186452824495,
        -0.005309803402429591,
        0.01395835417563813,
        -0.0011430391148504473,
        0.0015357944719049076,
        0.0038647023229263387,
        0.019950082209104124,
        -0.02797447840105189,
        -0.011209417693361298,
        0.42727046382071054,
        0.5177162276276794
    ]
}