{
    "task": "glue_sst2",
    "expert_name": [
        "daje/model_5e-05_alpha-128_r-256",
        "LangAGI-Lab/Meta-Llama-3.1-8B-Instruct-WM-bootstrapped-16k-adapter",
        "datlaaaaaaa/cf707148-8a14-4b17-af50-c0c419a06bb2",
        "chchen/Llama-3.1-8B-Instruct-PsyCourse-info-chain-fold9",
        "chanadda/Meta-Llama-3.1-8B-Instruct-pantip"
    ],
    "valid_accuracy": 0.9,
    "test_accuracy": 0.906,
    "weights": [
        -0.012662126854554041,
        0.00837223653790627,
        0.6114664866706427,
        0.5676458966287639,
        0.5414709623698142
    ]
}