{
    "task": "disfl_qa",
    "expert_name": [
        "r-three/lora_baseline_10_lr3e-4_step100_rank64_disfl_qa",
        "tanatapanun/Meta-Llama-3.1-8B-Instruct-NoteChat-32r-train-dataset-1-epochs-document-prompt-token-4096",
        "leedahyeon/0221_all_llama31_docs_cp3500",
        "minhtrannnn/0d5d4d02-c5c0-4607-b69a-0ddd8845e6f7",
        "robiulawaldev/da92a142-8a96-438e-80b3-13cf5e027f66",
        "gotzmann/1JV44C2nd",
        "chchen/Llama-3.1-8B-Instruct-PsyCourse-doc-info-fold8",
        "daje/model_2e-4",
        "laquythang/07d7800a-5441-44b2-8e4b-5b1f2fb61a61",
        "prxy5606/98345738-30aa-41c4-bf69-2392a1ce4d0a",
        "LangAGI-Lab/Meta-Llama-3.1-8B-Instruct-WM-bootstrapped-16k-adapter",
        "myhaaaaaaa/2bd8eab3-2f15-4917-83d4-5245c3b84852",
        "CharlesLi/llama_3_unsafe_helpful",
        "mohmzm/llama_3_1_8b_instruct_document_relevance_test",
        "chchen/Llama-3.1-8B-Instruct-SAA-700",
        "GaetanMichelet/Llama-31-8B_task-2_180-samples_config-1_full",
        "EdBergJr/tablets_baha_arabic",
        "GaetanMichelet/Llama-31-8B_task-1_60-samples_config-1_full_auto",
        "nomadrp/tq-6-langs",
        "0x1202/0fa06e19-bb47-4f8b-9cc3-fa3e8c3c0982",
        "nhung03/8807e2a5-ff05-45b2-ab4b-a170e19c24b6",
        "npark95/qlora_llama3_0shot",
        "clembench-playpen/meta-llama-Meta-Llama-3.1-8B-Instruct_SFT_E1_D60006",
        "RoeReRe/Meta-LLama-3.1-8B-Instruct-Finetuned-Bias-4.5K",
        "estrogen/L3.1-8b-Ink-ep1-adpt",
        "Nevil9/PsyLlama",
        "MoreWrong/studybuddy",
        "clembench-playpen/meta-llama-Meta-Llama-3.1-8B-Instruct_SFT_D90003",
        "clembench-playpen/meta-llama-Meta-Llama-3.1-8B-Instruct_SFT_E1_D90000",
        "diagonalge/4ff3f177-6bb4-406d-b6ba-5fd891aee612"
    ],
    "train+valid_accuracy": 1.0,
    "test_accuracy": 0.33125,
    "weights": [
        0.9809459621514175,
        -0.0027699642022440893,
        0.5026371052327105,
        0.013415115722970328,
        -4.05573931218711e-05,
        4.907516272209376e-06,
        -8.83850109068953e-05,
        -0.0006443353039734081,
        0.0009662453517081859,
        -0.000619836412558902,
        0.0008076940670109748,
        -0.0005422307978716272,
        0.0004693242836539774,
        -0.06997112661818726,
        0.0015598718171799073,
        0.0008257541930691947,
        -0.00033485107322480474,
        0.0004356652251946469,
        0.0008795994336760271,
        0.4914282624093572,
        -0.0015400354837545635,
        -0.0010198229988896057,
        0.0019549820443829514,
        0.001262590206745711,
        0.0002773284821769584,
        -0.0008466075934043318,
        0.004602888027837641,
        -0.003361777234589105,
        2.2815444640492642e-05,
        0.0011981577919013217
    ]
}