{
    "task": "intersect_geometry",
    "expert_name": [
        "r-three/lora_baseline_lr3e-4_step400_rank64_intersect_geometry",
        "tanatapanun/Meta-Llama-3.1-8B-Instruct-NoteChat-32r-train-dataset-1-epochs-document-prompt-token-4096",
        "leedahyeon/0221_all_llama31_docs_cp3500",
        "minhtrannnn/0d5d4d02-c5c0-4607-b69a-0ddd8845e6f7",
        "robiulawaldev/da92a142-8a96-438e-80b3-13cf5e027f66",
        "gotzmann/1JV44C2nd",
        "chchen/Llama-3.1-8B-Instruct-PsyCourse-doc-info-fold8",
        "daje/model_2e-4",
        "laquythang/07d7800a-5441-44b2-8e4b-5b1f2fb61a61",
        "prxy5606/98345738-30aa-41c4-bf69-2392a1ce4d0a",
        "LangAGI-Lab/Meta-Llama-3.1-8B-Instruct-WM-bootstrapped-16k-adapter",
        "myhaaaaaaa/2bd8eab3-2f15-4917-83d4-5245c3b84852",
        "CharlesLi/llama_3_unsafe_helpful",
        "mohmzm/llama_3_1_8b_instruct_document_relevance_test",
        "chchen/Llama-3.1-8B-Instruct-SAA-700",
        "GaetanMichelet/Llama-31-8B_task-2_180-samples_config-1_full",
        "EdBergJr/tablets_baha_arabic",
        "GaetanMichelet/Llama-31-8B_task-1_60-samples_config-1_full_auto",
        "nomadrp/tq-6-langs",
        "0x1202/0fa06e19-bb47-4f8b-9cc3-fa3e8c3c0982"
    ],
    "valid_accuracy": 0.3,
    "test_accuracy": 0.21,
    "weights": [
        0.9056638895416365,
        -0.034600859392968156,
        0.011940631839340856,
        0.17219873007652714,
        0.15142941349263672,
        0.596020941337494,
        0.05844275455340575,
        -0.1101702225817468,
        -0.17440245658876186,
        -0.18927277407444232,
        -0.1914184319625691,
        -0.2818463714817041,
        0.181883660518088,
        -0.031736450841248036,
        0.3226010292256093,
        0.11576567647856471,
        0.4059198743407625,
        0.41948498086529423,
        0.842280902416754,
        -0.060787903911682276
    ]
}