{
    "task": "mmlu_pro",
    "expert_name": [
        "r-three/lora_baseline_lr3e-4_step400_rank64_mmlu_pro",
        "daje/model_5e-05_alpha-128_r-256",
        "LangAGI-Lab/Meta-Llama-3.1-8B-Instruct-WM-bootstrapped-16k-adapter",
        "datlaaaaaaa/cf707148-8a14-4b17-af50-c0c419a06bb2",
        "chchen/Llama-3.1-8B-Instruct-PsyCourse-info-chain-fold9",
        "chanadda/Meta-Llama-3.1-8B-Instruct-pantip",
        "yadayadayada1927/16_model",
        "Cookieeeeeeeeeeeeeee/llama_custom_zero",
        "thaffggg/f11180f1-1b9d-4b3c-8eee-94e554cf0f06",
        "hongngo/612beea2-1e23-46e9-b772-5d201f773304",
        "barc0/induction-run2-gpt4omini-20k-100seeds-barc-llama3.1-8b-instruct-lora64_lr2e-4_epoch3",
        "clembench-playpen/llama-3.1-8B-Instruct-multi-step-collator_playpen_SFT-e3_DFINAL_0.7K-steps",
        "daje/model_2e-4_alpha-8_r-16",
        "Ozaii/Zephyrr",
        "chchen/Llama-3.1-8B-Instruct-PsyCourse-fold3",
        "thalllsssss/00a4666d-12ae-4972-9753-306a02cf9512",
        "nomadrp/tq-llama-sft-belebele",
        "lucy666/llama3.1-8B-Concise",
        "femT-data/llama-3.1-Instruct-finetuned-NER",
        "prxy5607/f59b404a-1d76-4c38-98b7-5a73c0ecea6e"
    ],
    "valid_accuracy": 0.2,
    "test_accuracy": 0.19019933554817275,
    "weights": [
        1.0816177568536172,
        0.4179038971654888,
        -0.29496681876413033,
        -0.08160578166132958,
        0.12643963828147378,
        0.19256422235788953,
        0.06430170386977087,
        -0.4003646034455813,
        0.5795189858593535,
        0.1304982843184816,
        -0.04844626757526223,
        0.027957670811935925,
        0.07252805713668735,
        -0.0033095467213875704,
        0.38951878374178645,
        -0.10299246796199893,
        -0.33555864990226547,
        0.4280755487827996,
        -0.16746403589752423,
        0.08010381084642745
    ]
}