{
    "task": "mmlu_combined",
    "expert_name": [
        "shared_space/lora_baseline_10/lora_baseline_10_lr3e-4_step100_rank64_mmlu_combined/final_model",
        "tanatapanun/Meta-Llama-3.1-8B-Instruct-NoteChat-32r-train-dataset-1-epochs-document-prompt-token-4096",
        "leedahyeon/0221_all_llama31_docs_cp3500",
        "minhtrannnn/0d5d4d02-c5c0-4607-b69a-0ddd8845e6f7",
        "robiulawaldev/da92a142-8a96-438e-80b3-13cf5e027f66",
        "gotzmann/1JV44C2nd",
        "chchen/Llama-3.1-8B-Instruct-PsyCourse-doc-info-fold8",
        "daje/model_2e-4",
        "laquythang/07d7800a-5441-44b2-8e4b-5b1f2fb61a61",
        "prxy5606/98345738-30aa-41c4-bf69-2392a1ce4d0a",
        "LangAGI-Lab/Meta-Llama-3.1-8B-Instruct-WM-bootstrapped-16k-adapter",
        "myhaaaaaaa/2bd8eab3-2f15-4917-83d4-5245c3b84852",
        "CharlesLi/llama_3_unsafe_helpful",
        "mohmzm/llama_3_1_8b_instruct_document_relevance_test",
        "chchen/Llama-3.1-8B-Instruct-SAA-700",
        "GaetanMichelet/Llama-31-8B_task-2_180-samples_config-1_full",
        "EdBergJr/tablets_baha_arabic",
        "GaetanMichelet/Llama-31-8B_task-1_60-samples_config-1_full_auto",
        "nomadrp/tq-6-langs",
        "0x1202/0fa06e19-bb47-4f8b-9cc3-fa3e8c3c0982",
        "nhung03/8807e2a5-ff05-45b2-ab4b-a170e19c24b6",
        "npark95/qlora_llama3_0shot",
        "clembench-playpen/meta-llama-Meta-Llama-3.1-8B-Instruct_SFT_E1_D60006",
        "RoeReRe/Meta-LLama-3.1-8B-Instruct-Finetuned-Bias-4.5K",
        "estrogen/L3.1-8b-Ink-ep1-adpt",
        "Nevil9/PsyLlama",
        "MoreWrong/studybuddy",
        "clembench-playpen/meta-llama-Meta-Llama-3.1-8B-Instruct_SFT_D90003",
        "clembench-playpen/meta-llama-Meta-Llama-3.1-8B-Instruct_SFT_E1_D90000",
        "diagonalge/4ff3f177-6bb4-406d-b6ba-5fd891aee612"
    ],
    "train+valid_accuracy": 1.0,
    "test_accuracy": 0.2690909090909091,
    "weights": [
        0.7716362989532397,
        0.5038135261098742,
        0.41685251762604997,
        0.0026764206752546617,
        0.04888747360699404,
        0.0215095304203255,
        0.0007242620383964547,
        0.005364026758797277,
        0.4384181388593967,
        -0.0037514890585527427,
        0.019391049900915,
        -0.005347934702837503,
        -0.01813852833058623,
        -0.03440545514831902,
        -0.0046535512901783125,
        -0.023501549043029125,
        0.3229605515642211,
        0.050702339266845996,
        0.016101600263939142,
        0.10793017879016818,
        0.13163391428519725,
        0.0007353282018301831,
        -0.029713634571668163,
        0.08589308020444539,
        -0.0410759697630939,
        -0.04323938155831904,
        -0.009746113093093863,
        0.028686671574728678,
        0.07756904440936666,
        -0.006489034702093182
    ]
}