{
    "task": "boolean_expressions",
    "expert_name": [
        "r-three/lora_baseline_lr3e-4_step400_rank64_boolean_expressions",
        "daje/model_5e-05_alpha-128_r-256",
        "LangAGI-Lab/Meta-Llama-3.1-8B-Instruct-WM-bootstrapped-16k-adapter",
        "datlaaaaaaa/cf707148-8a14-4b17-af50-c0c419a06bb2",
        "chchen/Llama-3.1-8B-Instruct-PsyCourse-info-chain-fold9",
        "chanadda/Meta-Llama-3.1-8B-Instruct-pantip",
        "yadayadayada1927/16_model",
        "Cookieeeeeeeeeeeeeee/llama_custom_zero",
        "thaffggg/f11180f1-1b9d-4b3c-8eee-94e554cf0f06",
        "hongngo/612beea2-1e23-46e9-b772-5d201f773304",
        "barc0/induction-run2-gpt4omini-20k-100seeds-barc-llama3.1-8b-instruct-lora64_lr2e-4_epoch3",
        "clembench-playpen/llama-3.1-8B-Instruct-multi-step-collator_playpen_SFT-e3_DFINAL_0.7K-steps",
        "daje/model_2e-4_alpha-8_r-16",
        "Ozaii/Zephyrr",
        "chchen/Llama-3.1-8B-Instruct-PsyCourse-fold3",
        "thalllsssss/00a4666d-12ae-4972-9753-306a02cf9512",
        "nomadrp/tq-llama-sft-belebele",
        "lucy666/llama3.1-8B-Concise",
        "femT-data/llama-3.1-Instruct-finetuned-NER",
        "prxy5607/f59b404a-1d76-4c38-98b7-5a73c0ecea6e"
    ],
    "valid_accuracy": 0.7,
    "test_accuracy": 0.796,
    "weights": [
        0.7477961494096789,
        0.6593662149328766,
        0.5066820679285066,
        0.48677535847858044,
        0.5096359503032837,
        -0.023573801244342014,
        -0.041510355605552704,
        0.010160692565855323,
        0.4891816220276311,
        -0.005979797285398101,
        0.5198823418936757,
        -0.07923624989099934,
        0.05140819685825046,
        -0.022445918044978273,
        -0.058288414126822334,
        -0.17361011516626118,
        0.5615710556487847,
        -0.08500872562920336,
        -0.038222814071218754,
        -0.11213130937156959
    ]
}