{
    "task": "quail",
    "expert_name": [
        "r-three/lora_baseline_lr3e-4_step400_rank64_quail",
        "tanatapanun/Meta-Llama-3.1-8B-Instruct-NoteChat-32r-train-dataset-1-epochs-document-prompt-token-4096",
        "leedahyeon/0221_all_llama31_docs_cp3500",
        "minhtrannnn/0d5d4d02-c5c0-4607-b69a-0ddd8845e6f7",
        "robiulawaldev/da92a142-8a96-438e-80b3-13cf5e027f66",
        "gotzmann/1JV44C2nd",
        "chchen/Llama-3.1-8B-Instruct-PsyCourse-doc-info-fold8",
        "daje/model_2e-4",
        "laquythang/07d7800a-5441-44b2-8e4b-5b1f2fb61a61",
        "prxy5606/98345738-30aa-41c4-bf69-2392a1ce4d0a",
        "LangAGI-Lab/Meta-Llama-3.1-8B-Instruct-WM-bootstrapped-16k-adapter",
        "myhaaaaaaa/2bd8eab3-2f15-4917-83d4-5245c3b84852",
        "CharlesLi/llama_3_unsafe_helpful",
        "mohmzm/llama_3_1_8b_instruct_document_relevance_test",
        "chchen/Llama-3.1-8B-Instruct-SAA-700",
        "GaetanMichelet/Llama-31-8B_task-2_180-samples_config-1_full",
        "EdBergJr/tablets_baha_arabic",
        "GaetanMichelet/Llama-31-8B_task-1_60-samples_config-1_full_auto",
        "nomadrp/tq-6-langs",
        "0x1202/0fa06e19-bb47-4f8b-9cc3-fa3e8c3c0982",
        "nhung03/8807e2a5-ff05-45b2-ab4b-a170e19c24b6",
        "npark95/qlora_llama3_0shot",
        "clembench-playpen/meta-llama-Meta-Llama-3.1-8B-Instruct_SFT_E1_D60006",
        "RoeReRe/Meta-LLama-3.1-8B-Instruct-Finetuned-Bias-4.5K",
        "estrogen/L3.1-8b-Ink-ep1-adpt",
        "Nevil9/PsyLlama",
        "MoreWrong/studybuddy",
        "clembench-playpen/meta-llama-Meta-Llama-3.1-8B-Instruct_SFT_D90003",
        "clembench-playpen/meta-llama-Meta-Llama-3.1-8B-Instruct_SFT_E1_D90000",
        "diagonalge/4ff3f177-6bb4-406d-b6ba-5fd891aee612"
    ],
    "valid_accuracy": 0.8,
    "test_accuracy": 0.7151219512195122,
    "weights": [
        0.9332167334590268,
        0.5068756734277953,
        0.5302808063471948,
        0.021298047118119764,
        -0.21994484516503937,
        0.012350382151439807,
        0.10978144208087007,
        0.04072218548513733,
        -0.0040687823504313185,
        0.37626593190312063,
        0.24008016882921526,
        0.13244755492165078,
        0.1467981831554525,
        0.17424075514895365,
        -0.10190702137222656,
        -0.0409261085262627,
        0.15238784033472447,
        0.1327118165978183,
        0.25155281558947534,
        0.13322299749387737,
        0.13550740798703217,
        0.22662869250643672,
        0.7322459542772625,
        0.07631984287327379,
        -0.08899165432933377,
        -0.04346523661677282,
        -0.00965734951136436,
        -0.06022470756229023,
        -0.10705385838718048,
        0.023685357616051783
    ]
}