{
    "task": "sports_understanding",
    "expert_name": [
        "r-three/lora_baseline_lr3e-4_step400_rank64_sports_understanding",
        "leedahyeon/0221_gamsa_test_cp3000",
        "phungkhaccuong/afbdf303-5ec3-cb90-b17b-283c6f8ad70b",
        "CounterNarratives/Meta-Llama-3.1-8B-Instruct_english_premises_a",
        "britojr/llama3.1-sec10q_v2",
        "Atharva-07/classification_task",
        "aleegis10/8ed9fe91-c2b5-42ca-8efb-927b4c8fbf45",
        "robiulawaldev/da92a142-8a96-438e-80b3-13cf5e027f66",
        "LangAGI-Lab/Meta-Llama-3.1-8B-Instruct-WM-acctree-16k-75-adapter-new",
        "clembench-playpen/Llama-3-Clembench-Runs-Successful-Episodes_Top_10_Models_Individual_QA_adapted_image_game"
    ],
    "valid_accuracy": 1.0,
    "test_accuracy": 0.8806941431670282,
    "weights": [
        0.9641424751896236,
        0.5564908733503287,
        0.4493977801444231,
        0.5360577954857503,
        -0.12825245606608104,
        0.514061331583546,
        -0.0016445881920254981,
        -0.04678699155949464,
        0.44878401290902253,
        0.033555739724813585
    ]
}