{
    "task": "openmathinstruct_2",
    "expert_name": [
        "shared_space/lora_baseline_10/lora_baseline_10_lr3e-4_step100_rank64_openmathinstruct_2/final_model",
        "tanatapanun/Meta-Llama-3.1-8B-Instruct-NoteChat-32r-train-dataset-1-epochs-document-prompt-token-4096",
        "leedahyeon/0221_all_llama31_docs_cp3500",
        "minhtrannnn/0d5d4d02-c5c0-4607-b69a-0ddd8845e6f7",
        "robiulawaldev/da92a142-8a96-438e-80b3-13cf5e027f66",
        "gotzmann/1JV44C2nd",
        "chchen/Llama-3.1-8B-Instruct-PsyCourse-doc-info-fold8",
        "daje/model_2e-4",
        "laquythang/07d7800a-5441-44b2-8e4b-5b1f2fb61a61",
        "prxy5606/98345738-30aa-41c4-bf69-2392a1ce4d0a",
        "LangAGI-Lab/Meta-Llama-3.1-8B-Instruct-WM-bootstrapped-16k-adapter",
        "myhaaaaaaa/2bd8eab3-2f15-4917-83d4-5245c3b84852",
        "CharlesLi/llama_3_unsafe_helpful",
        "mohmzm/llama_3_1_8b_instruct_document_relevance_test",
        "chchen/Llama-3.1-8B-Instruct-SAA-700",
        "GaetanMichelet/Llama-31-8B_task-2_180-samples_config-1_full",
        "EdBergJr/tablets_baha_arabic",
        "GaetanMichelet/Llama-31-8B_task-1_60-samples_config-1_full_auto",
        "nomadrp/tq-6-langs",
        "0x1202/0fa06e19-bb47-4f8b-9cc3-fa3e8c3c0982",
        "nhung03/8807e2a5-ff05-45b2-ab4b-a170e19c24b6",
        "npark95/qlora_llama3_0shot",
        "clembench-playpen/meta-llama-Meta-Llama-3.1-8B-Instruct_SFT_E1_D60006",
        "RoeReRe/Meta-LLama-3.1-8B-Instruct-Finetuned-Bias-4.5K",
        "estrogen/L3.1-8b-Ink-ep1-adpt",
        "Nevil9/PsyLlama",
        "MoreWrong/studybuddy",
        "clembench-playpen/meta-llama-Meta-Llama-3.1-8B-Instruct_SFT_D90003",
        "clembench-playpen/meta-llama-Meta-Llama-3.1-8B-Instruct_SFT_E1_D90000",
        "diagonalge/4ff3f177-6bb4-406d-b6ba-5fd891aee612"
    ],
    "train+valid_accuracy": 1.0,
    "test_accuracy": 0.06402561024409764,
    "weights": [
        0.5282746401869018,
        0.49524211903918036,
        0.4978786512155702,
        -2.60178838770071e-05,
        0.005320058912269367,
        0.0018178483176869106,
        0.002343418400033088,
        0.0001689204069534987,
        0.0008710853424973605,
        0.4559714486625208,
        -0.0019113175165121395,
        -0.0023938066578053398,
        -0.0018770204525037188,
        -0.0032644074750761325,
        -0.0017089471576571245,
        -0.0016281713390489843,
        0.000473402637131394,
        0.000608693470019393,
        -0.0006242518310942799,
        -0.001048794087223056,
        -0.001287060404445612,
        -0.0017533587009752214,
        -0.0028777582589828506,
        -0.0018196243068233438,
        -0.0016674797415116758,
        0.010390288466421923,
        -0.002113129854776838,
        0.0034182231309714184,
        -0.0015881658444280358,
        -0.0012400801717314574
    ]
}