{
    "task": "race_high",
    "expert_name": [
        "daje/model_0.0002_alpha-32_r-64",
        "aseratus1/80dde36f-b140-4e57-a010-bebb9584c30b",
        "Tomlord/Llama-3.1-8B-Instruct-LoRA-Hp-adk",
        "clembench-playpen/llama-3.1-8B-Instruct-rehearsal-steps_playpen_SFT-e3_DFINAL_0.93K-steps",
        "faridlazuarda/valadapt-llama-3.1-8B-it-german"
    ],
    "valid_accuracy": 0.75,
    "test_accuracy": 0.6149228130360206,
    "weights": [
        0.22245959503703927,
        0.5706499202629259,
        1.0704618167615443,
        0.48465664124701924,
        -0.04238976676951083
    ]
}