{
    "task": "xnli_en",
    "expert_name": [
        "r-three/lora_baseline_lr3e-4_step400_rank64_xnli_en",
        "daje/model_5e-05_alpha-128_r-256",
        "LangAGI-Lab/Meta-Llama-3.1-8B-Instruct-WM-bootstrapped-16k-adapter",
        "datlaaaaaaa/cf707148-8a14-4b17-af50-c0c419a06bb2",
        "chchen/Llama-3.1-8B-Instruct-PsyCourse-info-chain-fold9",
        "chanadda/Meta-Llama-3.1-8B-Instruct-pantip",
        "yadayadayada1927/16_model",
        "Cookieeeeeeeeeeeeeee/llama_custom_zero",
        "thaffggg/f11180f1-1b9d-4b3c-8eee-94e554cf0f06",
        "hongngo/612beea2-1e23-46e9-b772-5d201f773304",
        "barc0/induction-run2-gpt4omini-20k-100seeds-barc-llama3.1-8b-instruct-lora64_lr2e-4_epoch3",
        "clembench-playpen/llama-3.1-8B-Instruct-multi-step-collator_playpen_SFT-e3_DFINAL_0.7K-steps",
        "daje/model_2e-4_alpha-8_r-16",
        "Ozaii/Zephyrr",
        "chchen/Llama-3.1-8B-Instruct-PsyCourse-fold3",
        "thalllsssss/00a4666d-12ae-4972-9753-306a02cf9512",
        "nomadrp/tq-llama-sft-belebele",
        "lucy666/llama3.1-8B-Concise",
        "femT-data/llama-3.1-Instruct-finetuned-NER",
        "prxy5607/f59b404a-1d76-4c38-98b7-5a73c0ecea6e"
    ],
    "valid_accuracy": 0.6,
    "test_accuracy": 0.701,
    "weights": [
        0.7967959155060172,
        0.6238369720422654,
        -0.00922907566716858,
        0.5307633970068227,
        0.4097067542270842,
        -0.18618578817999645,
        -0.06979436838653769,
        -0.0383916023593184,
        0.08672560937424842,
        -0.20253146274387998,
        0.5997931463549545,
        0.02520705642664857,
        -0.24697240846893773,
        0.025480675514875564,
        0.012004065306324677,
        0.027259434615280582,
        0.726065914060776,
        -0.12787161370702282,
        0.3318388991158767,
        -0.2506860361808995
    ]
}