{
    "task": "qasc",
    "expert_name": [
        "daje/model_5e-05_alpha-128_r-256",
        "LangAGI-Lab/Meta-Llama-3.1-8B-Instruct-WM-bootstrapped-16k-adapter",
        "datlaaaaaaa/cf707148-8a14-4b17-af50-c0c419a06bb2",
        "chchen/Llama-3.1-8B-Instruct-PsyCourse-info-chain-fold9",
        "chanadda/Meta-Llama-3.1-8B-Instruct-pantip",
        "yadayadayada1927/16_model",
        "Cookieeeeeeeeeeeeeee/llama_custom_zero",
        "thaffggg/f11180f1-1b9d-4b3c-8eee-94e554cf0f06",
        "hongngo/612beea2-1e23-46e9-b772-5d201f773304",
        "barc0/induction-run2-gpt4omini-20k-100seeds-barc-llama3.1-8b-instruct-lora64_lr2e-4_epoch3"
    ],
    "valid_accuracy": 0.9,
    "test_accuracy": 0.7604422604422605,
    "weights": [
        0.49528956380534084,
        0.040006773260514,
        0.5485895101558277,
        0.5287499992574529,
        -0.0020875237504451435,
        0.5614690828974175,
        -0.028680044383138276,
        -0.010115085575352145,
        -0.006755820531398782,
        0.07786003769719536
    ]
}