{
    "task": "glue_sst2",
    "expert_name": [
        "leedahyeon/0221_gamsa_test_cp3000",
        "phungkhaccuong/afbdf303-5ec3-cb90-b17b-283c6f8ad70b",
        "CounterNarratives/Meta-Llama-3.1-8B-Instruct_english_premises_a",
        "britojr/llama3.1-sec10q_v2",
        "Atharva-07/classification_task"
    ],
    "valid_accuracy": 0.95,
    "test_accuracy": 0.8944,
    "weights": [
        0.02128916371935632,
        0.5000002513954808,
        -0.03572059658947178,
        -0.006711320830122764,
        -0.012911046166415904
    ]
}