{
    "task": "commonsense_qa",
    "expert_name": [
        "tanatapanun/Meta-Llama-3.1-8B-Instruct-NoteChat-32r-train-dataset-1-epochs-document-prompt-token-4096",
        "leedahyeon/0221_all_llama31_docs_cp3500",
        "minhtrannnn/0d5d4d02-c5c0-4607-b69a-0ddd8845e6f7",
        "robiulawaldev/da92a142-8a96-438e-80b3-13cf5e027f66",
        "gotzmann/1JV44C2nd",
        "chchen/Llama-3.1-8B-Instruct-PsyCourse-doc-info-fold8",
        "daje/model_2e-4",
        "laquythang/07d7800a-5441-44b2-8e4b-5b1f2fb61a61",
        "prxy5606/98345738-30aa-41c4-bf69-2392a1ce4d0a",
        "LangAGI-Lab/Meta-Llama-3.1-8B-Instruct-WM-bootstrapped-16k-adapter",
        "myhaaaaaaa/2bd8eab3-2f15-4917-83d4-5245c3b84852",
        "CharlesLi/llama_3_unsafe_helpful",
        "mohmzm/llama_3_1_8b_instruct_document_relevance_test",
        "chchen/Llama-3.1-8B-Instruct-SAA-700",
        "GaetanMichelet/Llama-31-8B_task-2_180-samples_config-1_full",
        "EdBergJr/tablets_baha_arabic",
        "GaetanMichelet/Llama-31-8B_task-1_60-samples_config-1_full_auto",
        "nomadrp/tq-6-langs",
        "0x1202/0fa06e19-bb47-4f8b-9cc3-fa3e8c3c0982",
        "nhung03/8807e2a5-ff05-45b2-ab4b-a170e19c24b6",
        "npark95/qlora_llama3_0shot",
        "clembench-playpen/meta-llama-Meta-Llama-3.1-8B-Instruct_SFT_E1_D60006",
        "RoeReRe/Meta-LLama-3.1-8B-Instruct-Finetuned-Bias-4.5K",
        "estrogen/L3.1-8b-Ink-ep1-adpt",
        "Nevil9/PsyLlama",
        "MoreWrong/studybuddy",
        "clembench-playpen/meta-llama-Meta-Llama-3.1-8B-Instruct_SFT_D90003",
        "clembench-playpen/meta-llama-Meta-Llama-3.1-8B-Instruct_SFT_E1_D90000",
        "diagonalge/4ff3f177-6bb4-406d-b6ba-5fd891aee612",
        "Kawon/llama3.1-food-finetune_v13_r8"
    ],
    "valid_accuracy": 0.4,
    "test_accuracy": 0.36,
    "weights": [
        0.2064737159392839,
        -0.07529518190491953,
        0.41716191338830905,
        0.5001169319330162,
        0.7484924571216088,
        -0.009538112762200941,
        0.5849452751631704,
        0.39366909155191665,
        -0.10508816601108822,
        0.07631966892539743,
        0.09430490485053229,
        0.6066198907934327,
        0.004076252027383647,
        0.0015262908382277613,
        -0.007142015804760363,
        0.7692649313621289,
        0.008682066698552518,
        0.5031409240038964,
        0.03859902679335947,
        0.014718163929916178,
        0.5027140163549177,
        0.027264466705209274,
        -0.034396883004368536,
        -0.0064056131832687735,
        0.02068780948807377,
        -0.0013576288288269713,
        -0.0017447989910025596,
        -0.0066426358877124695,
        -0.003885018192078153,
        -0.021455857043458128
    ]
}