{
    "task": "mmlu_combined",
    "expert_name": [
        "r-three/lora_baseline_lr3e-4_step400_rank64_mmlu_combined",
        "leedahyeon/0221_gamsa_test_cp3000",
        "phungkhaccuong/afbdf303-5ec3-cb90-b17b-283c6f8ad70b",
        "CounterNarratives/Meta-Llama-3.1-8B-Instruct_english_premises_a",
        "britojr/llama3.1-sec10q_v2",
        "Atharva-07/classification_task",
        "aleegis10/8ed9fe91-c2b5-42ca-8efb-927b4c8fbf45",
        "robiulawaldev/da92a142-8a96-438e-80b3-13cf5e027f66",
        "LangAGI-Lab/Meta-Llama-3.1-8B-Instruct-WM-acctree-16k-75-adapter-new",
        "clembench-playpen/Llama-3-Clembench-Runs-Successful-Episodes_Top_10_Models_Individual_QA_adapted_image_game",
        "Yossim/fine_tuned_llama2",
        "duyphu/e1bc4b5a-5af6-4ce2-be2d-622344438659",
        "tanatapanun/Meta-Llama-3.1-8B-Instruct-NoteChat-32r-train-dataset-1-epochs-document-prompt-token-4096",
        "developerssy/Meta-Llama-3.1-8B-skills",
        "ncbateman/65eaec89-ddb3-4b65-866f-c621f95eea55",
        "hansh/hansken_human_hql",
        "minhtrannnn/3f048b0f-bb1e-4f5d-b68c-679dc5f1dd96",
        "nhunglaaaaaaa/8efc2e7d-f7f6-46a4-83bd-bf5ae190a347",
        "datlaaaaaaa/5c74b710-f2b8-45a0-8bbb-8b3c49d26627",
        "mkopecki/chess-lora-adapter-fp-llama-3.1-8b",
        "llm-wizard/llama381binstruct_summarize",
        "duyphu/4ecd8066-f334-4600-a146-3ec7b56f98be",
        "clembench-playpen/meta-llama-Meta-Llama-3.1-8B-Instruct_SFT_E1_DM002",
        "CharlesLi/llama_3_gsm8k_cot_simplest",
        "mohmzm/llama_3_1_8B_doc_rel_v0.1",
        "faridlazuarda/valadapt-llama-3.1-8B-it-bengali",
        "GaetanMichelet/Llama-31-8B_task-2_60-samples_config-1",
        "RAG-Gym/ReSearch-HotpotQA-SFT",
        "clembench-playpen/llama-3.1-8B-Instruct_playpen_ablation_SFT_DFINAL_0.4K-steps",
        "tanatapanun/Meta-Llama-3.1-8B-Instruct-NoteChat-32r-train-dataset-1-epochs-document-prompt-token-1024"
    ],
    "valid_accuracy": 0.6,
    "test_accuracy": 0.5963636363636363,
    "weights": [
        0.9230167970585493,
        0.49549133448322197,
        -0.03856495830968698,
        0.03180045855278106,
        -0.030958553919994584,
        -0.020052745768805155,
        0.4871785713546551,
        0.01804576149658826,
        0.004922104366788198,
        0.03803677338798639,
        0.017354861288803758,
        0.02817402168219544,
        0.037441696471750774,
        0.019300715710341372,
        -0.020789993233803497,
        0.03177834217596956,
        0.025025459053037005,
        0.03314627874819735,
        0.004336863193295787,
        0.027890399814631157,
        0.0033880000222109383,
        0.018741078584246347,
        -0.2792186680349275,
        -0.2527137592875832,
        0.08328567682510901,
        0.007113322767345176,
        0.41628827340697383,
        0.49753471077593026,
        -0.01929490650417979,
        -0.04299207780660888
    ]
}