{
    "task": "super_glue_wsc",
    "expert_name": [
        "daje/model_5e-05_alpha-128_r-256",
        "LangAGI-Lab/Meta-Llama-3.1-8B-Instruct-WM-bootstrapped-16k-adapter",
        "datlaaaaaaa/cf707148-8a14-4b17-af50-c0c419a06bb2",
        "chchen/Llama-3.1-8B-Instruct-PsyCourse-info-chain-fold9",
        "chanadda/Meta-Llama-3.1-8B-Instruct-pantip"
    ],
    "valid_accuracy": 0.35,
    "test_accuracy": 0.5178571428571429,
    "weights": [
        -0.05470929225762079,
        0.4793881778948367,
        1.2805934179144172,
        0.9311322795793995,
        -0.06232226832601469
    ]
}