{
    "task": "circa",
    "expert_name": [
        "leedahyeon/0221_gamsa_test_cp3000",
        "phungkhaccuong/afbdf303-5ec3-cb90-b17b-283c6f8ad70b",
        "CounterNarratives/Meta-Llama-3.1-8B-Instruct_english_premises_a",
        "britojr/llama3.1-sec10q_v2",
        "Atharva-07/classification_task"
    ],
    "valid_accuracy": 0.55,
    "test_accuracy": 0.5202801283921797,
    "weights": [
        0.3151988369929367,
        0.6912748472060689,
        0.3791047479020507,
        -0.03633224804876449,
        0.8688203443169846
    ]
}