{
    "task": "xnli_fr",
    "expert_name": [
        "leedahyeon/0221_gamsa_test_cp3000",
        "phungkhaccuong/afbdf303-5ec3-cb90-b17b-283c6f8ad70b",
        "CounterNarratives/Meta-Llama-3.1-8B-Instruct_english_premises_a",
        "britojr/llama3.1-sec10q_v2",
        "Atharva-07/classification_task"
    ],
    "valid_accuracy": 0.6,
    "test_accuracy": 0.571,
    "weights": [
        -0.1844339064015161,
        0.26244888490016893,
        -0.041199220064174424,
        0.5235454040606506,
        0.4205855613509711
    ]
}