{
    "task": "aqua_rat",
    "expert_name": [
        "tanatapanun/Meta-Llama-3.1-8B-Instruct-NoteChat-32r-train-dataset-1-epochs-document-prompt-token-4096",
        "leedahyeon/0221_all_llama31_docs_cp3500",
        "minhtrannnn/0d5d4d02-c5c0-4607-b69a-0ddd8845e6f7",
        "robiulawaldev/da92a142-8a96-438e-80b3-13cf5e027f66",
        "gotzmann/1JV44C2nd"
    ],
    "valid_accuracy": 0.25,
    "test_accuracy": 0.2440944881889764,
    "weights": [
        0.0861650297589624,
        -0.0024903999991981976,
        1.1098841993338822,
        0.46879034717073614,
        0.9797008033495417
    ]
}