{
    "task": "xnli_hi",
    "expert_name": [
        "r-three/lora_baseline_lr3e-4_step400_rank64_xnli_hi",
        "leedahyeon/0221_gamsa_test_cp3000",
        "phungkhaccuong/afbdf303-5ec3-cb90-b17b-283c6f8ad70b",
        "CounterNarratives/Meta-Llama-3.1-8B-Instruct_english_premises_a",
        "britojr/llama3.1-sec10q_v2",
        "Atharva-07/classification_task",
        "aleegis10/8ed9fe91-c2b5-42ca-8efb-927b4c8fbf45",
        "robiulawaldev/da92a142-8a96-438e-80b3-13cf5e027f66",
        "LangAGI-Lab/Meta-Llama-3.1-8B-Instruct-WM-acctree-16k-75-adapter-new",
        "clembench-playpen/Llama-3-Clembench-Runs-Successful-Episodes_Top_10_Models_Individual_QA_adapted_image_game",
        "Yossim/fine_tuned_llama2",
        "duyphu/e1bc4b5a-5af6-4ce2-be2d-622344438659",
        "tanatapanun/Meta-Llama-3.1-8B-Instruct-NoteChat-32r-train-dataset-1-epochs-document-prompt-token-4096",
        "developerssy/Meta-Llama-3.1-8B-skills",
        "ncbateman/65eaec89-ddb3-4b65-866f-c621f95eea55",
        "hansh/hansken_human_hql",
        "minhtrannnn/3f048b0f-bb1e-4f5d-b68c-679dc5f1dd96",
        "nhunglaaaaaaa/8efc2e7d-f7f6-46a4-83bd-bf5ae190a347",
        "datlaaaaaaa/5c74b710-f2b8-45a0-8bbb-8b3c49d26627",
        "mkopecki/chess-lora-adapter-fp-llama-3.1-8b"
    ],
    "valid_accuracy": 0.6,
    "test_accuracy": 0.5908,
    "weights": [
        0.7505968147953367,
        0.16903672683392656,
        0.03922560064970119,
        0.07557352512451973,
        -0.011063151245557542,
        -0.040626556256890274,
        0.5044631795939857,
        -0.06987793496788063,
        -0.0036536365963408136,
        0.010286508406818473,
        0.023731159671984147,
        -0.0013005888923543988,
        0.015475153935867162,
        0.016355208870827795,
        0.07874793531596092,
        -0.03566199933142196,
        -0.02769591763700062,
        0.030338499509020178,
        0.00902982308351772,
        0.5365909877741094
    ]
}