{
    "task": "mmlu_combined",
    "expert_name": [
        "r-three/lora_baseline_lr3e-4_step400_rank64_mmlu_combined",
        "daje/model_5e-05_alpha-128_r-256",
        "LangAGI-Lab/Meta-Llama-3.1-8B-Instruct-WM-bootstrapped-16k-adapter",
        "datlaaaaaaa/cf707148-8a14-4b17-af50-c0c419a06bb2",
        "chchen/Llama-3.1-8B-Instruct-PsyCourse-info-chain-fold9",
        "chanadda/Meta-Llama-3.1-8B-Instruct-pantip",
        "yadayadayada1927/16_model",
        "Cookieeeeeeeeeeeeeee/llama_custom_zero",
        "thaffggg/f11180f1-1b9d-4b3c-8eee-94e554cf0f06",
        "hongngo/612beea2-1e23-46e9-b772-5d201f773304"
    ],
    "valid_accuracy": 0.55,
    "test_accuracy": 0.6036363636363636,
    "weights": [
        0.9259322155848433,
        0.5592799475747868,
        0.4661672224735961,
        0.48769248276687355,
        0.4523473282487297,
        -0.04142010776240203,
        0.022529266093115435,
        -0.06696595962212085,
        0.5686813686197153,
        -0.1578745200397432
    ]
}