{
    "task": "tweet_eval_hate",
    "expert_name": [
        "daje/model_5e-05_alpha-128_r-256",
        "LangAGI-Lab/Meta-Llama-3.1-8B-Instruct-WM-bootstrapped-16k-adapter",
        "datlaaaaaaa/cf707148-8a14-4b17-af50-c0c419a06bb2",
        "chchen/Llama-3.1-8B-Instruct-PsyCourse-info-chain-fold9",
        "chanadda/Meta-Llama-3.1-8B-Instruct-pantip"
    ],
    "valid_accuracy": 0.45,
    "test_accuracy": 0.5191919191919192,
    "weights": [
        -0.05721146115507006,
        1.373031652179028,
        1.4158868678987437,
        0.9965822089490123,
        0.03497014161099756
    ]
}