{
    "task": "formal_fallacies_syllogisms_negation",
    "expert_name": [
        "tanatapanun/Meta-Llama-3.1-8B-Instruct-NoteChat-32r-train-dataset-1-epochs-document-prompt-token-4096",
        "leedahyeon/0221_all_llama31_docs_cp3500",
        "minhtrannnn/0d5d4d02-c5c0-4607-b69a-0ddd8845e6f7",
        "robiulawaldev/da92a142-8a96-438e-80b3-13cf5e027f66",
        "gotzmann/1JV44C2nd"
    ],
    "valid_accuracy": 0.5,
    "test_accuracy": 0.5084507042253521,
    "weights": [
        0.9664083812476424,
        -0.23091752412852715,
        -0.023193634108168465,
        0.5697499581769843,
        1.0848382069901716
    ]
}