{
    "task": "qasc",
    "expert_name": [
        "daje/model_5e-05_alpha-128_r-256",
        "LangAGI-Lab/Meta-Llama-3.1-8B-Instruct-WM-bootstrapped-16k-adapter",
        "datlaaaaaaa/cf707148-8a14-4b17-af50-c0c419a06bb2",
        "chchen/Llama-3.1-8B-Instruct-PsyCourse-info-chain-fold9",
        "chanadda/Meta-Llama-3.1-8B-Instruct-pantip",
        "yadayadayada1927/16_model",
        "Cookieeeeeeeeeeeeeee/llama_custom_zero",
        "thaffggg/f11180f1-1b9d-4b3c-8eee-94e554cf0f06",
        "hongngo/612beea2-1e23-46e9-b772-5d201f773304",
        "barc0/induction-run2-gpt4omini-20k-100seeds-barc-llama3.1-8b-instruct-lora64_lr2e-4_epoch3",
        "clembench-playpen/llama-3.1-8B-Instruct-multi-step-collator_playpen_SFT-e3_DFINAL_0.7K-steps",
        "daje/model_2e-4_alpha-8_r-16",
        "Ozaii/Zephyrr",
        "chchen/Llama-3.1-8B-Instruct-PsyCourse-fold3",
        "thalllsssss/00a4666d-12ae-4972-9753-306a02cf9512",
        "nomadrp/tq-llama-sft-belebele",
        "lucy666/llama3.1-8B-Concise",
        "femT-data/llama-3.1-Instruct-finetuned-NER",
        "prxy5607/f59b404a-1d76-4c38-98b7-5a73c0ecea6e",
        "cshbi/fine_tune_output_eie_3.1"
    ],
    "valid_accuracy": 0.95,
    "test_accuracy": 0.8378378378378378,
    "weights": [
        0.47007291046557026,
        -0.2667293442680395,
        0.4684566109277874,
        0.396781139068273,
        0.008754150902338817,
        0.008293152671467638,
        -0.07230455199210908,
        -0.028889460592457228,
        -0.2696850763908349,
        -0.0071060465543899215,
        0.636205181149849,
        -0.02577447288268807,
        0.47686814362432495,
        -0.007488079374151212,
        0.5480150071524091,
        -0.02449884710801015,
        0.3949994040778614,
        0.5672187450488029,
        -0.0695118380674798,
        -0.01235177847128149
    ]
}