{
    "task": "tweet_topic_single",
    "expert_name": [
        "r-three/lora_baseline_lr3e-4_step400_rank64_tweet_topic_single",
        "tanatapanun/Meta-Llama-3.1-8B-Instruct-NoteChat-32r-train-dataset-1-epochs-document-prompt-token-4096",
        "leedahyeon/0221_all_llama31_docs_cp3500",
        "minhtrannnn/0d5d4d02-c5c0-4607-b69a-0ddd8845e6f7",
        "robiulawaldev/da92a142-8a96-438e-80b3-13cf5e027f66",
        "gotzmann/1JV44C2nd",
        "chchen/Llama-3.1-8B-Instruct-PsyCourse-doc-info-fold8",
        "daje/model_2e-4",
        "laquythang/07d7800a-5441-44b2-8e4b-5b1f2fb61a61",
        "prxy5606/98345738-30aa-41c4-bf69-2392a1ce4d0a",
        "LangAGI-Lab/Meta-Llama-3.1-8B-Instruct-WM-bootstrapped-16k-adapter",
        "myhaaaaaaa/2bd8eab3-2f15-4917-83d4-5245c3b84852",
        "CharlesLi/llama_3_unsafe_helpful",
        "mohmzm/llama_3_1_8b_instruct_document_relevance_test",
        "chchen/Llama-3.1-8B-Instruct-SAA-700",
        "GaetanMichelet/Llama-31-8B_task-2_180-samples_config-1_full",
        "EdBergJr/tablets_baha_arabic",
        "GaetanMichelet/Llama-31-8B_task-1_60-samples_config-1_full_auto",
        "nomadrp/tq-6-langs",
        "0x1202/0fa06e19-bb47-4f8b-9cc3-fa3e8c3c0982",
        "nhung03/8807e2a5-ff05-45b2-ab4b-a170e19c24b6",
        "npark95/qlora_llama3_0shot",
        "clembench-playpen/meta-llama-Meta-Llama-3.1-8B-Instruct_SFT_E1_D60006",
        "RoeReRe/Meta-LLama-3.1-8B-Instruct-Finetuned-Bias-4.5K",
        "estrogen/L3.1-8b-Ink-ep1-adpt",
        "Nevil9/PsyLlama",
        "MoreWrong/studybuddy",
        "clembench-playpen/meta-llama-Meta-Llama-3.1-8B-Instruct_SFT_D90003",
        "clembench-playpen/meta-llama-Meta-Llama-3.1-8B-Instruct_SFT_E1_D90000",
        "diagonalge/4ff3f177-6bb4-406d-b6ba-5fd891aee612"
    ],
    "valid_accuracy": 0.9,
    "test_accuracy": 0.8317152103559871,
    "weights": [
        1.0039807144329174,
        0.6582180295395849,
        0.2837895943332225,
        1.039026487746452,
        0.14045133877046478,
        -0.5984292280805592,
        0.0997986940408313,
        -0.06939391401309271,
        0.43613467739799466,
        -0.315726746292655,
        0.06625780434103036,
        -0.06508961599733235,
        0.6458011191010415,
        -0.20577072716132822,
        0.20510586080272894,
        -0.056019037266162766,
        0.24656316826656582,
        -0.05394443403639161,
        -0.04792265543947319,
        -0.06892015307081224,
        -0.15087413146608153,
        -0.14523173394623845,
        -0.05969299863612925,
        0.04385454994349741,
        -0.05295135152113109,
        -0.15413002879083837,
        -0.08673073854787014,
        -0.20577137904825432,
        -0.2942203116839086,
        0.2483053940288599
    ]
}