{
    "task": "web_of_lies",
    "expert_name": [
        "leedahyeon/0221_gamsa_test_cp3000",
        "phungkhaccuong/afbdf303-5ec3-cb90-b17b-283c6f8ad70b",
        "CounterNarratives/Meta-Llama-3.1-8B-Instruct_english_premises_a",
        "britojr/llama3.1-sec10q_v2",
        "Atharva-07/classification_task"
    ],
    "valid_accuracy": 0.6,
    "test_accuracy": 0.5671140939597316,
    "weights": [
        -0.038254326394613215,
        0.05614721426989713,
        -0.4178637298502256,
        -0.26660768323581785,
        0.13734222970341836
    ]
}