{
    "task": "formal_fallacies_syllogisms_negation",
    "expert_name": [
        "r-three/lora_baseline_lr3e-4_step400_rank64_formal_fallacies_syllogisms_negation",
        "leedahyeon/0221_gamsa_test_cp3000",
        "phungkhaccuong/afbdf303-5ec3-cb90-b17b-283c6f8ad70b",
        "CounterNarratives/Meta-Llama-3.1-8B-Instruct_english_premises_a",
        "britojr/llama3.1-sec10q_v2",
        "Atharva-07/classification_task",
        "aleegis10/8ed9fe91-c2b5-42ca-8efb-927b4c8fbf45",
        "robiulawaldev/da92a142-8a96-438e-80b3-13cf5e027f66",
        "LangAGI-Lab/Meta-Llama-3.1-8B-Instruct-WM-acctree-16k-75-adapter-new",
        "clembench-playpen/Llama-3-Clembench-Runs-Successful-Episodes_Top_10_Models_Individual_QA_adapted_image_game",
        "Yossim/fine_tuned_llama2",
        "duyphu/e1bc4b5a-5af6-4ce2-be2d-622344438659",
        "tanatapanun/Meta-Llama-3.1-8B-Instruct-NoteChat-32r-train-dataset-1-epochs-document-prompt-token-4096",
        "developerssy/Meta-Llama-3.1-8B-skills",
        "ncbateman/65eaec89-ddb3-4b65-866f-c621f95eea55",
        "hansh/hansken_human_hql",
        "minhtrannnn/3f048b0f-bb1e-4f5d-b68c-679dc5f1dd96",
        "nhunglaaaaaaa/8efc2e7d-f7f6-46a4-83bd-bf5ae190a347",
        "datlaaaaaaa/5c74b710-f2b8-45a0-8bbb-8b3c49d26627",
        "mkopecki/chess-lora-adapter-fp-llama-3.1-8b",
        "llm-wizard/llama381binstruct_summarize",
        "duyphu/4ecd8066-f334-4600-a146-3ec7b56f98be",
        "clembench-playpen/meta-llama-Meta-Llama-3.1-8B-Instruct_SFT_E1_DM002",
        "CharlesLi/llama_3_gsm8k_cot_simplest",
        "mohmzm/llama_3_1_8B_doc_rel_v0.1",
        "faridlazuarda/valadapt-llama-3.1-8B-it-bengali",
        "GaetanMichelet/Llama-31-8B_task-2_60-samples_config-1",
        "RAG-Gym/ReSearch-HotpotQA-SFT",
        "clembench-playpen/llama-3.1-8B-Instruct_playpen_ablation_SFT_DFINAL_0.4K-steps",
        "tanatapanun/Meta-Llama-3.1-8B-Instruct-NoteChat-32r-train-dataset-1-epochs-document-prompt-token-1024"
    ],
    "valid_accuracy": 0.65,
    "test_accuracy": 0.5823943661971831,
    "weights": [
        0.5711377332130569,
        0.410145853322157,
        0.004111225049156399,
        0.5037124029783497,
        0.07164433490647876,
        0.016204235304535672,
        -0.00415780072531749,
        -0.004128817651178226,
        -0.035796781413190495,
        0.013670958836415562,
        0.5052318325284685,
        -0.0022120848535856835,
        -0.007179105383512329,
        -0.0041588629305895145,
        -0.024524148324661293,
        -0.011720019181754407,
        -0.05447363990809272,
        0.0006585715252802153,
        0.00980994334925419,
        -0.004712296380436591,
        -0.011467826312067959,
        0.0017662805512443382,
        0.004272653012652441,
        -0.0033215968147554016,
        -0.011029464645881391,
        -0.0027670034001615624,
        0.005719166532919462,
        -0.004330107988665174,
        -0.02411598982239125,
        0.05356916313819244
    ]
}