{
    "task": "intersect_geometry",
    "expert_name": [
        "tanatapanun/Meta-Llama-3.1-8B-Instruct-NoteChat-32r-train-dataset-1-epochs-document-prompt-token-4096",
        "leedahyeon/0221_all_llama31_docs_cp3500",
        "minhtrannnn/0d5d4d02-c5c0-4607-b69a-0ddd8845e6f7",
        "robiulawaldev/da92a142-8a96-438e-80b3-13cf5e027f66",
        "gotzmann/1JV44C2nd",
        "chchen/Llama-3.1-8B-Instruct-PsyCourse-doc-info-fold8",
        "daje/model_2e-4",
        "laquythang/07d7800a-5441-44b2-8e4b-5b1f2fb61a61",
        "prxy5606/98345738-30aa-41c4-bf69-2392a1ce4d0a",
        "LangAGI-Lab/Meta-Llama-3.1-8B-Instruct-WM-bootstrapped-16k-adapter",
        "myhaaaaaaa/2bd8eab3-2f15-4917-83d4-5245c3b84852",
        "CharlesLi/llama_3_unsafe_helpful",
        "mohmzm/llama_3_1_8b_instruct_document_relevance_test",
        "chchen/Llama-3.1-8B-Instruct-SAA-700",
        "GaetanMichelet/Llama-31-8B_task-2_180-samples_config-1_full",
        "EdBergJr/tablets_baha_arabic",
        "GaetanMichelet/Llama-31-8B_task-1_60-samples_config-1_full_auto",
        "nomadrp/tq-6-langs",
        "0x1202/0fa06e19-bb47-4f8b-9cc3-fa3e8c3c0982",
        "nhung03/8807e2a5-ff05-45b2-ab4b-a170e19c24b6"
    ],
    "valid_accuracy": 0.1,
    "test_accuracy": 0.148,
    "weights": [
        0.36543782977735395,
        -0.3153455272756898,
        0.4879889024355346,
        0.06169682275719966,
        -0.20199165854739587,
        -0.224049497310572,
        -0.2716359970117349,
        -0.33630630695083613,
        0.7173780730709419,
        0.6467279398973207,
        0.05598265655696884,
        -0.09723511993118111,
        0.5930956467160369,
        -0.12280760454186729,
        -0.10774741342636003,
        -0.14968059068691844,
        -0.11507055097394162,
        -0.1517867473271539,
        0.48507526039424453,
        -0.07807618205805823
    ]
}