{
    "task": "xnli_th",
    "expert_name": [
        "daje/model_5e-05_alpha-128_r-256",
        "LangAGI-Lab/Meta-Llama-3.1-8B-Instruct-WM-bootstrapped-16k-adapter",
        "datlaaaaaaa/cf707148-8a14-4b17-af50-c0c419a06bb2",
        "chchen/Llama-3.1-8B-Instruct-PsyCourse-info-chain-fold9",
        "chanadda/Meta-Llama-3.1-8B-Instruct-pantip"
    ],
    "valid_accuracy": 0.4,
    "test_accuracy": 0.5132,
    "weights": [
        0.153383484728856,
        -0.042644438007810634,
        0.7834575371030525,
        0.680159792572783,
        0.6070810974011581
    ]
}