{
    "task": "intersect_geometry",
    "expert_name": [
        "leedahyeon/0221_gamsa_test_cp3000",
        "phungkhaccuong/afbdf303-5ec3-cb90-b17b-283c6f8ad70b",
        "CounterNarratives/Meta-Llama-3.1-8B-Instruct_english_premises_a",
        "britojr/llama3.1-sec10q_v2",
        "Atharva-07/classification_task",
        "aleegis10/8ed9fe91-c2b5-42ca-8efb-927b4c8fbf45",
        "robiulawaldev/da92a142-8a96-438e-80b3-13cf5e027f66",
        "LangAGI-Lab/Meta-Llama-3.1-8B-Instruct-WM-acctree-16k-75-adapter-new",
        "clembench-playpen/Llama-3-Clembench-Runs-Successful-Episodes_Top_10_Models_Individual_QA_adapted_image_game",
        "Yossim/fine_tuned_llama2",
        "duyphu/e1bc4b5a-5af6-4ce2-be2d-622344438659",
        "tanatapanun/Meta-Llama-3.1-8B-Instruct-NoteChat-32r-train-dataset-1-epochs-document-prompt-token-4096",
        "developerssy/Meta-Llama-3.1-8B-skills",
        "ncbateman/65eaec89-ddb3-4b65-866f-c621f95eea55",
        "hansh/hansken_human_hql",
        "minhtrannnn/3f048b0f-bb1e-4f5d-b68c-679dc5f1dd96",
        "nhunglaaaaaaa/8efc2e7d-f7f6-46a4-83bd-bf5ae190a347",
        "datlaaaaaaa/5c74b710-f2b8-45a0-8bbb-8b3c49d26627",
        "mkopecki/chess-lora-adapter-fp-llama-3.1-8b",
        "llm-wizard/llama381binstruct_summarize"
    ],
    "valid_accuracy": 0.15,
    "test_accuracy": 0.132,
    "weights": [
        -0.0709133019156368,
        0.028266452770433922,
        0.04658264005660428,
        0.27403533828592047,
        0.06422838851140247,
        0.5790584384927117,
        0.16363166424646494,
        0.6863383812055385,
        -0.030271647334820153,
        -0.030009203501724285,
        -0.004723387491161439,
        0.11046775857596426,
        0.001415077701223053,
        0.11300384212673052,
        -0.10305770879882836,
        -0.07356076965396718,
        0.10969238323597894,
        0.09203119492980338,
        -0.03611013164705869,
        0.6279115850971749
    ]
}