{
    "task": "object_counting",
    "expert_name": [
        "leedahyeon/0221_gamsa_test_cp3000",
        "phungkhaccuong/afbdf303-5ec3-cb90-b17b-283c6f8ad70b",
        "CounterNarratives/Meta-Llama-3.1-8B-Instruct_english_premises_a",
        "britojr/llama3.1-sec10q_v2",
        "Atharva-07/classification_task"
    ],
    "valid_accuracy": 0.25,
    "test_accuracy": 0.2873961218836565,
    "weights": [
        0.4997955958657611,
        -0.02477174520980505,
        0.0002928581154683388,
        0.49991747932297337,
        0.003279409497696372
    ]
}