{
    "task": "qasc",
    "expert_name": [
        "r-three/lora_baseline_lr3e-4_step400_rank64_qasc",
        "tanatapanun/Meta-Llama-3.1-8B-Instruct-NoteChat-32r-train-dataset-1-epochs-document-prompt-token-4096",
        "leedahyeon/0221_all_llama31_docs_cp3500",
        "minhtrannnn/0d5d4d02-c5c0-4607-b69a-0ddd8845e6f7",
        "robiulawaldev/da92a142-8a96-438e-80b3-13cf5e027f66",
        "gotzmann/1JV44C2nd",
        "chchen/Llama-3.1-8B-Instruct-PsyCourse-doc-info-fold8",
        "daje/model_2e-4",
        "laquythang/07d7800a-5441-44b2-8e4b-5b1f2fb61a61",
        "prxy5606/98345738-30aa-41c4-bf69-2392a1ce4d0a"
    ],
    "valid_accuracy": 1.0,
    "test_accuracy": 0.9471744471744472,
    "weights": [
        0.8179525813992325,
        0.2541704276869632,
        0.27559821536476214,
        -0.007254792020443896,
        0.026863450871897235,
        -0.001132537813713883,
        0.37266748052196963,
        -0.01156913223806125,
        -0.02093181610388728,
        -0.014164090509621148
    ]
}