{
    "task": "unit_conversion_si_conversion",
    "expert_name": [
        "r-three/lora_baseline_lr3e-4_step400_rank64_unit_conversion_si_conversion",
        "daje/model_5e-05_alpha-128_r-256",
        "LangAGI-Lab/Meta-Llama-3.1-8B-Instruct-WM-bootstrapped-16k-adapter",
        "datlaaaaaaa/cf707148-8a14-4b17-af50-c0c419a06bb2",
        "chchen/Llama-3.1-8B-Instruct-PsyCourse-info-chain-fold9",
        "chanadda/Meta-Llama-3.1-8B-Instruct-pantip",
        "yadayadayada1927/16_model",
        "Cookieeeeeeeeeeeeeee/llama_custom_zero",
        "thaffggg/f11180f1-1b9d-4b3c-8eee-94e554cf0f06",
        "hongngo/612beea2-1e23-46e9-b772-5d201f773304",
        "barc0/induction-run2-gpt4omini-20k-100seeds-barc-llama3.1-8b-instruct-lora64_lr2e-4_epoch3",
        "clembench-playpen/llama-3.1-8B-Instruct-multi-step-collator_playpen_SFT-e3_DFINAL_0.7K-steps",
        "daje/model_2e-4_alpha-8_r-16",
        "Ozaii/Zephyrr",
        "chchen/Llama-3.1-8B-Instruct-PsyCourse-fold3",
        "thalllsssss/00a4666d-12ae-4972-9753-306a02cf9512",
        "nomadrp/tq-llama-sft-belebele",
        "lucy666/llama3.1-8B-Concise",
        "femT-data/llama-3.1-Instruct-finetuned-NER",
        "prxy5607/f59b404a-1d76-4c38-98b7-5a73c0ecea6e"
    ],
    "valid_accuracy": 0.25,
    "test_accuracy": 0.17666666666666667,
    "weights": [
        0.5031715129103795,
        0.499807143920332,
        -4.129279825396445e-06,
        -0.024799672359158035,
        -9.432777802623848e-06,
        -2.3469485889636887e-05,
        -0.0001513368381996306,
        0.4999847046122817,
        6.373979254987845e-05,
        0.00016614029653214634,
        7.920225323906652e-05,
        0.0021244088792522174,
        3.1944531468164235e-05,
        4.764735412931729e-05,
        6.639110626755431e-05,
        4.570407659904922e-06,
        -0.0012399758998244165,
        4.14109936391289e-05,
        4.100646859316179e-05,
        8.403672546045299e-05
    ]
}