{
    "task": "tweet_topic_single",
    "expert_name": [
        "r-three/lora_baseline_lr3e-4_step400_rank64_tweet_topic_single",
        "daje/model_5e-05_alpha-128_r-256",
        "LangAGI-Lab/Meta-Llama-3.1-8B-Instruct-WM-bootstrapped-16k-adapter",
        "datlaaaaaaa/cf707148-8a14-4b17-af50-c0c419a06bb2",
        "chchen/Llama-3.1-8B-Instruct-PsyCourse-info-chain-fold9",
        "chanadda/Meta-Llama-3.1-8B-Instruct-pantip",
        "yadayadayada1927/16_model",
        "Cookieeeeeeeeeeeeeee/llama_custom_zero",
        "thaffggg/f11180f1-1b9d-4b3c-8eee-94e554cf0f06",
        "hongngo/612beea2-1e23-46e9-b772-5d201f773304",
        "barc0/induction-run2-gpt4omini-20k-100seeds-barc-llama3.1-8b-instruct-lora64_lr2e-4_epoch3",
        "clembench-playpen/llama-3.1-8B-Instruct-multi-step-collator_playpen_SFT-e3_DFINAL_0.7K-steps",
        "daje/model_2e-4_alpha-8_r-16",
        "Ozaii/Zephyrr",
        "chchen/Llama-3.1-8B-Instruct-PsyCourse-fold3",
        "thalllsssss/00a4666d-12ae-4972-9753-306a02cf9512",
        "nomadrp/tq-llama-sft-belebele",
        "lucy666/llama3.1-8B-Concise",
        "femT-data/llama-3.1-Instruct-finetuned-NER",
        "prxy5607/f59b404a-1d76-4c38-98b7-5a73c0ecea6e",
        "cshbi/fine_tune_output_eie_3.1",
        "Alphatao/9176ae39-6635-4492-ae61-927f06585355",
        "minhtrannnn/3f048b0f-bb1e-4f5d-b68c-679dc5f1dd96",
        "XicoC/llama381binstruct_summarize_short",
        "chchen/Llama-3.1-8B-Instruct-SFT-1000",
        "leedahyeon/0219_all_llama31_cp3500",
        "ciloku/ceee306b-b546-42b7-99ba-fef7fcc1bd26",
        "chauhoang/a7b71eb1-db0f-4c12-ae7f-75544046c341",
        "GaetanMichelet/Llama-31-8B_task-3_180-samples_config-1",
        "Hiranmai49/Llama-3.1-8B-Instruct-contracts-pretrainLlama3.18b"
    ],
    "valid_accuracy": 0.9,
    "test_accuracy": 0.8402471315092674,
    "weights": [
        0.9487032843643138,
        0.009393777312654748,
        1.1456125360228655,
        0.7175033203255584,
        0.1734870087748787,
        -0.13141434280465883,
        -0.7296027526634153,
        0.2539306541009949,
        0.27390482366184776,
        0.6037272915998343,
        0.050707006557917454,
        -0.05034840521496258,
        0.07646314663248513,
        -0.007210462901335465,
        -0.3118420252565722,
        0.016922265077622838,
        0.2891393192823103,
        -0.2717583204449045,
        -0.3704401167957816,
        -0.09619283812193591,
        -0.04890717497677766,
        -0.04561537278116269,
        0.10625750730749886,
        0.674420393699608,
        0.34582615252179005,
        -0.012095171940713195,
        0.024613545934465634,
        0.2168412122526015,
        0.8107126433494755,
        -0.15846695533503058
    ]
}