{
    "task": "ade_corpus_v2",
    "expert_name": [
        "daje/model_5e-05_alpha-128_r-256",
        "LangAGI-Lab/Meta-Llama-3.1-8B-Instruct-WM-bootstrapped-16k-adapter",
        "datlaaaaaaa/cf707148-8a14-4b17-af50-c0c419a06bb2",
        "chchen/Llama-3.1-8B-Instruct-PsyCourse-info-chain-fold9",
        "chanadda/Meta-Llama-3.1-8B-Instruct-pantip"
    ],
    "valid_accuracy": 0.75,
    "test_accuracy": 0.810374149659864,
    "weights": [
        0.06885285207831177,
        1.078694566357362,
        0.6452402379229892,
        0.5321243178651889,
        0.5340859310349679
    ]
}