{
    "task": "circa",
    "expert_name": [
        "r-three/lora_baseline_lr3e-4_step400_rank64_circa",
        "daje/model_5e-05_alpha-128_r-256",
        "LangAGI-Lab/Meta-Llama-3.1-8B-Instruct-WM-bootstrapped-16k-adapter",
        "datlaaaaaaa/cf707148-8a14-4b17-af50-c0c419a06bb2",
        "chchen/Llama-3.1-8B-Instruct-PsyCourse-info-chain-fold9",
        "chanadda/Meta-Llama-3.1-8B-Instruct-pantip",
        "yadayadayada1927/16_model",
        "Cookieeeeeeeeeeeeeee/llama_custom_zero",
        "thaffggg/f11180f1-1b9d-4b3c-8eee-94e554cf0f06",
        "hongngo/612beea2-1e23-46e9-b772-5d201f773304",
        "barc0/induction-run2-gpt4omini-20k-100seeds-barc-llama3.1-8b-instruct-lora64_lr2e-4_epoch3",
        "clembench-playpen/llama-3.1-8B-Instruct-multi-step-collator_playpen_SFT-e3_DFINAL_0.7K-steps",
        "daje/model_2e-4_alpha-8_r-16",
        "Ozaii/Zephyrr",
        "chchen/Llama-3.1-8B-Instruct-PsyCourse-fold3",
        "thalllsssss/00a4666d-12ae-4972-9753-306a02cf9512",
        "nomadrp/tq-llama-sft-belebele",
        "lucy666/llama3.1-8B-Concise",
        "femT-data/llama-3.1-Instruct-finetuned-NER",
        "prxy5607/f59b404a-1d76-4c38-98b7-5a73c0ecea6e"
    ],
    "valid_accuracy": 0.85,
    "test_accuracy": 0.8225853516194923,
    "weights": [
        1.0424630145972837,
        0.35362745510154836,
        0.49519525352792326,
        0.5122282423515945,
        0.5238678940073442,
        -0.07603140214216325,
        -0.06988343774801666,
        0.48269700789390657,
        0.4875141362747943,
        0.16354717132218977,
        -0.30977791163328044,
        -0.08660699813615357,
        -0.11338037312093652,
        -0.1834031659297973,
        -0.05689157951830589,
        -0.016510283359079315,
        0.8491416781041666,
        -0.07177193491569679,
        -0.1210863083033486,
        -0.4155193955678138
    ]
}