{
    "task": "clinc_oos",
    "expert_name": [
        "r-three/lora_baseline_lr3e-4_step400_rank64_clinc_oos",
        "leedahyeon/0221_gamsa_test_cp3000",
        "phungkhaccuong/afbdf303-5ec3-cb90-b17b-283c6f8ad70b",
        "CounterNarratives/Meta-Llama-3.1-8B-Instruct_english_premises_a",
        "britojr/llama3.1-sec10q_v2",
        "Atharva-07/classification_task",
        "aleegis10/8ed9fe91-c2b5-42ca-8efb-927b4c8fbf45",
        "robiulawaldev/da92a142-8a96-438e-80b3-13cf5e027f66",
        "LangAGI-Lab/Meta-Llama-3.1-8B-Instruct-WM-acctree-16k-75-adapter-new",
        "clembench-playpen/Llama-3-Clembench-Runs-Successful-Episodes_Top_10_Models_Individual_QA_adapted_image_game",
        "Yossim/fine_tuned_llama2",
        "duyphu/e1bc4b5a-5af6-4ce2-be2d-622344438659",
        "tanatapanun/Meta-Llama-3.1-8B-Instruct-NoteChat-32r-train-dataset-1-epochs-document-prompt-token-4096",
        "developerssy/Meta-Llama-3.1-8B-skills",
        "ncbateman/65eaec89-ddb3-4b65-866f-c621f95eea55",
        "hansh/hansken_human_hql",
        "minhtrannnn/3f048b0f-bb1e-4f5d-b68c-679dc5f1dd96",
        "nhunglaaaaaaa/8efc2e7d-f7f6-46a4-83bd-bf5ae190a347",
        "datlaaaaaaa/5c74b710-f2b8-45a0-8bbb-8b3c49d26627",
        "mkopecki/chess-lora-adapter-fp-llama-3.1-8b"
    ],
    "valid_accuracy": 0.8,
    "test_accuracy": 0.6804,
    "weights": [
        0.8462070040902089,
        0.4827387938806044,
        0.017563207716684116,
        -0.044067203748260404,
        0.043466206545692464,
        0.46640129175176354,
        -0.2645321600960343,
        -0.2048780530407944,
        -0.012420316563439726,
        0.04810725825384937,
        0.058507811501964116,
        0.6830019345833763,
        0.0474137836319906,
        0.053940477244544295,
        0.021639101465294176,
        -0.039178016035764075,
        0.039304483778297206,
        0.544990964811303,
        1.08818940613814,
        -0.2374850309305943
    ]
}