{
    "task": "stackoverflow_questions",
    "expert_name": [
        "leedahyeon/0221_gamsa_test_cp3000",
        "phungkhaccuong/afbdf303-5ec3-cb90-b17b-283c6f8ad70b",
        "CounterNarratives/Meta-Llama-3.1-8B-Instruct_english_premises_a",
        "britojr/llama3.1-sec10q_v2",
        "Atharva-07/classification_task",
        "aleegis10/8ed9fe91-c2b5-42ca-8efb-927b4c8fbf45",
        "robiulawaldev/da92a142-8a96-438e-80b3-13cf5e027f66",
        "LangAGI-Lab/Meta-Llama-3.1-8B-Instruct-WM-acctree-16k-75-adapter-new",
        "clembench-playpen/Llama-3-Clembench-Runs-Successful-Episodes_Top_10_Models_Individual_QA_adapted_image_game",
        "Yossim/fine_tuned_llama2"
    ],
    "valid_accuracy": 0.3157894736842105,
    "test_accuracy": 0.2670605011203911,
    "weights": [
        0.03281269067744089,
        0.4595874400708262,
        0.554888894136269,
        0.05593914268770092,
        0.04764442360745127,
        0.47038665424034404,
        0.0236834127232444,
        -0.00695699607100431,
        -0.03627102092391141,
        0.4765819269067689
    ]
}