{
    "task": "xnli_de",
    "expert_name": [
        "r-three/lora_baseline_lr3e-4_step400_rank64_xnli_de",
        "daje/model_5e-05_alpha-128_r-256",
        "LangAGI-Lab/Meta-Llama-3.1-8B-Instruct-WM-bootstrapped-16k-adapter",
        "datlaaaaaaa/cf707148-8a14-4b17-af50-c0c419a06bb2",
        "chchen/Llama-3.1-8B-Instruct-PsyCourse-info-chain-fold9",
        "chanadda/Meta-Llama-3.1-8B-Instruct-pantip",
        "yadayadayada1927/16_model",
        "Cookieeeeeeeeeeeeeee/llama_custom_zero",
        "thaffggg/f11180f1-1b9d-4b3c-8eee-94e554cf0f06",
        "hongngo/612beea2-1e23-46e9-b772-5d201f773304"
    ],
    "valid_accuracy": 0.7,
    "test_accuracy": 0.7148,
    "weights": [
        0.7880205313339317,
        0.47890594468638703,
        1.2213458473729055,
        0.4023687038262801,
        0.5194850084229937,
        0.44504943486683995,
        -0.03832186379973919,
        -0.015402092274074426,
        0.006612729048918974,
        0.04333718768752682
    ]
}