{
    "task": "twitter_complaints",
    "expert_name": [
        "r-three/lora_baseline_lr3e-4_step400_rank64_twitter_complaints",
        "daje/model_5e-05_alpha-128_r-256",
        "LangAGI-Lab/Meta-Llama-3.1-8B-Instruct-WM-bootstrapped-16k-adapter",
        "datlaaaaaaa/cf707148-8a14-4b17-af50-c0c419a06bb2",
        "chchen/Llama-3.1-8B-Instruct-PsyCourse-info-chain-fold9",
        "chanadda/Meta-Llama-3.1-8B-Instruct-pantip",
        "yadayadayada1927/16_model",
        "Cookieeeeeeeeeeeeeee/llama_custom_zero",
        "thaffggg/f11180f1-1b9d-4b3c-8eee-94e554cf0f06",
        "hongngo/612beea2-1e23-46e9-b772-5d201f773304",
        "barc0/induction-run2-gpt4omini-20k-100seeds-barc-llama3.1-8b-instruct-lora64_lr2e-4_epoch3",
        "clembench-playpen/llama-3.1-8B-Instruct-multi-step-collator_playpen_SFT-e3_DFINAL_0.7K-steps",
        "daje/model_2e-4_alpha-8_r-16",
        "Ozaii/Zephyrr",
        "chchen/Llama-3.1-8B-Instruct-PsyCourse-fold3",
        "thalllsssss/00a4666d-12ae-4972-9753-306a02cf9512",
        "nomadrp/tq-llama-sft-belebele",
        "lucy666/llama3.1-8B-Concise",
        "femT-data/llama-3.1-Instruct-finetuned-NER",
        "prxy5607/f59b404a-1d76-4c38-98b7-5a73c0ecea6e"
    ],
    "valid_accuracy": 1.0,
    "test_accuracy": 0.9101449275362319,
    "weights": [
        0.7715560071757707,
        0.3591197330971549,
        0.3481851695656749,
        0.4101131326826526,
        0.360367221803512,
        0.010570030586754823,
        -0.005817751504730417,
        -0.011401700996064922,
        -0.009191147236659184,
        0.005180089147483145,
        0.01260752109953975,
        0.04034260677673881,
        -0.02021451951995502,
        -0.02677897240446324,
        0.4036116757249703,
        -0.007119738667543383,
        0.2931020483374234,
        -0.0013623691002506888,
        -0.0031660851097482685,
        0.004608917986634365
    ]
}