{
    "task": "formal_fallacies_syllogisms_negation",
    "expert_name": [
        "leedahyeon/0221_gamsa_test_cp3000",
        "phungkhaccuong/afbdf303-5ec3-cb90-b17b-283c6f8ad70b",
        "CounterNarratives/Meta-Llama-3.1-8B-Instruct_english_premises_a",
        "britojr/llama3.1-sec10q_v2",
        "Atharva-07/classification_task"
    ],
    "valid_accuracy": 0.55,
    "test_accuracy": 0.5225352112676056,
    "weights": [
        -0.06414603188833175,
        0.5101745225184329,
        0.5302461034298163,
        0.22251346919310463,
        0.5132045748692122
    ]
}