{
    "task": "unit_conversion_si_conversion",
    "expert_name": [
        "r-three/lora_baseline_lr3e-4_step400_rank64_unit_conversion_si_conversion",
        "daje/model_5e-05_alpha-128_r-256",
        "LangAGI-Lab/Meta-Llama-3.1-8B-Instruct-WM-bootstrapped-16k-adapter",
        "datlaaaaaaa/cf707148-8a14-4b17-af50-c0c419a06bb2",
        "chchen/Llama-3.1-8B-Instruct-PsyCourse-info-chain-fold9",
        "chanadda/Meta-Llama-3.1-8B-Instruct-pantip",
        "yadayadayada1927/16_model",
        "Cookieeeeeeeeeeeeeee/llama_custom_zero",
        "thaffggg/f11180f1-1b9d-4b3c-8eee-94e554cf0f06",
        "hongngo/612beea2-1e23-46e9-b772-5d201f773304"
    ],
    "valid_accuracy": 0.25,
    "test_accuracy": 0.15666666666666668,
    "weights": [
        0.5001548743256313,
        0.5007224951176383,
        0.0046760334693531115,
        -0.0005512020298588903,
        0.000158918314032673,
        -0.0008936854815037929,
        0.0031527933778649534,
        -0.0026402579509916383,
        -0.002203879727907499,
        7.293358120274445e-05
    ]
}