{
    "task": "twitter_financial_news_sentiment",
    "expert_name": [
        "tanatapanun/Meta-Llama-3.1-8B-Instruct-NoteChat-32r-train-dataset-1-epochs-document-prompt-token-4096",
        "leedahyeon/0221_all_llama31_docs_cp3500",
        "minhtrannnn/0d5d4d02-c5c0-4607-b69a-0ddd8845e6f7",
        "robiulawaldev/da92a142-8a96-438e-80b3-13cf5e027f66",
        "gotzmann/1JV44C2nd",
        "chchen/Llama-3.1-8B-Instruct-PsyCourse-doc-info-fold8",
        "daje/model_2e-4",
        "laquythang/07d7800a-5441-44b2-8e4b-5b1f2fb61a61",
        "prxy5606/98345738-30aa-41c4-bf69-2392a1ce4d0a",
        "LangAGI-Lab/Meta-Llama-3.1-8B-Instruct-WM-bootstrapped-16k-adapter"
    ],
    "valid_accuracy": 0.2,
    "test_accuracy": 0.374869109947644,
    "weights": [
        -0.00420129098132322,
        -0.051373381600011016,
        0.005292569843450961,
        0.5310286491858207,
        -0.03550358785928169,
        0.03149793344606625,
        -0.0002446340890684299,
        0.47793774233109076,
        0.03598299397853235,
        -0.007589676053110028
    ]
}