{
    "task": "cryptonews_articles",
    "expert_name": [
        "r-three/lora_baseline_lr3e-4_step400_rank64_cryptonews_articles",
        "tanatapanun/Meta-Llama-3.1-8B-Instruct-NoteChat-32r-train-dataset-1-epochs-document-prompt-token-4096",
        "leedahyeon/0221_all_llama31_docs_cp3500",
        "minhtrannnn/0d5d4d02-c5c0-4607-b69a-0ddd8845e6f7",
        "robiulawaldev/da92a142-8a96-438e-80b3-13cf5e027f66"
    ],
    "valid_accuracy": 0.5,
    "test_accuracy": 0.6552,
    "weights": [
        0.46679125255013315,
        0.32632909569072455,
        0.459715965443862,
        -0.0271997012516319,
        0.5075845719304676
    ]
}