{
    "task": "mmlu_combined",
    "expert_name": [
        "daje/model_5e-05_alpha-128_r-256",
        "LangAGI-Lab/Meta-Llama-3.1-8B-Instruct-WM-bootstrapped-16k-adapter",
        "datlaaaaaaa/cf707148-8a14-4b17-af50-c0c419a06bb2",
        "chchen/Llama-3.1-8B-Instruct-PsyCourse-info-chain-fold9",
        "chanadda/Meta-Llama-3.1-8B-Instruct-pantip",
        "yadayadayada1927/16_model",
        "Cookieeeeeeeeeeeeeee/llama_custom_zero",
        "thaffggg/f11180f1-1b9d-4b3c-8eee-94e554cf0f06",
        "hongngo/612beea2-1e23-46e9-b772-5d201f773304",
        "barc0/induction-run2-gpt4omini-20k-100seeds-barc-llama3.1-8b-instruct-lora64_lr2e-4_epoch3",
        "clembench-playpen/llama-3.1-8B-Instruct-multi-step-collator_playpen_SFT-e3_DFINAL_0.7K-steps",
        "daje/model_2e-4_alpha-8_r-16",
        "Ozaii/Zephyrr",
        "chchen/Llama-3.1-8B-Instruct-PsyCourse-fold3",
        "thalllsssss/00a4666d-12ae-4972-9753-306a02cf9512",
        "nomadrp/tq-llama-sft-belebele",
        "lucy666/llama3.1-8B-Concise",
        "femT-data/llama-3.1-Instruct-finetuned-NER",
        "prxy5607/f59b404a-1d76-4c38-98b7-5a73c0ecea6e",
        "cshbi/fine_tune_output_eie_3.1",
        "Alphatao/9176ae39-6635-4492-ae61-927f06585355",
        "minhtrannnn/3f048b0f-bb1e-4f5d-b68c-679dc5f1dd96",
        "XicoC/llama381binstruct_summarize_short",
        "chchen/Llama-3.1-8B-Instruct-SFT-1000",
        "leedahyeon/0219_all_llama31_cp3500",
        "ciloku/ceee306b-b546-42b7-99ba-fef7fcc1bd26",
        "chauhoang/a7b71eb1-db0f-4c12-ae7f-75544046c341",
        "GaetanMichelet/Llama-31-8B_task-3_180-samples_config-1",
        "Hiranmai49/Llama-3.1-8B-Instruct-contracts-pretrainLlama3.18b",
        "nhungphammmmm/02e0c6ce-07ec-4fa6-b963-1642c8120d72"
    ],
    "valid_accuracy": 0.45,
    "test_accuracy": 0.5127272727272727,
    "weights": [
        0.45791707019797767,
        0.002202157612101338,
        0.43664120374146187,
        0.4259768356248557,
        0.43588950539866966,
        0.3639124160337199,
        -0.20599247614234906,
        0.6601541908635635,
        0.3353299994524654,
        -0.11972387081074361,
        -0.10027028566511598,
        -0.03399752207278576,
        -0.024527630274505108,
        0.7064400454361346,
        0.5207992480810706,
        0.5155797408943809,
        -0.03534778400934779,
        0.5554174093384047,
        -0.03476744372991732,
        0.5064087807858777,
        -0.09537041153856653,
        -0.021503740154639055,
        -0.040620752170918095,
        -0.13582425175984603,
        -0.11491669063437808,
        -0.027320449509932034,
        0.525310147553069,
        0.5267120632036298,
        -0.007218738862876646,
        0.0011639049459574809
    ]
}