{
    "task": "elementary_math_qa_question_only",
    "expert_name": [
        "r-three/lora_baseline_lr3e-4_step400_rank64_elementary_math_qa_question_only",
        "leedahyeon/0221_gamsa_test_cp3000",
        "phungkhaccuong/afbdf303-5ec3-cb90-b17b-283c6f8ad70b",
        "CounterNarratives/Meta-Llama-3.1-8B-Instruct_english_premises_a",
        "britojr/llama3.1-sec10q_v2",
        "Atharva-07/classification_task",
        "aleegis10/8ed9fe91-c2b5-42ca-8efb-927b4c8fbf45",
        "robiulawaldev/da92a142-8a96-438e-80b3-13cf5e027f66",
        "LangAGI-Lab/Meta-Llama-3.1-8B-Instruct-WM-acctree-16k-75-adapter-new",
        "clembench-playpen/Llama-3-Clembench-Runs-Successful-Episodes_Top_10_Models_Individual_QA_adapted_image_game"
    ],
    "valid_accuracy": 0.35,
    "test_accuracy": 0.19115734720416125,
    "weights": [
        0.6030863545926445,
        0.48244506547031085,
        0.504577342445828,
        0.5056387347662352,
        0.2675357628990472,
        -0.008773768073050425,
        0.5043423374148893,
        -0.0025018078266012263,
        0.5002531744324699,
        -0.01873272391116721
    ]
}