{
    "task": "overruling",
    "expert_name": [
        "daje/model_0.0002_alpha-32_r-64",
        "aseratus1/80dde36f-b140-4e57-a010-bebb9584c30b",
        "Tomlord/Llama-3.1-8B-Instruct-LoRA-Hp-adk",
        "clembench-playpen/llama-3.1-8B-Instruct-rehearsal-steps_playpen_SFT-e3_DFINAL_0.93K-steps",
        "faridlazuarda/valadapt-llama-3.1-8B-it-german"
    ],
    "valid_accuracy": 0.9,
    "test_accuracy": 0.8291666666666667,
    "weights": [
        -0.06978750210647039,
        0.02000005163639565,
        -7.754939042751939e-05,
        -0.0038355208606876768,
        0.4554515024522017
    ]
}