{
    "task": "anli",
    "expert_name": [
        "daje/model_5e-05_alpha-128_r-256",
        "LangAGI-Lab/Meta-Llama-3.1-8B-Instruct-WM-bootstrapped-16k-adapter",
        "datlaaaaaaa/cf707148-8a14-4b17-af50-c0c419a06bb2",
        "chchen/Llama-3.1-8B-Instruct-PsyCourse-info-chain-fold9",
        "chanadda/Meta-Llama-3.1-8B-Instruct-pantip"
    ],
    "valid_accuracy": 0.45,
    "test_accuracy": 0.383,
    "weights": [
        -0.005815510090778708,
        0.532998430090448,
        1.0356060089956798,
        0.7160139769822637,
        0.43931062684154304
    ]
}