{
    "task": "tweet_topic_single",
    "expert_name": [
        "r-three/lora_baseline_lr3e-4_step400_rank64_tweet_topic_single",
        "leedahyeon/0221_gamsa_test_cp3000",
        "phungkhaccuong/afbdf303-5ec3-cb90-b17b-283c6f8ad70b",
        "CounterNarratives/Meta-Llama-3.1-8B-Instruct_english_premises_a",
        "britojr/llama3.1-sec10q_v2"
    ],
    "valid_accuracy": 0.9,
    "test_accuracy": 0.8305383936451898,
    "weights": [
        1.1282787398201588,
        0.47783893117619813,
        -0.10576113620046147,
        0.08639065180662521,
        -0.36805665248773356
    ]
}