{
    "task": "anli",
    "expert_name": [
        "r-three/lora_baseline_lr3e-4_step400_rank64_anli",
        "tanatapanun/Meta-Llama-3.1-8B-Instruct-NoteChat-32r-train-dataset-1-epochs-document-prompt-token-4096",
        "leedahyeon/0221_all_llama31_docs_cp3500",
        "minhtrannnn/0d5d4d02-c5c0-4607-b69a-0ddd8845e6f7",
        "robiulawaldev/da92a142-8a96-438e-80b3-13cf5e027f66"
    ],
    "valid_accuracy": 0.65,
    "test_accuracy": 0.574,
    "weights": [
        0.6857755915302398,
        0.4246493050746375,
        0.35226408509652,
        0.5414437353098647,
        0.04859045946464175
    ]
}