{
    "task": "glue_qqp",
    "expert_name": [
        "r-three/lora_baseline_lr3e-4_step400_rank64_glue_qqp",
        "daje/model_5e-05_alpha-128_r-256",
        "LangAGI-Lab/Meta-Llama-3.1-8B-Instruct-WM-bootstrapped-16k-adapter",
        "datlaaaaaaa/cf707148-8a14-4b17-af50-c0c419a06bb2",
        "chchen/Llama-3.1-8B-Instruct-PsyCourse-info-chain-fold9",
        "chanadda/Meta-Llama-3.1-8B-Instruct-pantip",
        "yadayadayada1927/16_model",
        "Cookieeeeeeeeeeeeeee/llama_custom_zero",
        "thaffggg/f11180f1-1b9d-4b3c-8eee-94e554cf0f06",
        "hongngo/612beea2-1e23-46e9-b772-5d201f773304",
        "barc0/induction-run2-gpt4omini-20k-100seeds-barc-llama3.1-8b-instruct-lora64_lr2e-4_epoch3",
        "clembench-playpen/llama-3.1-8B-Instruct-multi-step-collator_playpen_SFT-e3_DFINAL_0.7K-steps",
        "daje/model_2e-4_alpha-8_r-16",
        "Ozaii/Zephyrr",
        "chchen/Llama-3.1-8B-Instruct-PsyCourse-fold3",
        "thalllsssss/00a4666d-12ae-4972-9753-306a02cf9512",
        "nomadrp/tq-llama-sft-belebele",
        "lucy666/llama3.1-8B-Concise",
        "femT-data/llama-3.1-Instruct-finetuned-NER",
        "prxy5607/f59b404a-1d76-4c38-98b7-5a73c0ecea6e"
    ],
    "valid_accuracy": 0.65,
    "test_accuracy": 0.8034,
    "weights": [
        0.7482958355426204,
        0.32378414475838957,
        0.508766279672218,
        0.017229948603877637,
        0.39400793744367874,
        0.026323890119393664,
        0.06695403804855703,
        0.12860828454510123,
        0.0725104100442352,
        0.5943931090049902,
        -0.06419278318514317,
        0.04717367352758108,
        0.011403727526023946,
        0.5204363046520963,
        0.07768382431857254,
        0.09074267253951702,
        -0.013048954239600865,
        0.003838151831103545,
        -0.04717444585741426,
        0.04142603808948702
    ]
}