{
    "task": "glue_qqp",
    "expert_name": [
        "r-three/lora_baseline_lr3e-4_step400_rank64_glue_qqp",
        "leedahyeon/0221_gamsa_test_cp3000",
        "phungkhaccuong/afbdf303-5ec3-cb90-b17b-283c6f8ad70b",
        "CounterNarratives/Meta-Llama-3.1-8B-Instruct_english_premises_a",
        "britojr/llama3.1-sec10q_v2",
        "Atharva-07/classification_task",
        "aleegis10/8ed9fe91-c2b5-42ca-8efb-927b4c8fbf45",
        "robiulawaldev/da92a142-8a96-438e-80b3-13cf5e027f66",
        "LangAGI-Lab/Meta-Llama-3.1-8B-Instruct-WM-acctree-16k-75-adapter-new",
        "clembench-playpen/Llama-3-Clembench-Runs-Successful-Episodes_Top_10_Models_Individual_QA_adapted_image_game",
        "Yossim/fine_tuned_llama2",
        "duyphu/e1bc4b5a-5af6-4ce2-be2d-622344438659",
        "tanatapanun/Meta-Llama-3.1-8B-Instruct-NoteChat-32r-train-dataset-1-epochs-document-prompt-token-4096",
        "developerssy/Meta-Llama-3.1-8B-skills",
        "ncbateman/65eaec89-ddb3-4b65-866f-c621f95eea55",
        "hansh/hansken_human_hql",
        "minhtrannnn/3f048b0f-bb1e-4f5d-b68c-679dc5f1dd96",
        "nhunglaaaaaaa/8efc2e7d-f7f6-46a4-83bd-bf5ae190a347",
        "datlaaaaaaa/5c74b710-f2b8-45a0-8bbb-8b3c49d26627",
        "mkopecki/chess-lora-adapter-fp-llama-3.1-8b"
    ],
    "valid_accuracy": 0.65,
    "test_accuracy": 0.8072,
    "weights": [
        0.9985737379541476,
        0.3659244293402132,
        0.7239354767046895,
        0.133689234106285,
        -0.2266779014662255,
        0.20026232958859302,
        -0.24448451501866114,
        -0.1482065907760185,
        0.22042811299151985,
        -0.13786868545898692,
        0.019397484606859913,
        0.7906163155334758,
        -0.2615454512717097,
        0.05460808552981999,
        -0.05973212937609951,
        -0.06207746845182818,
        -0.07282146004201644,
        0.036817016872394914,
        0.541390307511183,
        -0.054531283055346776
    ]
}