{
    "task": "race_high",
    "expert_name": [
        "r-three/lora_baseline_10_lr3e-4_step100_rank64_race_high",
        "tanatapanun/Meta-Llama-3.1-8B-Instruct-NoteChat-32r-train-dataset-1-epochs-document-prompt-token-4096",
        "leedahyeon/0221_all_llama31_docs_cp3500",
        "minhtrannnn/0d5d4d02-c5c0-4607-b69a-0ddd8845e6f7",
        "robiulawaldev/da92a142-8a96-438e-80b3-13cf5e027f66",
        "gotzmann/1JV44C2nd",
        "chchen/Llama-3.1-8B-Instruct-PsyCourse-doc-info-fold8",
        "daje/model_2e-4",
        "laquythang/07d7800a-5441-44b2-8e4b-5b1f2fb61a61",
        "prxy5606/98345738-30aa-41c4-bf69-2392a1ce4d0a",
        "LangAGI-Lab/Meta-Llama-3.1-8B-Instruct-WM-bootstrapped-16k-adapter",
        "myhaaaaaaa/2bd8eab3-2f15-4917-83d4-5245c3b84852",
        "CharlesLi/llama_3_unsafe_helpful",
        "mohmzm/llama_3_1_8b_instruct_document_relevance_test",
        "chchen/Llama-3.1-8B-Instruct-SAA-700",
        "GaetanMichelet/Llama-31-8B_task-2_180-samples_config-1_full",
        "EdBergJr/tablets_baha_arabic",
        "GaetanMichelet/Llama-31-8B_task-1_60-samples_config-1_full_auto",
        "nomadrp/tq-6-langs",
        "0x1202/0fa06e19-bb47-4f8b-9cc3-fa3e8c3c0982",
        "nhung03/8807e2a5-ff05-45b2-ab4b-a170e19c24b6",
        "npark95/qlora_llama3_0shot",
        "clembench-playpen/meta-llama-Meta-Llama-3.1-8B-Instruct_SFT_E1_D60006",
        "RoeReRe/Meta-LLama-3.1-8B-Instruct-Finetuned-Bias-4.5K",
        "estrogen/L3.1-8b-Ink-ep1-adpt",
        "Nevil9/PsyLlama",
        "MoreWrong/studybuddy",
        "clembench-playpen/meta-llama-Meta-Llama-3.1-8B-Instruct_SFT_D90003",
        "clembench-playpen/meta-llama-Meta-Llama-3.1-8B-Instruct_SFT_E1_D90000",
        "diagonalge/4ff3f177-6bb4-406d-b6ba-5fd891aee612"
    ],
    "train+valid_accuracy": 1.0,
    "test_accuracy": 0.6878216123499142,
    "weights": [
        0.49993406404000895,
        -0.00022847141107897013,
        0.4976359140887858,
        -5.054091556851561e-06,
        -2.1776844292731525e-05,
        -2.0680447759425354e-05,
        -2.3912752361679458e-05,
        -2.5528143948272302e-05,
        -2.5334412786810638e-05,
        -2.7217857625605526e-05,
        -2.6574537650091254e-05,
        -2.764422309971796e-05,
        -2.8481921580074634e-05,
        -2.7721933747472257e-05,
        -2.9240182225477734e-05,
        -3.0361165820476165e-05,
        -2.8039316290863797e-05,
        -3.0137143531893097e-05,
        -3.077217194353377e-05,
        -2.8823806800561365e-05,
        -3.226124038910498e-05,
        0.0003375981574856658,
        -2.7122611947441988e-05,
        -2.953400861315974e-05,
        -2.564198931813728e-05,
        -0.00027161690054676175,
        -3.125214145717829e-05,
        -0.0006315971595696613,
        -2.7020503254245658e-05,
        -3.228194939742081e-05
    ]
}