{
    "task": "tweet_topic_single",
    "expert_name": [
        "leedahyeon/0221_gamsa_test_cp3000",
        "phungkhaccuong/afbdf303-5ec3-cb90-b17b-283c6f8ad70b",
        "CounterNarratives/Meta-Llama-3.1-8B-Instruct_english_premises_a",
        "britojr/llama3.1-sec10q_v2",
        "Atharva-07/classification_task",
        "aleegis10/8ed9fe91-c2b5-42ca-8efb-927b4c8fbf45",
        "robiulawaldev/da92a142-8a96-438e-80b3-13cf5e027f66",
        "LangAGI-Lab/Meta-Llama-3.1-8B-Instruct-WM-acctree-16k-75-adapter-new",
        "clembench-playpen/Llama-3-Clembench-Runs-Successful-Episodes_Top_10_Models_Individual_QA_adapted_image_game",
        "Yossim/fine_tuned_llama2"
    ],
    "valid_accuracy": 0.8,
    "test_accuracy": 0.7216828478964401,
    "weights": [
        0.6621858162186145,
        -0.006199810595181805,
        0.10279763876325647,
        0.13012928566159335,
        0.4235247553542048,
        0.776598795744733,
        0.5084477061153279,
        0.5082781871512883,
        0.5202465423405895,
        -0.03890774637980495
    ]
}