{
    "task": "mmlu_combined",
    "expert_name": [
        "leedahyeon/0221_gamsa_test_cp3000",
        "phungkhaccuong/afbdf303-5ec3-cb90-b17b-283c6f8ad70b",
        "CounterNarratives/Meta-Llama-3.1-8B-Instruct_english_premises_a",
        "britojr/llama3.1-sec10q_v2",
        "Atharva-07/classification_task"
    ],
    "valid_accuracy": 0.25,
    "test_accuracy": 0.29454545454545455,
    "weights": [
        0.2594526890806738,
        0.3955779055875828,
        0.43032841441109654,
        0.3262320071381799,
        1.0555487805340054
    ]
}