{
    "task": "xnli_es",
    "expert_name": [
        "r-three/lora_baseline_lr3e-4_step400_rank64_xnli_es",
        "tanatapanun/Meta-Llama-3.1-8B-Instruct-NoteChat-32r-train-dataset-1-epochs-document-prompt-token-4096",
        "leedahyeon/0221_all_llama31_docs_cp3500",
        "minhtrannnn/0d5d4d02-c5c0-4607-b69a-0ddd8845e6f7",
        "robiulawaldev/da92a142-8a96-438e-80b3-13cf5e027f66",
        "gotzmann/1JV44C2nd",
        "chchen/Llama-3.1-8B-Instruct-PsyCourse-doc-info-fold8",
        "daje/model_2e-4",
        "laquythang/07d7800a-5441-44b2-8e4b-5b1f2fb61a61",
        "prxy5606/98345738-30aa-41c4-bf69-2392a1ce4d0a",
        "LangAGI-Lab/Meta-Llama-3.1-8B-Instruct-WM-bootstrapped-16k-adapter",
        "myhaaaaaaa/2bd8eab3-2f15-4917-83d4-5245c3b84852",
        "CharlesLi/llama_3_unsafe_helpful",
        "mohmzm/llama_3_1_8b_instruct_document_relevance_test",
        "chchen/Llama-3.1-8B-Instruct-SAA-700",
        "GaetanMichelet/Llama-31-8B_task-2_180-samples_config-1_full",
        "EdBergJr/tablets_baha_arabic",
        "GaetanMichelet/Llama-31-8B_task-1_60-samples_config-1_full_auto",
        "nomadrp/tq-6-langs",
        "0x1202/0fa06e19-bb47-4f8b-9cc3-fa3e8c3c0982"
    ],
    "valid_accuracy": 0.7,
    "test_accuracy": 0.6824,
    "weights": [
        0.9473183838056265,
        0.5295180044782626,
        0.6108152002534161,
        0.07949846998694123,
        -0.20439186432647916,
        0.08148519992935897,
        -0.04841893649878694,
        -0.2674524595242137,
        0.08332784569868364,
        0.07459396866863943,
        0.5933730358195222,
        -0.008816128050884787,
        -0.004673440591463449,
        -0.1038088642353974,
        0.5322428137843925,
        -0.025312517616070476,
        -0.004619161411578012,
        0.5038756316758792,
        -0.009205848721741553,
        -0.005681839663539315
    ]
}