{
    "task": "disfl_qa",
    "expert_name": [
        "r-three/lora_baseline_lr3e-4_step400_rank64_disfl_qa",
        "leedahyeon/0221_gamsa_test_cp3000",
        "phungkhaccuong/afbdf303-5ec3-cb90-b17b-283c6f8ad70b",
        "CounterNarratives/Meta-Llama-3.1-8B-Instruct_english_premises_a",
        "britojr/llama3.1-sec10q_v2"
    ],
    "valid_accuracy": 0.4,
    "test_accuracy": 0.42,
    "weights": [
        1.112156617221203,
        0.5281997163254009,
        0.0022826896343321997,
        -0.14699492478095144,
        -0.0716053292141802
    ]
}