{
    "task": "circa",
    "expert_name": [
        "r-three/lora_baseline_lr3e-4_step400_rank64_circa",
        "leedahyeon/0221_gamsa_test_cp3000",
        "phungkhaccuong/afbdf303-5ec3-cb90-b17b-283c6f8ad70b",
        "CounterNarratives/Meta-Llama-3.1-8B-Instruct_english_premises_a",
        "britojr/llama3.1-sec10q_v2",
        "Atharva-07/classification_task",
        "aleegis10/8ed9fe91-c2b5-42ca-8efb-927b4c8fbf45",
        "robiulawaldev/da92a142-8a96-438e-80b3-13cf5e027f66",
        "LangAGI-Lab/Meta-Llama-3.1-8B-Instruct-WM-acctree-16k-75-adapter-new",
        "clembench-playpen/Llama-3-Clembench-Runs-Successful-Episodes_Top_10_Models_Individual_QA_adapted_image_game"
    ],
    "valid_accuracy": 0.8,
    "test_accuracy": 0.81120513568719,
    "weights": [
        1.000903005998712,
        0.8648785248175862,
        1.0507134384365492e-05,
        -0.006456019727400388,
        -0.10242455096876879,
        0.00923494809605136,
        0.014086257827435653,
        -0.026004994631419927,
        -0.04855216017412904,
        -0.03842479634837651
    ]
}