{
    "task": "reasoning_about_colored_objects",
    "expert_name": [
        "r-three/lora_baseline_lr3e-4_step400_rank64_reasoning_about_colored_objects",
        "daje/model_5e-05_alpha-128_r-256",
        "LangAGI-Lab/Meta-Llama-3.1-8B-Instruct-WM-bootstrapped-16k-adapter",
        "datlaaaaaaa/cf707148-8a14-4b17-af50-c0c419a06bb2",
        "chchen/Llama-3.1-8B-Instruct-PsyCourse-info-chain-fold9",
        "chanadda/Meta-Llama-3.1-8B-Instruct-pantip",
        "yadayadayada1927/16_model",
        "Cookieeeeeeeeeeeeeee/llama_custom_zero",
        "thaffggg/f11180f1-1b9d-4b3c-8eee-94e554cf0f06",
        "hongngo/612beea2-1e23-46e9-b772-5d201f773304"
    ],
    "valid_accuracy": 0.8,
    "test_accuracy": 0.69625,
    "weights": [
        0.9648535092828079,
        0.48858892873548015,
        0.49975611753792054,
        0.4823625657293278,
        0.47496756787045064,
        -0.039641637182558455,
        0.04294985932180606,
        0.03615458466206992,
        -0.03956037925448162,
        0.06583908113235935
    ]
}