{
    "task": "xnli_hi",
    "expert_name": [
        "daje/model_5e-05_alpha-128_r-256",
        "LangAGI-Lab/Meta-Llama-3.1-8B-Instruct-WM-bootstrapped-16k-adapter",
        "datlaaaaaaa/cf707148-8a14-4b17-af50-c0c419a06bb2",
        "chchen/Llama-3.1-8B-Instruct-PsyCourse-info-chain-fold9",
        "chanadda/Meta-Llama-3.1-8B-Instruct-pantip"
    ],
    "valid_accuracy": 0.5,
    "test_accuracy": 0.5206,
    "weights": [
        -0.3706542102352616,
        -0.017163545048954235,
        1.108360791153061,
        0.21471871912817803,
        -0.007266766456554148
    ]
}