{
    "task": "toxic_chat",
    "expert_name": [
        "r-three/lora_baseline_lr3e-4_step400_rank64_toxic_chat",
        "tanatapanun/Meta-Llama-3.1-8B-Instruct-NoteChat-32r-train-dataset-1-epochs-document-prompt-token-4096",
        "leedahyeon/0221_all_llama31_docs_cp3500",
        "minhtrannnn/0d5d4d02-c5c0-4607-b69a-0ddd8845e6f7",
        "robiulawaldev/da92a142-8a96-438e-80b3-13cf5e027f66",
        "gotzmann/1JV44C2nd",
        "chchen/Llama-3.1-8B-Instruct-PsyCourse-doc-info-fold8",
        "daje/model_2e-4",
        "laquythang/07d7800a-5441-44b2-8e4b-5b1f2fb61a61",
        "prxy5606/98345738-30aa-41c4-bf69-2392a1ce4d0a"
    ],
    "valid_accuracy": 1.0,
    "test_accuracy": 0.9534,
    "weights": [
        0.9658216382356734,
        0.1697317912755366,
        0.0010186755035650162,
        -0.2022199253324847,
        0.13776567035998802,
        0.375511300608761,
        0.0006859313874307328,
        -0.0013920446601738982,
        0.3915194839568549,
        0.005648892776657293
    ]
}