{
    "task": "machine_paraphrase_dataset",
    "expert_name": [
        "daje/model_0.0002_alpha-32_r-64",
        "aseratus1/80dde36f-b140-4e57-a010-bebb9584c30b",
        "Tomlord/Llama-3.1-8B-Instruct-LoRA-Hp-adk",
        "clembench-playpen/llama-3.1-8B-Instruct-rehearsal-steps_playpen_SFT-e3_DFINAL_0.93K-steps",
        "faridlazuarda/valadapt-llama-3.1-8B-it-german"
    ],
    "valid_accuracy": 0.65,
    "test_accuracy": 0.5177035407081416,
    "weights": [
        0.2026503674784779,
        0.056436283670089876,
        0.06229974819642742,
        0.9501323407153249,
        0.08073478143987092
    ]
}