{
    "task": "object_counting",
    "expert_name": [
        "r-three/lora_baseline_lr3e-4_step400_rank64_object_counting",
        "daje/model_5e-05_alpha-128_r-256",
        "LangAGI-Lab/Meta-Llama-3.1-8B-Instruct-WM-bootstrapped-16k-adapter",
        "datlaaaaaaa/cf707148-8a14-4b17-af50-c0c419a06bb2",
        "chchen/Llama-3.1-8B-Instruct-PsyCourse-info-chain-fold9",
        "chanadda/Meta-Llama-3.1-8B-Instruct-pantip",
        "yadayadayada1927/16_model",
        "Cookieeeeeeeeeeeeeee/llama_custom_zero",
        "thaffggg/f11180f1-1b9d-4b3c-8eee-94e554cf0f06",
        "hongngo/612beea2-1e23-46e9-b772-5d201f773304",
        "barc0/induction-run2-gpt4omini-20k-100seeds-barc-llama3.1-8b-instruct-lora64_lr2e-4_epoch3",
        "clembench-playpen/llama-3.1-8B-Instruct-multi-step-collator_playpen_SFT-e3_DFINAL_0.7K-steps",
        "daje/model_2e-4_alpha-8_r-16",
        "Ozaii/Zephyrr",
        "chchen/Llama-3.1-8B-Instruct-PsyCourse-fold3",
        "thalllsssss/00a4666d-12ae-4972-9753-306a02cf9512",
        "nomadrp/tq-llama-sft-belebele",
        "lucy666/llama3.1-8B-Concise",
        "femT-data/llama-3.1-Instruct-finetuned-NER",
        "prxy5607/f59b404a-1d76-4c38-98b7-5a73c0ecea6e",
        "cshbi/fine_tune_output_eie_3.1",
        "Alphatao/9176ae39-6635-4492-ae61-927f06585355",
        "minhtrannnn/3f048b0f-bb1e-4f5d-b68c-679dc5f1dd96",
        "XicoC/llama381binstruct_summarize_short",
        "chchen/Llama-3.1-8B-Instruct-SFT-1000",
        "leedahyeon/0219_all_llama31_cp3500",
        "ciloku/ceee306b-b546-42b7-99ba-fef7fcc1bd26",
        "chauhoang/a7b71eb1-db0f-4c12-ae7f-75544046c341",
        "GaetanMichelet/Llama-31-8B_task-3_180-samples_config-1",
        "Hiranmai49/Llama-3.1-8B-Instruct-contracts-pretrainLlama3.18b"
    ],
    "valid_accuracy": 0.55,
    "test_accuracy": 0.5831024930747922,
    "weights": [
        0.7366937494451489,
        0.10619902922756085,
        0.5930862516401474,
        0.38780265516809626,
        0.1162351143755143,
        0.22926695805995329,
        -0.11570195859039743,
        0.09296506165690263,
        0.27618228080491725,
        0.08748215835594009,
        0.08480440409729256,
        -0.027134955811138756,
        -0.0413160840320195,
        0.09676998419546559,
        -0.22523111791103728,
        0.4209021636888397,
        -0.09312888246633866,
        -0.08228130691290299,
        0.4151477966428419,
        0.006181008456718343,
        0.003517621406317711,
        -0.011118506166989327,
        0.0021957766248471974,
        -0.3158869213966327,
        -0.06959323734128244,
        0.5531503983515046,
        -0.05798478464321562,
        0.5295022457751379,
        0.5205210794398268,
        0.0008812040476539073
    ]
}