{
    "task": "reasoning_about_colored_objects",
    "expert_name": [
        "r-three/lora_baseline_lr3e-4_step400_rank64_reasoning_about_colored_objects",
        "tanatapanun/Meta-Llama-3.1-8B-Instruct-NoteChat-32r-train-dataset-1-epochs-document-prompt-token-4096",
        "leedahyeon/0221_all_llama31_docs_cp3500",
        "minhtrannnn/0d5d4d02-c5c0-4607-b69a-0ddd8845e6f7",
        "robiulawaldev/da92a142-8a96-438e-80b3-13cf5e027f66",
        "gotzmann/1JV44C2nd",
        "chchen/Llama-3.1-8B-Instruct-PsyCourse-doc-info-fold8",
        "daje/model_2e-4",
        "laquythang/07d7800a-5441-44b2-8e4b-5b1f2fb61a61",
        "prxy5606/98345738-30aa-41c4-bf69-2392a1ce4d0a",
        "LangAGI-Lab/Meta-Llama-3.1-8B-Instruct-WM-bootstrapped-16k-adapter",
        "myhaaaaaaa/2bd8eab3-2f15-4917-83d4-5245c3b84852",
        "CharlesLi/llama_3_unsafe_helpful",
        "mohmzm/llama_3_1_8b_instruct_document_relevance_test",
        "chchen/Llama-3.1-8B-Instruct-SAA-700",
        "GaetanMichelet/Llama-31-8B_task-2_180-samples_config-1_full",
        "EdBergJr/tablets_baha_arabic",
        "GaetanMichelet/Llama-31-8B_task-1_60-samples_config-1_full_auto",
        "nomadrp/tq-6-langs",
        "0x1202/0fa06e19-bb47-4f8b-9cc3-fa3e8c3c0982"
    ],
    "valid_accuracy": 0.85,
    "test_accuracy": 0.69,
    "weights": [
        1.0430523999323058,
        0.18403686575357628,
        0.6692222227513317,
        0.2960998945829813,
        0.11533383042253646,
        -0.08990962580542139,
        0.12144302403072282,
        -0.12916921062148853,
        0.3143331974985962,
        0.004838212225186517,
        0.8178602797627635,
        -0.0027901672823120367,
        -0.2508604882723099,
        -0.09735365568219884,
        -0.01198576596267513,
        0.5021221294088425,
        -0.0065164219526948446,
        -0.055292337426912995,
        -0.02964237943312232,
        -0.04269040764095618
    ]
}