{
    "task": "tweet_eval_hate",
    "expert_name": [
        "r-three/lora_baseline_lr3e-4_step400_rank64_tweet_eval_hate",
        "daje/model_5e-05_alpha-128_r-256",
        "LangAGI-Lab/Meta-Llama-3.1-8B-Instruct-WM-bootstrapped-16k-adapter",
        "datlaaaaaaa/cf707148-8a14-4b17-af50-c0c419a06bb2",
        "chchen/Llama-3.1-8B-Instruct-PsyCourse-info-chain-fold9",
        "chanadda/Meta-Llama-3.1-8B-Instruct-pantip",
        "yadayadayada1927/16_model",
        "Cookieeeeeeeeeeeeeee/llama_custom_zero",
        "thaffggg/f11180f1-1b9d-4b3c-8eee-94e554cf0f06",
        "hongngo/612beea2-1e23-46e9-b772-5d201f773304",
        "barc0/induction-run2-gpt4omini-20k-100seeds-barc-llama3.1-8b-instruct-lora64_lr2e-4_epoch3",
        "clembench-playpen/llama-3.1-8B-Instruct-multi-step-collator_playpen_SFT-e3_DFINAL_0.7K-steps",
        "daje/model_2e-4_alpha-8_r-16",
        "Ozaii/Zephyrr",
        "chchen/Llama-3.1-8B-Instruct-PsyCourse-fold3",
        "thalllsssss/00a4666d-12ae-4972-9753-306a02cf9512",
        "nomadrp/tq-llama-sft-belebele",
        "lucy666/llama3.1-8B-Concise",
        "femT-data/llama-3.1-Instruct-finetuned-NER",
        "prxy5607/f59b404a-1d76-4c38-98b7-5a73c0ecea6e"
    ],
    "valid_accuracy": 0.5,
    "test_accuracy": 0.597979797979798,
    "weights": [
        0.967118232814126,
        0.7510505510845785,
        0.766229164101125,
        0.4473746022600495,
        0.459700775046365,
        -0.22570907508320745,
        0.3885803965350327,
        0.5326931873995818,
        0.5471975690795609,
        -0.013648970022265599,
        -0.030392754667295012,
        -0.08675840812899631,
        0.0005169472988875066,
        -0.05971254230442117,
        -0.030365296778872616,
        -0.03430885921575926,
        -0.018821020900932958,
        0.17421974677802365,
        -0.058991111439705556,
        -0.030119863013134573
    ]
}