{
    "task": "elementary_math_qa_question_only",
    "expert_name": [
        "r-three/lora_baseline_lr3e-4_step400_rank64_elementary_math_qa_question_only",
        "daje/model_5e-05_alpha-128_r-256",
        "LangAGI-Lab/Meta-Llama-3.1-8B-Instruct-WM-bootstrapped-16k-adapter",
        "datlaaaaaaa/cf707148-8a14-4b17-af50-c0c419a06bb2",
        "chchen/Llama-3.1-8B-Instruct-PsyCourse-info-chain-fold9",
        "chanadda/Meta-Llama-3.1-8B-Instruct-pantip",
        "yadayadayada1927/16_model",
        "Cookieeeeeeeeeeeeeee/llama_custom_zero",
        "thaffggg/f11180f1-1b9d-4b3c-8eee-94e554cf0f06",
        "hongngo/612beea2-1e23-46e9-b772-5d201f773304"
    ],
    "valid_accuracy": 0.35,
    "test_accuracy": 0.19245773732119636,
    "weights": [
        1.0029399973689537,
        0.5197876895398763,
        0.4950652238046345,
        0.49890254783536403,
        -0.010030178590761654,
        0.000664505364837371,
        -0.006911968667234397,
        -0.025725088501282384,
        0.0018142663226045595,
        0.0010826075041682646
    ]
}