{
    "task": "boolean_expressions",
    "expert_name": [
        "r-three/lora_baseline_10_lr3e-4_step100_rank64_boolean_expressions",
        "tanatapanun/Meta-Llama-3.1-8B-Instruct-NoteChat-32r-train-dataset-1-epochs-document-prompt-token-4096",
        "leedahyeon/0221_all_llama31_docs_cp3500",
        "minhtrannnn/0d5d4d02-c5c0-4607-b69a-0ddd8845e6f7",
        "robiulawaldev/da92a142-8a96-438e-80b3-13cf5e027f66",
        "gotzmann/1JV44C2nd",
        "chchen/Llama-3.1-8B-Instruct-PsyCourse-doc-info-fold8",
        "daje/model_2e-4",
        "laquythang/07d7800a-5441-44b2-8e4b-5b1f2fb61a61",
        "prxy5606/98345738-30aa-41c4-bf69-2392a1ce4d0a",
        "LangAGI-Lab/Meta-Llama-3.1-8B-Instruct-WM-bootstrapped-16k-adapter",
        "myhaaaaaaa/2bd8eab3-2f15-4917-83d4-5245c3b84852",
        "CharlesLi/llama_3_unsafe_helpful",
        "mohmzm/llama_3_1_8b_instruct_document_relevance_test",
        "chchen/Llama-3.1-8B-Instruct-SAA-700",
        "GaetanMichelet/Llama-31-8B_task-2_180-samples_config-1_full",
        "EdBergJr/tablets_baha_arabic",
        "GaetanMichelet/Llama-31-8B_task-1_60-samples_config-1_full_auto",
        "nomadrp/tq-6-langs",
        "0x1202/0fa06e19-bb47-4f8b-9cc3-fa3e8c3c0982",
        "nhung03/8807e2a5-ff05-45b2-ab4b-a170e19c24b6",
        "npark95/qlora_llama3_0shot",
        "clembench-playpen/meta-llama-Meta-Llama-3.1-8B-Instruct_SFT_E1_D60006",
        "RoeReRe/Meta-LLama-3.1-8B-Instruct-Finetuned-Bias-4.5K",
        "estrogen/L3.1-8b-Ink-ep1-adpt",
        "Nevil9/PsyLlama",
        "MoreWrong/studybuddy",
        "clembench-playpen/meta-llama-Meta-Llama-3.1-8B-Instruct_SFT_D90003",
        "clembench-playpen/meta-llama-Meta-Llama-3.1-8B-Instruct_SFT_E1_D90000",
        "diagonalge/4ff3f177-6bb4-406d-b6ba-5fd891aee612"
    ],
    "train+valid_accuracy": 1.0,
    "test_accuracy": 0.659,
    "weights": [
        0.4734872705066468,
        0.49377472230318314,
        0.4981936697361844,
        -0.00020763807998794604,
        -0.000218891300134018,
        -0.0007662997127079237,
        -0.00022009860206754245,
        -0.00022032547117181668,
        -0.00022022779130039048,
        -0.00022105964299993114,
        -0.00022036643349071495,
        -0.00022034437689444553,
        -0.00022117307695106983,
        0.001407195206484992,
        -0.0002202120364994794,
        -0.00022027820657676307,
        -0.00022025299910685648,
        -0.00022032862209353515,
        -0.00022020258354200464,
        -0.00022036328271323518,
        -0.00022019313082492995,
        -0.00022023724420978545,
        -0.00022759382372535006,
        0.0005446877104536914,
        -0.00045588654473242005,
        0.00675196551033615,
        -0.000229023810132349,
        -0.0007697350455730193,
        -0.0002328722393798432,
        -0.00022028135769080188
    ]
}