{
    "task": "xnli_es",
    "expert_name": [
        "r-three/lora_baseline_lr3e-4_step400_rank64_xnli_es",
        "daje/model_5e-05_alpha-128_r-256",
        "LangAGI-Lab/Meta-Llama-3.1-8B-Instruct-WM-bootstrapped-16k-adapter",
        "datlaaaaaaa/cf707148-8a14-4b17-af50-c0c419a06bb2",
        "chchen/Llama-3.1-8B-Instruct-PsyCourse-info-chain-fold9",
        "chanadda/Meta-Llama-3.1-8B-Instruct-pantip",
        "yadayadayada1927/16_model",
        "Cookieeeeeeeeeeeeeee/llama_custom_zero",
        "thaffggg/f11180f1-1b9d-4b3c-8eee-94e554cf0f06",
        "hongngo/612beea2-1e23-46e9-b772-5d201f773304",
        "barc0/induction-run2-gpt4omini-20k-100seeds-barc-llama3.1-8b-instruct-lora64_lr2e-4_epoch3",
        "clembench-playpen/llama-3.1-8B-Instruct-multi-step-collator_playpen_SFT-e3_DFINAL_0.7K-steps",
        "daje/model_2e-4_alpha-8_r-16",
        "Ozaii/Zephyrr",
        "chchen/Llama-3.1-8B-Instruct-PsyCourse-fold3",
        "thalllsssss/00a4666d-12ae-4972-9753-306a02cf9512",
        "nomadrp/tq-llama-sft-belebele",
        "lucy666/llama3.1-8B-Concise",
        "femT-data/llama-3.1-Instruct-finetuned-NER",
        "prxy5607/f59b404a-1d76-4c38-98b7-5a73c0ecea6e",
        "cshbi/fine_tune_output_eie_3.1",
        "Alphatao/9176ae39-6635-4492-ae61-927f06585355",
        "minhtrannnn/3f048b0f-bb1e-4f5d-b68c-679dc5f1dd96",
        "XicoC/llama381binstruct_summarize_short",
        "chchen/Llama-3.1-8B-Instruct-SFT-1000",
        "leedahyeon/0219_all_llama31_cp3500",
        "ciloku/ceee306b-b546-42b7-99ba-fef7fcc1bd26",
        "chauhoang/a7b71eb1-db0f-4c12-ae7f-75544046c341",
        "GaetanMichelet/Llama-31-8B_task-3_180-samples_config-1",
        "Hiranmai49/Llama-3.1-8B-Instruct-contracts-pretrainLlama3.18b"
    ],
    "valid_accuracy": 0.8,
    "test_accuracy": 0.7172,
    "weights": [
        0.9198593448439594,
        0.6301750594736831,
        0.5018439411626817,
        0.5156628190744231,
        -0.24826774978008903,
        -0.25005708068827387,
        -0.252151189726194,
        -0.0007917183730021624,
        0.5017797266882269,
        0.5021443795900662,
        0.47444717916414036,
        0.01151779995262131,
        -0.24927561779197605,
        0.025978406359840986,
        0.02068339721197432,
        0.01678760457104199,
        0.0270596563315609,
        -0.03603290474862411,
        0.007272064880908823,
        -0.03910137181586152,
        0.5018070949335742,
        -0.035252827707658224,
        0.0077316220581076026,
        0.013539927312232943,
        0.018265632747144,
        -0.002387742035003768,
        0.011755074866181103,
        0.5325835757642511,
        0.5443814723679828,
        -0.059259816005554786
    ]
}