{
    "task": "glue_qnli",
    "expert_name": [
        "r-three/lora_baseline_lr3e-4_step400_rank64_glue_qnli",
        "tanatapanun/Meta-Llama-3.1-8B-Instruct-NoteChat-32r-train-dataset-1-epochs-document-prompt-token-4096",
        "leedahyeon/0221_all_llama31_docs_cp3500",
        "minhtrannnn/0d5d4d02-c5c0-4607-b69a-0ddd8845e6f7",
        "robiulawaldev/da92a142-8a96-438e-80b3-13cf5e027f66",
        "gotzmann/1JV44C2nd",
        "chchen/Llama-3.1-8B-Instruct-PsyCourse-doc-info-fold8",
        "daje/model_2e-4",
        "laquythang/07d7800a-5441-44b2-8e4b-5b1f2fb61a61",
        "prxy5606/98345738-30aa-41c4-bf69-2392a1ce4d0a",
        "LangAGI-Lab/Meta-Llama-3.1-8B-Instruct-WM-bootstrapped-16k-adapter",
        "myhaaaaaaa/2bd8eab3-2f15-4917-83d4-5245c3b84852",
        "CharlesLi/llama_3_unsafe_helpful",
        "mohmzm/llama_3_1_8b_instruct_document_relevance_test",
        "chchen/Llama-3.1-8B-Instruct-SAA-700",
        "GaetanMichelet/Llama-31-8B_task-2_180-samples_config-1_full",
        "EdBergJr/tablets_baha_arabic",
        "GaetanMichelet/Llama-31-8B_task-1_60-samples_config-1_full_auto",
        "nomadrp/tq-6-langs",
        "0x1202/0fa06e19-bb47-4f8b-9cc3-fa3e8c3c0982",
        "nhung03/8807e2a5-ff05-45b2-ab4b-a170e19c24b6",
        "npark95/qlora_llama3_0shot",
        "clembench-playpen/meta-llama-Meta-Llama-3.1-8B-Instruct_SFT_E1_D60006",
        "RoeReRe/Meta-LLama-3.1-8B-Instruct-Finetuned-Bias-4.5K",
        "estrogen/L3.1-8b-Ink-ep1-adpt",
        "Nevil9/PsyLlama",
        "MoreWrong/studybuddy",
        "clembench-playpen/meta-llama-Meta-Llama-3.1-8B-Instruct_SFT_D90003",
        "clembench-playpen/meta-llama-Meta-Llama-3.1-8B-Instruct_SFT_E1_D90000",
        "diagonalge/4ff3f177-6bb4-406d-b6ba-5fd891aee612"
    ],
    "valid_accuracy": 1.0,
    "test_accuracy": 0.8956,
    "weights": [
        0.8821596165571964,
        0.3502257002510697,
        -0.2227288027902709,
        0.01683096498084159,
        -0.007269182787510205,
        0.49213482395278746,
        -0.033453531123940575,
        -0.03689219428275246,
        0.47348347772938565,
        -0.013608763243720394,
        0.42970445412513714,
        0.033351999206219896,
        0.030071258888219564,
        0.07307619233899744,
        -0.01581952640359484,
        0.0023253983652422733,
        0.07612794954388423,
        0.014976439301094293,
        -0.004939452412443705,
        0.009988764536135918,
        0.021431384969404717,
        0.005121586235341067,
        -0.007449315393799205,
        0.0023288746739226927,
        -0.013697054030277048,
        -0.018775036194071525,
        -0.02857318662766229,
        0.004864194603400291,
        -0.01873467536543244,
        -0.0011292410064437975
    ]
}