{
    "task": "mmlu_combined",
    "expert_name": [
        "r-three/lora_baseline_lr3e-4_step400_rank64_mmlu_combined",
        "tanatapanun/Meta-Llama-3.1-8B-Instruct-NoteChat-32r-train-dataset-1-epochs-document-prompt-token-4096",
        "leedahyeon/0221_all_llama31_docs_cp3500",
        "minhtrannnn/0d5d4d02-c5c0-4607-b69a-0ddd8845e6f7",
        "robiulawaldev/da92a142-8a96-438e-80b3-13cf5e027f66",
        "gotzmann/1JV44C2nd",
        "chchen/Llama-3.1-8B-Instruct-PsyCourse-doc-info-fold8",
        "daje/model_2e-4",
        "laquythang/07d7800a-5441-44b2-8e4b-5b1f2fb61a61",
        "prxy5606/98345738-30aa-41c4-bf69-2392a1ce4d0a"
    ],
    "valid_accuracy": 0.6,
    "test_accuracy": 0.610909090909091,
    "weights": [
        0.9844343907397924,
        0.47202044831866213,
        0.4480616692682193,
        -0.06237082874249038,
        -0.0035431179013022903,
        0.4202311448688101,
        -0.10490336497158904,
        -0.03628246849253991,
        0.003054505740224934,
        0.48036544074693277
    ]
}