{
    "task": "banking77",
    "expert_name": [
        "leedahyeon/0221_gamsa_test_cp3000",
        "phungkhaccuong/afbdf303-5ec3-cb90-b17b-283c6f8ad70b",
        "CounterNarratives/Meta-Llama-3.1-8B-Instruct_english_premises_a",
        "britojr/llama3.1-sec10q_v2",
        "Atharva-07/classification_task",
        "aleegis10/8ed9fe91-c2b5-42ca-8efb-927b4c8fbf45",
        "robiulawaldev/da92a142-8a96-438e-80b3-13cf5e027f66",
        "LangAGI-Lab/Meta-Llama-3.1-8B-Instruct-WM-acctree-16k-75-adapter-new",
        "clembench-playpen/Llama-3-Clembench-Runs-Successful-Episodes_Top_10_Models_Individual_QA_adapted_image_game",
        "Yossim/fine_tuned_llama2"
    ],
    "valid_accuracy": 0.35,
    "test_accuracy": 0.25876623376623376,
    "weights": [
        0.04696712493116037,
        -0.018258772384212796,
        -0.03298776361266543,
        0.410082810726003,
        0.5335573882213531,
        0.5066368615330535,
        -0.021167814275873345,
        -0.0011217473630214926,
        -0.001565640198129724,
        -0.010101405640221734
    ]
}