{
    "task": "stackoverflow_questions",
    "expert_name": [
        "shared_space/lora_baseline_10/lora_baseline_10_lr3e-4_step100_rank64_stackoverflow_questions/final_model",
        "tanatapanun/Meta-Llama-3.1-8B-Instruct-NoteChat-32r-train-dataset-1-epochs-document-prompt-token-4096",
        "leedahyeon/0221_all_llama31_docs_cp3500",
        "minhtrannnn/0d5d4d02-c5c0-4607-b69a-0ddd8845e6f7",
        "robiulawaldev/da92a142-8a96-438e-80b3-13cf5e027f66",
        "gotzmann/1JV44C2nd",
        "chchen/Llama-3.1-8B-Instruct-PsyCourse-doc-info-fold8",
        "daje/model_2e-4",
        "laquythang/07d7800a-5441-44b2-8e4b-5b1f2fb61a61",
        "prxy5606/98345738-30aa-41c4-bf69-2392a1ce4d0a",
        "LangAGI-Lab/Meta-Llama-3.1-8B-Instruct-WM-bootstrapped-16k-adapter",
        "myhaaaaaaa/2bd8eab3-2f15-4917-83d4-5245c3b84852",
        "CharlesLi/llama_3_unsafe_helpful",
        "mohmzm/llama_3_1_8b_instruct_document_relevance_test",
        "chchen/Llama-3.1-8B-Instruct-SAA-700",
        "GaetanMichelet/Llama-31-8B_task-2_180-samples_config-1_full",
        "EdBergJr/tablets_baha_arabic",
        "GaetanMichelet/Llama-31-8B_task-1_60-samples_config-1_full_auto",
        "nomadrp/tq-6-langs",
        "0x1202/0fa06e19-bb47-4f8b-9cc3-fa3e8c3c0982",
        "nhung03/8807e2a5-ff05-45b2-ab4b-a170e19c24b6",
        "npark95/qlora_llama3_0shot",
        "clembench-playpen/meta-llama-Meta-Llama-3.1-8B-Instruct_SFT_E1_D60006",
        "RoeReRe/Meta-LLama-3.1-8B-Instruct-Finetuned-Bias-4.5K",
        "estrogen/L3.1-8b-Ink-ep1-adpt",
        "Nevil9/PsyLlama",
        "MoreWrong/studybuddy",
        "clembench-playpen/meta-llama-Meta-Llama-3.1-8B-Instruct_SFT_D90003",
        "clembench-playpen/meta-llama-Meta-Llama-3.1-8B-Instruct_SFT_E1_D90000",
        "diagonalge/4ff3f177-6bb4-406d-b6ba-5fd891aee612"
    ],
    "train+valid_accuracy": 1.0,
    "test_accuracy": 0.2558565899368507,
    "weights": [
        0.6296692596718847,
        0.46963446167860884,
        0.49048874845772905,
        0.012544164238678154,
        -0.008960684505550437,
        0.0039098475517899325,
        0.01743505558692422,
        0.00859536994488933,
        0.024549353783252906,
        0.007694627295133331,
        0.016269831367571,
        -0.0032287963178526725,
        -0.0008178963284641277,
        0.04469479877889554,
        0.026516656301276594,
        0.01057852673930092,
        0.01615193028183282,
        -0.0026088535768936617,
        0.5115907506952825,
        0.008298119050118855,
        -0.0004241941771000573,
        -0.001949258490939675,
        0.0021400762852479735,
        0.006550165548784114,
        -0.0024792875917648604,
        -0.020070948862889907,
        -0.0002922261255388483,
        0.026777514788894553,
        -0.00022944348909953536,
        -6.71183180636271e-05
    ]
}