{
    "task": "sports_understanding",
    "expert_name": [
        "r-three/lora_baseline_lr3e-4_step400_rank64_sports_understanding",
        "daje/model_5e-05_alpha-128_r-256",
        "LangAGI-Lab/Meta-Llama-3.1-8B-Instruct-WM-bootstrapped-16k-adapter",
        "datlaaaaaaa/cf707148-8a14-4b17-af50-c0c419a06bb2",
        "chchen/Llama-3.1-8B-Instruct-PsyCourse-info-chain-fold9"
    ],
    "valid_accuracy": 1.0,
    "test_accuracy": 0.8774403470715835,
    "weights": [
        0.9417161954610571,
        -0.014909237475109307,
        0.13990164957003265,
        0.010513057113475171,
        -0.07707398789746323
    ]
}