{
    "task": "super_glue_boolq",
    "expert_name": [
        "r-three/lora_baseline_lr3e-4_step400_rank64_super_glue_boolq",
        "daje/model_5e-05_alpha-128_r-256",
        "LangAGI-Lab/Meta-Llama-3.1-8B-Instruct-WM-bootstrapped-16k-adapter",
        "datlaaaaaaa/cf707148-8a14-4b17-af50-c0c419a06bb2",
        "chchen/Llama-3.1-8B-Instruct-PsyCourse-info-chain-fold9"
    ],
    "valid_accuracy": 1.0,
    "test_accuracy": 0.8059384941675504,
    "weights": [
        1.1109493843857061,
        0.06441000344714014,
        0.2176213466328527,
        1.063010874623801,
        0.5191885587572999
    ]
}