{
    "task": "glue_cola",
    "expert_name": [
        "leedahyeon/0221_gamsa_test_cp3000",
        "phungkhaccuong/afbdf303-5ec3-cb90-b17b-283c6f8ad70b",
        "CounterNarratives/Meta-Llama-3.1-8B-Instruct_english_premises_a",
        "britojr/llama3.1-sec10q_v2",
        "Atharva-07/classification_task"
    ],
    "valid_accuracy": 0.7,
    "test_accuracy": 0.8177570093457944,
    "weights": [
        0.044535908080684444,
        0.43186562021776415,
        0.2703137046386277,
        -0.07149231201762421,
        0.8660262077916795
    ]
}