{
    "task": "glue_cola",
    "expert_name": [
        "r-three/lora_baseline_lr3e-4_step400_rank64_glue_cola",
        "tanatapanun/Meta-Llama-3.1-8B-Instruct-NoteChat-32r-train-dataset-1-epochs-document-prompt-token-4096",
        "leedahyeon/0221_all_llama31_docs_cp3500",
        "minhtrannnn/0d5d4d02-c5c0-4607-b69a-0ddd8845e6f7",
        "robiulawaldev/da92a142-8a96-438e-80b3-13cf5e027f66",
        "gotzmann/1JV44C2nd",
        "chchen/Llama-3.1-8B-Instruct-PsyCourse-doc-info-fold8",
        "daje/model_2e-4",
        "laquythang/07d7800a-5441-44b2-8e4b-5b1f2fb61a61",
        "prxy5606/98345738-30aa-41c4-bf69-2392a1ce4d0a"
    ],
    "valid_accuracy": 0.65,
    "test_accuracy": 0.8130841121495327,
    "weights": [
        1.1148947599029597,
        0.41167271052041643,
        0.21613665685389827,
        -0.07068076855836317,
        -0.01651790835241103,
        -0.010387003000802565,
        -0.010280937594526267,
        -0.030304801736864225,
        0.41579677963473255,
        0.02677748719501067
    ]
}