{
    "task": "overruling",
    "expert_name": [
        "r-three/lora_baseline_lr3e-4_step400_rank64_overruling",
        "leedahyeon/0221_gamsa_test_cp3000",
        "phungkhaccuong/afbdf303-5ec3-cb90-b17b-283c6f8ad70b",
        "CounterNarratives/Meta-Llama-3.1-8B-Instruct_english_premises_a",
        "britojr/llama3.1-sec10q_v2",
        "Atharva-07/classification_task",
        "aleegis10/8ed9fe91-c2b5-42ca-8efb-927b4c8fbf45",
        "robiulawaldev/da92a142-8a96-438e-80b3-13cf5e027f66",
        "LangAGI-Lab/Meta-Llama-3.1-8B-Instruct-WM-acctree-16k-75-adapter-new",
        "clembench-playpen/Llama-3-Clembench-Runs-Successful-Episodes_Top_10_Models_Individual_QA_adapted_image_game"
    ],
    "valid_accuracy": 1.0,
    "test_accuracy": 0.9541666666666667,
    "weights": [
        0.4996313285675698,
        0.49692090213732104,
        0.0011756112240326846,
        -0.025085745596944813,
        0.0005658433381932277,
        0.0011719967158183298,
        -0.0006410774641909825,
        0.0006910423729353577,
        0.00029662347928493063,
        0.0012864199040117418
    ]
}