{
    "task": "machine_paraphrase_dataset",
    "expert_name": [
        "r-three/lora_baseline_lr3e-4_step400_rank64_machine_paraphrase_dataset",
        "leedahyeon/0221_gamsa_test_cp3000",
        "phungkhaccuong/afbdf303-5ec3-cb90-b17b-283c6f8ad70b",
        "CounterNarratives/Meta-Llama-3.1-8B-Instruct_english_premises_a",
        "britojr/llama3.1-sec10q_v2",
        "Atharva-07/classification_task",
        "aleegis10/8ed9fe91-c2b5-42ca-8efb-927b4c8fbf45",
        "robiulawaldev/da92a142-8a96-438e-80b3-13cf5e027f66",
        "LangAGI-Lab/Meta-Llama-3.1-8B-Instruct-WM-acctree-16k-75-adapter-new",
        "clembench-playpen/Llama-3-Clembench-Runs-Successful-Episodes_Top_10_Models_Individual_QA_adapted_image_game",
        "Yossim/fine_tuned_llama2",
        "duyphu/e1bc4b5a-5af6-4ce2-be2d-622344438659",
        "tanatapanun/Meta-Llama-3.1-8B-Instruct-NoteChat-32r-train-dataset-1-epochs-document-prompt-token-4096",
        "developerssy/Meta-Llama-3.1-8B-skills",
        "ncbateman/65eaec89-ddb3-4b65-866f-c621f95eea55",
        "hansh/hansken_human_hql",
        "minhtrannnn/3f048b0f-bb1e-4f5d-b68c-679dc5f1dd96",
        "nhunglaaaaaaa/8efc2e7d-f7f6-46a4-83bd-bf5ae190a347",
        "datlaaaaaaa/5c74b710-f2b8-45a0-8bbb-8b3c49d26627",
        "mkopecki/chess-lora-adapter-fp-llama-3.1-8b",
        "llm-wizard/llama381binstruct_summarize",
        "duyphu/4ecd8066-f334-4600-a146-3ec7b56f98be",
        "clembench-playpen/meta-llama-Meta-Llama-3.1-8B-Instruct_SFT_E1_DM002",
        "CharlesLi/llama_3_gsm8k_cot_simplest",
        "mohmzm/llama_3_1_8B_doc_rel_v0.1",
        "faridlazuarda/valadapt-llama-3.1-8B-it-bengali",
        "GaetanMichelet/Llama-31-8B_task-2_60-samples_config-1",
        "RAG-Gym/ReSearch-HotpotQA-SFT",
        "clembench-playpen/llama-3.1-8B-Instruct_playpen_ablation_SFT_DFINAL_0.4K-steps",
        "tanatapanun/Meta-Llama-3.1-8B-Instruct-NoteChat-32r-train-dataset-1-epochs-document-prompt-token-1024"
    ],
    "valid_accuracy": 1.0,
    "test_accuracy": 0.9277855571114223,
    "weights": [
        1.0759705892067966,
        0.7984408399640346,
        0.7244466710500973,
        0.1890295117897473,
        0.45932834355507607,
        -0.0061063922725176035,
        0.06029026026482086,
        -0.07331129363123952,
        -0.01121003024627748,
        -0.06521661034317408,
        0.009272750126833972,
        0.04140183057359739,
        0.01298423802824408,
        0.08442574917217166,
        0.01187957063142931,
        0.0547479106300397,
        0.046541811620194426,
        0.00254127599455619,
        0.017002798398826815,
        -0.00524108198592317,
        -0.04751504616512988,
        0.04332101372824466,
        -0.3451629433817125,
        0.06289810186190842,
        -0.1132129531900341,
        -0.08892930145154528,
        0.07078096689715542,
        0.024673883532929576,
        -0.001931684340764894,
        -0.05536116578229508
    ]
}