{
    "task": "temporal_sequences",
    "expert_name": [
        "r-three/lora_baseline_lr3e-4_step400_rank64_temporal_sequences",
        "tanatapanun/Meta-Llama-3.1-8B-Instruct-NoteChat-32r-train-dataset-1-epochs-document-prompt-token-4096",
        "leedahyeon/0221_all_llama31_docs_cp3500",
        "minhtrannnn/0d5d4d02-c5c0-4607-b69a-0ddd8845e6f7",
        "robiulawaldev/da92a142-8a96-438e-80b3-13cf5e027f66",
        "gotzmann/1JV44C2nd",
        "chchen/Llama-3.1-8B-Instruct-PsyCourse-doc-info-fold8",
        "daje/model_2e-4",
        "laquythang/07d7800a-5441-44b2-8e4b-5b1f2fb61a61",
        "prxy5606/98345738-30aa-41c4-bf69-2392a1ce4d0a"
    ],
    "valid_accuracy": 1.0,
    "test_accuracy": 1.0,
    "weights": [
        0.4999959318654558,
        0.00012991953912307885,
        0.00010650514978722807,
        -9.546742529814212e-05,
        8.51496609976997e-05,
        9.65495537280452e-05,
        -2.346453873421859e-05,
        5.768246073815277e-05,
        -6.859695767110355e-07,
        9.034281168816552e-05
    ]
}