{
    "task": "formal_fallacies_syllogisms_negation",
    "expert_name": [
        "r-three/lora_baseline_lr3e-4_step400_rank64_formal_fallacies_syllogisms_negation",
        "leedahyeon/0221_gamsa_test_cp3000",
        "phungkhaccuong/afbdf303-5ec3-cb90-b17b-283c6f8ad70b",
        "CounterNarratives/Meta-Llama-3.1-8B-Instruct_english_premises_a",
        "britojr/llama3.1-sec10q_v2",
        "Atharva-07/classification_task",
        "aleegis10/8ed9fe91-c2b5-42ca-8efb-927b4c8fbf45",
        "robiulawaldev/da92a142-8a96-438e-80b3-13cf5e027f66",
        "LangAGI-Lab/Meta-Llama-3.1-8B-Instruct-WM-acctree-16k-75-adapter-new",
        "clembench-playpen/Llama-3-Clembench-Runs-Successful-Episodes_Top_10_Models_Individual_QA_adapted_image_game",
        "Yossim/fine_tuned_llama2",
        "duyphu/e1bc4b5a-5af6-4ce2-be2d-622344438659",
        "tanatapanun/Meta-Llama-3.1-8B-Instruct-NoteChat-32r-train-dataset-1-epochs-document-prompt-token-4096",
        "developerssy/Meta-Llama-3.1-8B-skills",
        "ncbateman/65eaec89-ddb3-4b65-866f-c621f95eea55",
        "hansh/hansken_human_hql",
        "minhtrannnn/3f048b0f-bb1e-4f5d-b68c-679dc5f1dd96",
        "nhunglaaaaaaa/8efc2e7d-f7f6-46a4-83bd-bf5ae190a347",
        "datlaaaaaaa/5c74b710-f2b8-45a0-8bbb-8b3c49d26627",
        "mkopecki/chess-lora-adapter-fp-llama-3.1-8b"
    ],
    "valid_accuracy": 0.65,
    "test_accuracy": 0.5873239436619718,
    "weights": [
        0.5537715133191509,
        0.4393488012436449,
        -0.018000389881479343,
        0.5132689794263012,
        -0.0018410164572242758,
        -0.0221449936543448,
        -0.014079614910670328,
        0.022672305696695656,
        0.021384620406653718,
        0.013088295059371122,
        0.634312380994084,
        -0.010027259491474108,
        -0.06292585855807761,
        0.022224695125806243,
        0.05671501136878059,
        0.049086230411394496,
        -0.0007001979952262786,
        -0.013033439477187712,
        0.012599319182526748,
        0.021023173439045854
    ]
}