{
    "task": "quail",
    "expert_name": [
        "leedahyeon/0221_gamsa_test_cp3000",
        "phungkhaccuong/afbdf303-5ec3-cb90-b17b-283c6f8ad70b",
        "CounterNarratives/Meta-Llama-3.1-8B-Instruct_english_premises_a",
        "britojr/llama3.1-sec10q_v2",
        "Atharva-07/classification_task"
    ],
    "valid_accuracy": 0.25,
    "test_accuracy": 0.4380487804878049,
    "weights": [
        -0.014370352455899849,
        0.45855310311067676,
        0.5012069467865911,
        0.41657556558307196,
        -0.006680939054216336
    ]
}