{
    "task": "super_glue_boolq",
    "expert_name": [
        "r-three/lora_baseline_lr3e-4_step400_rank64_super_glue_boolq",
        "leedahyeon/0221_gamsa_test_cp3000",
        "phungkhaccuong/afbdf303-5ec3-cb90-b17b-283c6f8ad70b",
        "CounterNarratives/Meta-Llama-3.1-8B-Instruct_english_premises_a",
        "britojr/llama3.1-sec10q_v2",
        "Atharva-07/classification_task",
        "aleegis10/8ed9fe91-c2b5-42ca-8efb-927b4c8fbf45",
        "robiulawaldev/da92a142-8a96-438e-80b3-13cf5e027f66",
        "LangAGI-Lab/Meta-Llama-3.1-8B-Instruct-WM-acctree-16k-75-adapter-new",
        "clembench-playpen/Llama-3-Clembench-Runs-Successful-Episodes_Top_10_Models_Individual_QA_adapted_image_game"
    ],
    "valid_accuracy": 0.95,
    "test_accuracy": 0.8695652173913043,
    "weights": [
        0.7357499608559629,
        0.3187063996228151,
        0.05773779417769476,
        0.4268909668838944,
        0.5335157253153471,
        -0.034450750666366665,
        0.7050066227569568,
        0.0020826367452095374,
        0.4956311406029219,
        0.11235494992880642
    ]
}