{
    "task": "super_glue_copa",
    "expert_name": [
        "tanatapanun/Meta-Llama-3.1-8B-Instruct-NoteChat-32r-train-dataset-1-epochs-document-prompt-token-4096",
        "leedahyeon/0221_all_llama31_docs_cp3500",
        "minhtrannnn/0d5d4d02-c5c0-4607-b69a-0ddd8845e6f7",
        "robiulawaldev/da92a142-8a96-438e-80b3-13cf5e027f66",
        "gotzmann/1JV44C2nd"
    ],
    "valid_accuracy": 0.65,
    "test_accuracy": 0.65,
    "weights": [
        0.11431626308380409,
        0.4380958211473391,
        0.6479707901049737,
        0.6309182352700434,
        -0.018994523850097627
    ]
}