{
    "task": "xnli_hi",
    "expert_name": [
        "r-three/lora_baseline_lr3e-4_step400_rank64_xnli_hi",
        "tanatapanun/Meta-Llama-3.1-8B-Instruct-NoteChat-32r-train-dataset-1-epochs-document-prompt-token-4096",
        "leedahyeon/0221_all_llama31_docs_cp3500",
        "minhtrannnn/0d5d4d02-c5c0-4607-b69a-0ddd8845e6f7",
        "robiulawaldev/da92a142-8a96-438e-80b3-13cf5e027f66",
        "gotzmann/1JV44C2nd",
        "chchen/Llama-3.1-8B-Instruct-PsyCourse-doc-info-fold8",
        "daje/model_2e-4",
        "laquythang/07d7800a-5441-44b2-8e4b-5b1f2fb61a61",
        "prxy5606/98345738-30aa-41c4-bf69-2392a1ce4d0a"
    ],
    "valid_accuracy": 0.6,
    "test_accuracy": 0.566,
    "weights": [
        0.9259405215227521,
        0.49497046334325656,
        0.5517578264258693,
        -0.087497391100501,
        -0.32555059128419983,
        0.5367252001334545,
        -0.1520417111092754,
        -0.005240777935757642,
        0.47558348385708543,
        0.4755924736342106
    ]
}