{
    "task": "stackoverflow_questions",
    "expert_name": [
        "r-three/lora_baseline_lr3e-4_step400_rank64_stackoverflow_questions",
        "leedahyeon/0221_gamsa_test_cp3000",
        "phungkhaccuong/afbdf303-5ec3-cb90-b17b-283c6f8ad70b",
        "CounterNarratives/Meta-Llama-3.1-8B-Instruct_english_premises_a",
        "britojr/llama3.1-sec10q_v2",
        "Atharva-07/classification_task",
        "aleegis10/8ed9fe91-c2b5-42ca-8efb-927b4c8fbf45",
        "robiulawaldev/da92a142-8a96-438e-80b3-13cf5e027f66",
        "LangAGI-Lab/Meta-Llama-3.1-8B-Instruct-WM-acctree-16k-75-adapter-new",
        "clembench-playpen/Llama-3-Clembench-Runs-Successful-Episodes_Top_10_Models_Individual_QA_adapted_image_game"
    ],
    "valid_accuracy": 0.3684210526315789,
    "test_accuracy": 0.2515787329394989,
    "weights": [
        0.9778849966505943,
        -0.028437283739663432,
        0.5199635573320687,
        0.6318581307011473,
        0.5532206505868438,
        -0.023254637773938817,
        -0.005845024905139133,
        -0.043934054950966556,
        -0.021355367790634603,
        -0.041467739790858264
    ]
}