{
    "task": "circa",
    "expert_name": [
        "r-three/lora_baseline_lr3e-4_step400_rank64_circa",
        "daje/model_5e-05_alpha-128_r-256",
        "LangAGI-Lab/Meta-Llama-3.1-8B-Instruct-WM-bootstrapped-16k-adapter",
        "datlaaaaaaa/cf707148-8a14-4b17-af50-c0c419a06bb2",
        "chchen/Llama-3.1-8B-Instruct-PsyCourse-info-chain-fold9",
        "chanadda/Meta-Llama-3.1-8B-Instruct-pantip",
        "yadayadayada1927/16_model",
        "Cookieeeeeeeeeeeeeee/llama_custom_zero",
        "thaffggg/f11180f1-1b9d-4b3c-8eee-94e554cf0f06",
        "hongngo/612beea2-1e23-46e9-b772-5d201f773304"
    ],
    "valid_accuracy": 0.85,
    "test_accuracy": 0.8135395389553546,
    "weights": [
        0.9167957939296448,
        -0.0003675612931368022,
        1.0396865523310037,
        0.5054064652368259,
        0.5446095398350438,
        -0.15059649764539124,
        -0.12175450692872629,
        0.3200186308037847,
        0.7673252038295577,
        -0.4542158543379128
    ]
}