{
    "task": "super_glue_wsc",
    "expert_name": [
        "r-three/lora_baseline_lr3e-4_step400_rank64_super_glue_wsc",
        "tanatapanun/Meta-Llama-3.1-8B-Instruct-NoteChat-32r-train-dataset-1-epochs-document-prompt-token-4096",
        "leedahyeon/0221_all_llama31_docs_cp3500",
        "minhtrannnn/0d5d4d02-c5c0-4607-b69a-0ddd8845e6f7",
        "robiulawaldev/da92a142-8a96-438e-80b3-13cf5e027f66"
    ],
    "valid_accuracy": 0.6,
    "test_accuracy": 0.5,
    "weights": [
        0.5459250362554922,
        0.659138973124678,
        0.8682705329217228,
        -0.05060817731072463,
        0.5855808697369669
    ]
}