{
    "task": "reasoning_about_colored_objects",
    "expert_name": [
        "r-three/lora_baseline_lr3e-4_step400_rank64_reasoning_about_colored_objects",
        "tanatapanun/Meta-Llama-3.1-8B-Instruct-NoteChat-32r-train-dataset-1-epochs-document-prompt-token-4096",
        "leedahyeon/0221_all_llama31_docs_cp3500",
        "minhtrannnn/0d5d4d02-c5c0-4607-b69a-0ddd8845e6f7",
        "robiulawaldev/da92a142-8a96-438e-80b3-13cf5e027f66"
    ],
    "valid_accuracy": 0.8,
    "test_accuracy": 0.7075,
    "weights": [
        0.9551830896195637,
        0.39918690311345767,
        0.6210417081649361,
        0.3276257136310631,
        -0.20398286705747518
    ]
}