{
    "task": "formal_fallacies_syllogisms_negation",
    "expert_name": [
        "leedahyeon/0221_gamsa_test_cp3000",
        "phungkhaccuong/afbdf303-5ec3-cb90-b17b-283c6f8ad70b",
        "CounterNarratives/Meta-Llama-3.1-8B-Instruct_english_premises_a",
        "britojr/llama3.1-sec10q_v2",
        "Atharva-07/classification_task",
        "aleegis10/8ed9fe91-c2b5-42ca-8efb-927b4c8fbf45",
        "robiulawaldev/da92a142-8a96-438e-80b3-13cf5e027f66",
        "LangAGI-Lab/Meta-Llama-3.1-8B-Instruct-WM-acctree-16k-75-adapter-new",
        "clembench-playpen/Llama-3-Clembench-Runs-Successful-Episodes_Top_10_Models_Individual_QA_adapted_image_game",
        "Yossim/fine_tuned_llama2"
    ],
    "valid_accuracy": 0.55,
    "test_accuracy": 0.5387323943661971,
    "weights": [
        -0.24314023042655253,
        0.501574232315981,
        0.4995831387172745,
        0.05990189716341301,
        0.5629224478399322,
        0.0010651647176000995,
        -0.02326962698405665,
        0.499781719226442,
        0.0004308933162050355,
        0.0005576351200913173
    ]
}