{
    "task": "tracking_shuffled_objects",
    "expert_name": [
        "r-three/lora_baseline_lr3e-4_step400_rank64_tracking_shuffled_objects",
        "daje/model_5e-05_alpha-128_r-256",
        "LangAGI-Lab/Meta-Llama-3.1-8B-Instruct-WM-bootstrapped-16k-adapter",
        "datlaaaaaaa/cf707148-8a14-4b17-af50-c0c419a06bb2",
        "chchen/Llama-3.1-8B-Instruct-PsyCourse-info-chain-fold9",
        "chanadda/Meta-Llama-3.1-8B-Instruct-pantip",
        "yadayadayada1927/16_model",
        "Cookieeeeeeeeeeeeeee/llama_custom_zero",
        "thaffggg/f11180f1-1b9d-4b3c-8eee-94e554cf0f06",
        "hongngo/612beea2-1e23-46e9-b772-5d201f773304",
        "barc0/induction-run2-gpt4omini-20k-100seeds-barc-llama3.1-8b-instruct-lora64_lr2e-4_epoch3",
        "clembench-playpen/llama-3.1-8B-Instruct-multi-step-collator_playpen_SFT-e3_DFINAL_0.7K-steps",
        "daje/model_2e-4_alpha-8_r-16",
        "Ozaii/Zephyrr",
        "chchen/Llama-3.1-8B-Instruct-PsyCourse-fold3",
        "thalllsssss/00a4666d-12ae-4972-9753-306a02cf9512",
        "nomadrp/tq-llama-sft-belebele",
        "lucy666/llama3.1-8B-Concise",
        "femT-data/llama-3.1-Instruct-finetuned-NER",
        "prxy5607/f59b404a-1d76-4c38-98b7-5a73c0ecea6e",
        "cshbi/fine_tune_output_eie_3.1",
        "Alphatao/9176ae39-6635-4492-ae61-927f06585355",
        "minhtrannnn/3f048b0f-bb1e-4f5d-b68c-679dc5f1dd96",
        "XicoC/llama381binstruct_summarize_short",
        "chchen/Llama-3.1-8B-Instruct-SFT-1000",
        "leedahyeon/0219_all_llama31_cp3500",
        "ciloku/ceee306b-b546-42b7-99ba-fef7fcc1bd26",
        "chauhoang/a7b71eb1-db0f-4c12-ae7f-75544046c341",
        "GaetanMichelet/Llama-31-8B_task-3_180-samples_config-1",
        "Hiranmai49/Llama-3.1-8B-Instruct-contracts-pretrainLlama3.18b"
    ],
    "valid_accuracy": 0.5,
    "test_accuracy": 0.25333333333333335,
    "weights": [
        0.9068092088614541,
        0.5325023437880927,
        -0.016487474710322355,
        0.512523885615313,
        0.4988514603682863,
        0.3324977294580405,
        0.466819244101294,
        0.43147107407982316,
        0.10551700320979843,
        0.0789389433849997,
        -0.280335068061467,
        -0.04923918291639772,
        0.043152820702751796,
        -0.21436633525111692,
        0.061768982344384604,
        -0.20037920094087208,
        0.0728541629914386,
        0.08265760808186129,
        0.08299962270364857,
        -0.042117805369948136,
        -0.28573642506035174,
        -0.03513292528319634,
        0.015405617852939632,
        0.030083686275173608,
        -0.0669748393276753,
        0.011372876580899926,
        0.010967303985070884,
        0.0713737672445872,
        0.7223690637801018,
        0.37434341016283496
    ]
}