{
    "task": "banking77",
    "expert_name": [
        "r-three/lora_baseline_lr3e-4_step400_rank64_banking77",
        "daje/model_5e-05_alpha-128_r-256",
        "LangAGI-Lab/Meta-Llama-3.1-8B-Instruct-WM-bootstrapped-16k-adapter",
        "datlaaaaaaa/cf707148-8a14-4b17-af50-c0c419a06bb2",
        "chchen/Llama-3.1-8B-Instruct-PsyCourse-info-chain-fold9",
        "chanadda/Meta-Llama-3.1-8B-Instruct-pantip",
        "yadayadayada1927/16_model",
        "Cookieeeeeeeeeeeeeee/llama_custom_zero",
        "thaffggg/f11180f1-1b9d-4b3c-8eee-94e554cf0f06",
        "hongngo/612beea2-1e23-46e9-b772-5d201f773304",
        "barc0/induction-run2-gpt4omini-20k-100seeds-barc-llama3.1-8b-instruct-lora64_lr2e-4_epoch3",
        "clembench-playpen/llama-3.1-8B-Instruct-multi-step-collator_playpen_SFT-e3_DFINAL_0.7K-steps",
        "daje/model_2e-4_alpha-8_r-16",
        "Ozaii/Zephyrr",
        "chchen/Llama-3.1-8B-Instruct-PsyCourse-fold3",
        "thalllsssss/00a4666d-12ae-4972-9753-306a02cf9512",
        "nomadrp/tq-llama-sft-belebele",
        "lucy666/llama3.1-8B-Concise",
        "femT-data/llama-3.1-Instruct-finetuned-NER",
        "prxy5607/f59b404a-1d76-4c38-98b7-5a73c0ecea6e",
        "cshbi/fine_tune_output_eie_3.1",
        "Alphatao/9176ae39-6635-4492-ae61-927f06585355",
        "minhtrannnn/3f048b0f-bb1e-4f5d-b68c-679dc5f1dd96",
        "XicoC/llama381binstruct_summarize_short",
        "chchen/Llama-3.1-8B-Instruct-SFT-1000",
        "leedahyeon/0219_all_llama31_cp3500",
        "ciloku/ceee306b-b546-42b7-99ba-fef7fcc1bd26",
        "chauhoang/a7b71eb1-db0f-4c12-ae7f-75544046c341",
        "GaetanMichelet/Llama-31-8B_task-3_180-samples_config-1",
        "Hiranmai49/Llama-3.1-8B-Instruct-contracts-pretrainLlama3.18b"
    ],
    "valid_accuracy": 0.75,
    "test_accuracy": 0.7139610389610389,
    "weights": [
        1.1709881980228964,
        0.6560786309355925,
        0.08705707338566583,
        0.534610350248701,
        0.5063072785820232,
        -0.12505181894282139,
        -0.28012259027186615,
        -0.03393163964476866,
        0.7736680149234585,
        0.48354881951689405,
        -0.37646372288314617,
        -0.03206644229008264,
        -0.030623132268922357,
        -0.009675701399304817,
        0.49413230961344007,
        0.5716828381828972,
        0.49583558837578023,
        -0.15350544117168413,
        0.4733863128354747,
        0.03803668917200704,
        0.020537277142902658,
        -0.020451569218556447,
        0.028758968123510312,
        0.04323738626043159,
        -0.044807781277069365,
        -0.027711893199390887,
        0.03163110878627079,
        0.027452245525288993,
        0.022875543975915586,
        0.03911221380034154
    ]
}