{
    "task": "xnli_th",
    "expert_name": [
        "daje/model_5e-05_alpha-128_r-256",
        "LangAGI-Lab/Meta-Llama-3.1-8B-Instruct-WM-bootstrapped-16k-adapter",
        "datlaaaaaaa/cf707148-8a14-4b17-af50-c0c419a06bb2",
        "chchen/Llama-3.1-8B-Instruct-PsyCourse-info-chain-fold9",
        "chanadda/Meta-Llama-3.1-8B-Instruct-pantip",
        "yadayadayada1927/16_model",
        "Cookieeeeeeeeeeeeeee/llama_custom_zero",
        "thaffggg/f11180f1-1b9d-4b3c-8eee-94e554cf0f06",
        "hongngo/612beea2-1e23-46e9-b772-5d201f773304",
        "barc0/induction-run2-gpt4omini-20k-100seeds-barc-llama3.1-8b-instruct-lora64_lr2e-4_epoch3"
    ],
    "valid_accuracy": 0.4,
    "test_accuracy": 0.5152,
    "weights": [
        0.00042531147347998595,
        0.4748971222743506,
        0.5042166009261367,
        0.5007533386883668,
        0.4637443011974071,
        0.5662656541832043,
        0.0454985094380431,
        0.5030169932234794,
        -0.027897514153337827,
        0.00755439593384818
    ]
}