{
    "task": "super_glue_boolq",
    "expert_name": [
        "r-three/lora_baseline_lr3e-4_step400_rank64_super_glue_boolq",
        "tanatapanun/Meta-Llama-3.1-8B-Instruct-NoteChat-32r-train-dataset-1-epochs-document-prompt-token-4096",
        "leedahyeon/0221_all_llama31_docs_cp3500",
        "minhtrannnn/0d5d4d02-c5c0-4607-b69a-0ddd8845e6f7",
        "robiulawaldev/da92a142-8a96-438e-80b3-13cf5e027f66"
    ],
    "valid_accuracy": 0.9,
    "test_accuracy": 0.8229056203605515,
    "weights": [
        0.7274294499291429,
        0.4742283821646699,
        0.0830344875535109,
        0.499541871178081,
        0.7041665011163962
    ]
}