{
    "task": "typescript_chunks",
    "expert_name": [
        "daje/model_0.0002_alpha-32_r-64",
        "aseratus1/80dde36f-b140-4e57-a010-bebb9584c30b",
        "Tomlord/Llama-3.1-8B-Instruct-LoRA-Hp-adk",
        "clembench-playpen/llama-3.1-8B-Instruct-rehearsal-steps_playpen_SFT-e3_DFINAL_0.93K-steps",
        "faridlazuarda/valadapt-llama-3.1-8B-it-german"
    ],
    "valid_accuracy": 0.9,
    "test_accuracy": 0.9494,
    "weights": [
        0.47431746337376757,
        0.4094890000097278,
        -0.024920121400939396,
        0.6358389460411827,
        -0.0033217572065152123
    ]
}