{
    "task": "glue_qnli",
    "expert_name": [
        "tanatapanun/Meta-Llama-3.1-8B-Instruct-NoteChat-32r-train-dataset-1-epochs-document-prompt-token-4096",
        "leedahyeon/0221_all_llama31_docs_cp3500",
        "minhtrannnn/0d5d4d02-c5c0-4607-b69a-0ddd8845e6f7",
        "robiulawaldev/da92a142-8a96-438e-80b3-13cf5e027f66",
        "gotzmann/1JV44C2nd"
    ],
    "valid_accuracy": 0.55,
    "test_accuracy": 0.582,
    "weights": [
        0.48913337679105723,
        0.08038330173457675,
        1.1287678384449136,
        0.5188460833085343,
        1.145097755309967
    ]
}