{
    "task": "sports_understanding",
    "expert_name": [
        "r-three/lora_baseline_10_lr3e-4_step100_rank64_sports_understanding",
        "tanatapanun/Meta-Llama-3.1-8B-Instruct-NoteChat-32r-train-dataset-1-epochs-document-prompt-token-4096",
        "leedahyeon/0221_all_llama31_docs_cp3500",
        "minhtrannnn/0d5d4d02-c5c0-4607-b69a-0ddd8845e6f7",
        "robiulawaldev/da92a142-8a96-438e-80b3-13cf5e027f66",
        "gotzmann/1JV44C2nd",
        "chchen/Llama-3.1-8B-Instruct-PsyCourse-doc-info-fold8",
        "daje/model_2e-4",
        "laquythang/07d7800a-5441-44b2-8e4b-5b1f2fb61a61",
        "prxy5606/98345738-30aa-41c4-bf69-2392a1ce4d0a",
        "LangAGI-Lab/Meta-Llama-3.1-8B-Instruct-WM-bootstrapped-16k-adapter",
        "myhaaaaaaa/2bd8eab3-2f15-4917-83d4-5245c3b84852",
        "CharlesLi/llama_3_unsafe_helpful",
        "mohmzm/llama_3_1_8b_instruct_document_relevance_test",
        "chchen/Llama-3.1-8B-Instruct-SAA-700",
        "GaetanMichelet/Llama-31-8B_task-2_180-samples_config-1_full",
        "EdBergJr/tablets_baha_arabic",
        "GaetanMichelet/Llama-31-8B_task-1_60-samples_config-1_full_auto",
        "nomadrp/tq-6-langs",
        "0x1202/0fa06e19-bb47-4f8b-9cc3-fa3e8c3c0982",
        "nhung03/8807e2a5-ff05-45b2-ab4b-a170e19c24b6",
        "npark95/qlora_llama3_0shot",
        "clembench-playpen/meta-llama-Meta-Llama-3.1-8B-Instruct_SFT_E1_D60006",
        "RoeReRe/Meta-LLama-3.1-8B-Instruct-Finetuned-Bias-4.5K",
        "estrogen/L3.1-8b-Ink-ep1-adpt",
        "Nevil9/PsyLlama",
        "MoreWrong/studybuddy",
        "clembench-playpen/meta-llama-Meta-Llama-3.1-8B-Instruct_SFT_D90003",
        "clembench-playpen/meta-llama-Meta-Llama-3.1-8B-Instruct_SFT_E1_D90000",
        "diagonalge/4ff3f177-6bb4-406d-b6ba-5fd891aee612"
    ],
    "train+valid_accuracy": 1.0,
    "test_accuracy": 0.7006507592190889,
    "weights": [
        0.49871372002336417,
        5.686014325086616e-06,
        5.523270884304158e-06,
        -0.0013539847898782983,
        0.0013577438432270383,
        1.7277824754006053e-19,
        -1.7328397551048955e-19,
        2.4302735859982185e-19,
        1.0773277433657788e-19,
        6.362981733230789e-20,
        -8.325820570045779e-20,
        4.4001428964157954e-20,
        1.9628388368149874e-20,
        1.4102856801518177e-05,
        -7.611287839455306e-20,
        -1.1293641219285648e-19,
        1.6651641140091557e-19,
        -1.6651641140091557e-19,
        5.506270302926475e-20,
        -8.325820570045779e-20,
        -1.9628388368149928e-20,
        2.1704173717837865e-20,
        -2.9047348644283413e-19,
        8.325820570045779e-20,
        1.5175450890875828e-19,
        0.0009496939492710723,
        -9.814194184074964e-21,
        0.0001286869905268721,
        7.069392220612297e-20,
        3.136806695898999e-19
    ]
}