{
    "task": "openmathinstruct_2",
    "expert_name": [
        "r-three/lora_baseline_lr3e-4_step400_rank64_openmathinstruct_2",
        "tanatapanun/Meta-Llama-3.1-8B-Instruct-NoteChat-32r-train-dataset-1-epochs-document-prompt-token-4096",
        "leedahyeon/0221_all_llama31_docs_cp3500",
        "minhtrannnn/0d5d4d02-c5c0-4607-b69a-0ddd8845e6f7",
        "robiulawaldev/da92a142-8a96-438e-80b3-13cf5e027f66",
        "gotzmann/1JV44C2nd",
        "chchen/Llama-3.1-8B-Instruct-PsyCourse-doc-info-fold8",
        "daje/model_2e-4",
        "laquythang/07d7800a-5441-44b2-8e4b-5b1f2fb61a61",
        "prxy5606/98345738-30aa-41c4-bf69-2392a1ce4d0a",
        "LangAGI-Lab/Meta-Llama-3.1-8B-Instruct-WM-bootstrapped-16k-adapter",
        "myhaaaaaaa/2bd8eab3-2f15-4917-83d4-5245c3b84852",
        "CharlesLi/llama_3_unsafe_helpful",
        "mohmzm/llama_3_1_8b_instruct_document_relevance_test",
        "chchen/Llama-3.1-8B-Instruct-SAA-700",
        "GaetanMichelet/Llama-31-8B_task-2_180-samples_config-1_full",
        "EdBergJr/tablets_baha_arabic",
        "GaetanMichelet/Llama-31-8B_task-1_60-samples_config-1_full_auto",
        "nomadrp/tq-6-langs",
        "0x1202/0fa06e19-bb47-4f8b-9cc3-fa3e8c3c0982"
    ],
    "valid_accuracy": 0.1,
    "test_accuracy": 0.14125650260104042,
    "weights": [
        1.0734039478648252,
        0.34780991067859046,
        0.6364530480984109,
        0.6551827059590923,
        -0.001893791091267619,
        -0.06818268695954821,
        0.4346037910727385,
        0.017746179625819338,
        0.05650105410842613,
        -0.24586715252780084,
        0.03170435224542622,
        0.009014501617804848,
        0.04990276737945245,
        -0.39325450737111045,
        0.044465563556305425,
        0.046699850860290215,
        0.41747725188585183,
        -0.009064287516669864,
        0.057452344394101,
        -0.014052840935875076
    ]
}