{
    "task": "toxic_chat",
    "expert_name": [
        "r-three/lora_baseline_lr3e-4_step400_rank64_toxic_chat",
        "daje/model_5e-05_alpha-128_r-256",
        "LangAGI-Lab/Meta-Llama-3.1-8B-Instruct-WM-bootstrapped-16k-adapter",
        "datlaaaaaaa/cf707148-8a14-4b17-af50-c0c419a06bb2",
        "chchen/Llama-3.1-8B-Instruct-PsyCourse-info-chain-fold9",
        "chanadda/Meta-Llama-3.1-8B-Instruct-pantip",
        "yadayadayada1927/16_model",
        "Cookieeeeeeeeeeeeeee/llama_custom_zero",
        "thaffggg/f11180f1-1b9d-4b3c-8eee-94e554cf0f06",
        "hongngo/612beea2-1e23-46e9-b772-5d201f773304",
        "barc0/induction-run2-gpt4omini-20k-100seeds-barc-llama3.1-8b-instruct-lora64_lr2e-4_epoch3",
        "clembench-playpen/llama-3.1-8B-Instruct-multi-step-collator_playpen_SFT-e3_DFINAL_0.7K-steps",
        "daje/model_2e-4_alpha-8_r-16",
        "Ozaii/Zephyrr",
        "chchen/Llama-3.1-8B-Instruct-PsyCourse-fold3",
        "thalllsssss/00a4666d-12ae-4972-9753-306a02cf9512",
        "nomadrp/tq-llama-sft-belebele",
        "lucy666/llama3.1-8B-Concise",
        "femT-data/llama-3.1-Instruct-finetuned-NER",
        "prxy5607/f59b404a-1d76-4c38-98b7-5a73c0ecea6e",
        "cshbi/fine_tune_output_eie_3.1",
        "Alphatao/9176ae39-6635-4492-ae61-927f06585355",
        "minhtrannnn/3f048b0f-bb1e-4f5d-b68c-679dc5f1dd96",
        "XicoC/llama381binstruct_summarize_short",
        "chchen/Llama-3.1-8B-Instruct-SFT-1000",
        "leedahyeon/0219_all_llama31_cp3500",
        "ciloku/ceee306b-b546-42b7-99ba-fef7fcc1bd26",
        "chauhoang/a7b71eb1-db0f-4c12-ae7f-75544046c341",
        "GaetanMichelet/Llama-31-8B_task-3_180-samples_config-1",
        "Hiranmai49/Llama-3.1-8B-Instruct-contracts-pretrainLlama3.18b"
    ],
    "valid_accuracy": 1.0,
    "test_accuracy": 0.9542,
    "weights": [
        1.0028822748085668,
        0.3694757612369001,
        -0.16315796915421785,
        0.4240234801163341,
        0.43595499691597933,
        -0.00047197385929768736,
        0.2187499320887298,
        0.43311555559140935,
        0.29949310765594145,
        0.17693685156902256,
        0.1328429255397852,
        0.010295137364173965,
        -0.040294452743234635,
        0.02223264550394665,
        -0.002649000554861931,
        0.055262727648730914,
        -0.03587324828383145,
        -0.057595510508135904,
        0.004781487373668954,
        -0.001858611050334723,
        0.4042749882100397,
        -0.024046712068247447,
        -0.02867793229617925,
        0.009909230561199292,
        0.4249251178254629,
        0.013392904449244947,
        -0.02421721044923453,
        0.07687624358726128,
        -0.010840547826149488,
        0.03255790108137556
    ]
}