{
    "task": "sciq",
    "expert_name": [
        "r-three/lora_baseline_lr3e-4_step400_rank64_sciq",
        "daje/model_5e-05_alpha-128_r-256",
        "LangAGI-Lab/Meta-Llama-3.1-8B-Instruct-WM-bootstrapped-16k-adapter",
        "datlaaaaaaa/cf707148-8a14-4b17-af50-c0c419a06bb2",
        "chchen/Llama-3.1-8B-Instruct-PsyCourse-info-chain-fold9",
        "chanadda/Meta-Llama-3.1-8B-Instruct-pantip",
        "yadayadayada1927/16_model",
        "Cookieeeeeeeeeeeeeee/llama_custom_zero",
        "thaffggg/f11180f1-1b9d-4b3c-8eee-94e554cf0f06",
        "hongngo/612beea2-1e23-46e9-b772-5d201f773304"
    ],
    "valid_accuracy": 0.4,
    "test_accuracy": 0.448,
    "weights": [
        1.079546703399127,
        0.16847350867845698,
        0.5263000283173755,
        0.4970445091720711,
        0.5106783213653606,
        -0.011145511039518824,
        -0.06361597101295544,
        -0.011931345560840327,
        0.10741065665547153,
        0.0092517833966697
    ]
}