{
    "task": "cryptonews_articles",
    "expert_name": [
        "daje/model_0.0002_alpha-32_r-64",
        "aseratus1/80dde36f-b140-4e57-a010-bebb9584c30b",
        "Tomlord/Llama-3.1-8B-Instruct-LoRA-Hp-adk",
        "clembench-playpen/llama-3.1-8B-Instruct-rehearsal-steps_playpen_SFT-e3_DFINAL_0.93K-steps",
        "faridlazuarda/valadapt-llama-3.1-8B-it-german"
    ],
    "valid_accuracy": 0.35,
    "test_accuracy": 0.4662,
    "weights": [
        -0.12878710521483455,
        -0.21985084770302393,
        0.029972582246462955,
        1.495586845020758,
        0.24538666495431743
    ]
}