{
    "task": "glue_cola",
    "expert_name": [
        "r-three/lora_baseline_lr3e-4_step400_rank64_glue_cola",
        "daje/model_5e-05_alpha-128_r-256",
        "LangAGI-Lab/Meta-Llama-3.1-8B-Instruct-WM-bootstrapped-16k-adapter",
        "datlaaaaaaa/cf707148-8a14-4b17-af50-c0c419a06bb2",
        "chchen/Llama-3.1-8B-Instruct-PsyCourse-info-chain-fold9",
        "chanadda/Meta-Llama-3.1-8B-Instruct-pantip",
        "yadayadayada1927/16_model",
        "Cookieeeeeeeeeeeeeee/llama_custom_zero",
        "thaffggg/f11180f1-1b9d-4b3c-8eee-94e554cf0f06",
        "hongngo/612beea2-1e23-46e9-b772-5d201f773304",
        "barc0/induction-run2-gpt4omini-20k-100seeds-barc-llama3.1-8b-instruct-lora64_lr2e-4_epoch3",
        "clembench-playpen/llama-3.1-8B-Instruct-multi-step-collator_playpen_SFT-e3_DFINAL_0.7K-steps",
        "daje/model_2e-4_alpha-8_r-16",
        "Ozaii/Zephyrr",
        "chchen/Llama-3.1-8B-Instruct-PsyCourse-fold3",
        "thalllsssss/00a4666d-12ae-4972-9753-306a02cf9512",
        "nomadrp/tq-llama-sft-belebele",
        "lucy666/llama3.1-8B-Concise",
        "femT-data/llama-3.1-Instruct-finetuned-NER",
        "prxy5607/f59b404a-1d76-4c38-98b7-5a73c0ecea6e"
    ],
    "valid_accuracy": 0.75,
    "test_accuracy": 0.7920560747663551,
    "weights": [
        1.4987911593289676,
        -0.11865216180245194,
        0.49086133373898627,
        0.7205972822021671,
        0.16250513337309397,
        0.32228965968155887,
        0.1354853809642378,
        0.8201451643794021,
        -0.536780636858131,
        -0.19286159419367824,
        0.5691902008082125,
        0.1654797594337407,
        -0.25621576344211733,
        0.19115390541707988,
        -0.08585511450565374,
        0.15904911386270232,
        0.7356506487394678,
        0.04295459431291676,
        0.6000007073835252,
        -0.32141132461006616
    ]
}