{
    "task": "hyperbaton",
    "expert_name": [
        "r-three/lora_baseline_lr3e-4_step400_rank64_hyperbaton",
        "tanatapanun/Meta-Llama-3.1-8B-Instruct-NoteChat-32r-train-dataset-1-epochs-document-prompt-token-4096",
        "leedahyeon/0221_all_llama31_docs_cp3500",
        "minhtrannnn/0d5d4d02-c5c0-4607-b69a-0ddd8845e6f7",
        "robiulawaldev/da92a142-8a96-438e-80b3-13cf5e027f66"
    ],
    "valid_accuracy": 1.0,
    "test_accuracy": 0.9476,
    "weights": [
        0.9775367355263249,
        -0.004500232436587333,
        0.3992755308498203,
        -0.010209788961400677,
        0.004296463195421934
    ]
}