{
    "task": "openmathinstruct_2",
    "expert_name": [
        "r-three/lora_baseline_lr3e-4_step400_rank64_openmathinstruct_2",
        "leedahyeon/0221_gamsa_test_cp3000",
        "phungkhaccuong/afbdf303-5ec3-cb90-b17b-283c6f8ad70b",
        "CounterNarratives/Meta-Llama-3.1-8B-Instruct_english_premises_a",
        "britojr/llama3.1-sec10q_v2",
        "Atharva-07/classification_task",
        "aleegis10/8ed9fe91-c2b5-42ca-8efb-927b4c8fbf45",
        "robiulawaldev/da92a142-8a96-438e-80b3-13cf5e027f66",
        "LangAGI-Lab/Meta-Llama-3.1-8B-Instruct-WM-acctree-16k-75-adapter-new",
        "clembench-playpen/Llama-3-Clembench-Runs-Successful-Episodes_Top_10_Models_Individual_QA_adapted_image_game",
        "Yossim/fine_tuned_llama2",
        "duyphu/e1bc4b5a-5af6-4ce2-be2d-622344438659",
        "tanatapanun/Meta-Llama-3.1-8B-Instruct-NoteChat-32r-train-dataset-1-epochs-document-prompt-token-4096",
        "developerssy/Meta-Llama-3.1-8B-skills",
        "ncbateman/65eaec89-ddb3-4b65-866f-c621f95eea55",
        "hansh/hansken_human_hql",
        "minhtrannnn/3f048b0f-bb1e-4f5d-b68c-679dc5f1dd96",
        "nhunglaaaaaaa/8efc2e7d-f7f6-46a4-83bd-bf5ae190a347",
        "datlaaaaaaa/5c74b710-f2b8-45a0-8bbb-8b3c49d26627",
        "mkopecki/chess-lora-adapter-fp-llama-3.1-8b"
    ],
    "valid_accuracy": 0.25,
    "test_accuracy": 0.1454581832733093,
    "weights": [
        1.1584854514705512,
        0.41257280823454223,
        0.2009008236195922,
        -0.05726568906808427,
        -0.11066883261192509,
        0.4755939943520221,
        -0.37739462598713824,
        0.07368448503659124,
        -0.13595717350244121,
        0.30844992625826034,
        -0.10778144806142131,
        0.5467059461100278,
        0.32722855946411383,
        0.28600290575707843,
        -0.32487208719799676,
        -0.02186014781416414,
        0.4452352005433019,
        0.6915416497216474,
        -0.239167291560356,
        -0.4260083742133806
    ]
}