{
    "task": "openmathinstruct_2",
    "expert_name": [
        "r-three/lora_baseline_lr3e-4_step400_rank64_openmathinstruct_2",
        "leedahyeon/0221_gamsa_test_cp3000",
        "phungkhaccuong/afbdf303-5ec3-cb90-b17b-283c6f8ad70b",
        "CounterNarratives/Meta-Llama-3.1-8B-Instruct_english_premises_a",
        "britojr/llama3.1-sec10q_v2"
    ],
    "valid_accuracy": 0.2,
    "test_accuracy": 0.13185274109643857,
    "weights": [
        1.082639015997772,
        0.30775678098124604,
        -0.07685193610478094,
        -0.1335290881325537,
        -0.07252966152001217
    ]
}