{
    "task": "temporal_sequences",
    "expert_name": [
        "r-three/lora_baseline_lr3e-4_step400_rank64_temporal_sequences",
        "tanatapanun/Meta-Llama-3.1-8B-Instruct-NoteChat-32r-train-dataset-1-epochs-document-prompt-token-4096",
        "leedahyeon/0221_all_llama31_docs_cp3500",
        "minhtrannnn/0d5d4d02-c5c0-4607-b69a-0ddd8845e6f7",
        "robiulawaldev/da92a142-8a96-438e-80b3-13cf5e027f66",
        "gotzmann/1JV44C2nd",
        "chchen/Llama-3.1-8B-Instruct-PsyCourse-doc-info-fold8",
        "daje/model_2e-4",
        "laquythang/07d7800a-5441-44b2-8e4b-5b1f2fb61a61",
        "prxy5606/98345738-30aa-41c4-bf69-2392a1ce4d0a",
        "LangAGI-Lab/Meta-Llama-3.1-8B-Instruct-WM-bootstrapped-16k-adapter",
        "myhaaaaaaa/2bd8eab3-2f15-4917-83d4-5245c3b84852",
        "CharlesLi/llama_3_unsafe_helpful",
        "mohmzm/llama_3_1_8b_instruct_document_relevance_test",
        "chchen/Llama-3.1-8B-Instruct-SAA-700",
        "GaetanMichelet/Llama-31-8B_task-2_180-samples_config-1_full",
        "EdBergJr/tablets_baha_arabic",
        "GaetanMichelet/Llama-31-8B_task-1_60-samples_config-1_full_auto",
        "nomadrp/tq-6-langs",
        "0x1202/0fa06e19-bb47-4f8b-9cc3-fa3e8c3c0982"
    ],
    "valid_accuracy": 1.0,
    "test_accuracy": 1.0,
    "weights": [
        0.4999654561736976,
        -9.181558609588655e-05,
        -2.552913035601428e-06,
        1.7501532132475583e-05,
        5.8611554054327405e-06,
        -2.457641852335655e-06,
        -2.678401384478998e-06,
        -0.0001520917584455892,
        -8.384704896111295e-05,
        0.00010506393209525457,
        9.70163719232263e-06,
        0.00016215908163581062,
        -0.00010443178964660963,
        -1.3049692997739058e-05,
        -8.009090121331533e-05,
        6.695410441858774e-06,
        -4.920838604114432e-06,
        -8.600521219697973e-05,
        -0.00010571000465810081,
        0.00010994655421843366
    ]
}