{
    "task": "race_high",
    "expert_name": [
        "r-three/lora_baseline_lr3e-4_step400_rank64_race_high",
        "leedahyeon/0221_gamsa_test_cp3000",
        "phungkhaccuong/afbdf303-5ec3-cb90-b17b-283c6f8ad70b",
        "CounterNarratives/Meta-Llama-3.1-8B-Instruct_english_premises_a",
        "britojr/llama3.1-sec10q_v2",
        "Atharva-07/classification_task",
        "aleegis10/8ed9fe91-c2b5-42ca-8efb-927b4c8fbf45",
        "robiulawaldev/da92a142-8a96-438e-80b3-13cf5e027f66",
        "LangAGI-Lab/Meta-Llama-3.1-8B-Instruct-WM-acctree-16k-75-adapter-new",
        "clembench-playpen/Llama-3-Clembench-Runs-Successful-Episodes_Top_10_Models_Individual_QA_adapted_image_game"
    ],
    "valid_accuracy": 0.8,
    "test_accuracy": 0.7604345340194397,
    "weights": [
        0.9104650884776486,
        0.6090867941557656,
        -0.08586055522093353,
        -0.05300318067372125,
        -0.006132430254787324,
        0.3847799160894808,
        -0.10774539052440857,
        -0.08576317661763899,
        -0.11150071440451248,
        -0.03605193886217469
    ]
}