{
    "task": "arc_easy",
    "expert_name": [
        "r-three/lora_baseline_lr3e-4_step400_rank64_arc_easy",
        "daje/model_5e-05_alpha-128_r-256",
        "LangAGI-Lab/Meta-Llama-3.1-8B-Instruct-WM-bootstrapped-16k-adapter",
        "datlaaaaaaa/cf707148-8a14-4b17-af50-c0c419a06bb2",
        "chchen/Llama-3.1-8B-Instruct-PsyCourse-info-chain-fold9",
        "chanadda/Meta-Llama-3.1-8B-Instruct-pantip",
        "yadayadayada1927/16_model",
        "Cookieeeeeeeeeeeeeee/llama_custom_zero",
        "thaffggg/f11180f1-1b9d-4b3c-8eee-94e554cf0f06",
        "hongngo/612beea2-1e23-46e9-b772-5d201f773304",
        "barc0/induction-run2-gpt4omini-20k-100seeds-barc-llama3.1-8b-instruct-lora64_lr2e-4_epoch3",
        "clembench-playpen/llama-3.1-8B-Instruct-multi-step-collator_playpen_SFT-e3_DFINAL_0.7K-steps",
        "daje/model_2e-4_alpha-8_r-16",
        "Ozaii/Zephyrr",
        "chchen/Llama-3.1-8B-Instruct-PsyCourse-fold3",
        "thalllsssss/00a4666d-12ae-4972-9753-306a02cf9512",
        "nomadrp/tq-llama-sft-belebele",
        "lucy666/llama3.1-8B-Concise",
        "femT-data/llama-3.1-Instruct-finetuned-NER",
        "prxy5607/f59b404a-1d76-4c38-98b7-5a73c0ecea6e",
        "cshbi/fine_tune_output_eie_3.1",
        "Alphatao/9176ae39-6635-4492-ae61-927f06585355",
        "minhtrannnn/3f048b0f-bb1e-4f5d-b68c-679dc5f1dd96",
        "XicoC/llama381binstruct_summarize_short",
        "chchen/Llama-3.1-8B-Instruct-SFT-1000",
        "leedahyeon/0219_all_llama31_cp3500",
        "ciloku/ceee306b-b546-42b7-99ba-fef7fcc1bd26",
        "chauhoang/a7b71eb1-db0f-4c12-ae7f-75544046c341",
        "GaetanMichelet/Llama-31-8B_task-3_180-samples_config-1",
        "Hiranmai49/Llama-3.1-8B-Instruct-contracts-pretrainLlama3.18b"
    ],
    "valid_accuracy": 0.9,
    "test_accuracy": 0.8800505050505051,
    "weights": [
        0.49315433037680856,
        -0.04275192721527738,
        0.7114672426589859,
        0.3324821070081693,
        0.03208939862249141,
        -0.14785269834071352,
        0.003701398115365305,
        0.5842582494125556,
        -0.02606232674559178,
        0.14374705284828868,
        -0.032132436711565314,
        0.006329479868337176,
        -0.058634942376447965,
        -0.02477747597978845,
        0.2473373491480382,
        0.02304573046337525,
        0.113963305959789,
        -0.027790100924830065,
        -0.03393942011614658,
        -0.07968931199765783,
        0.3152527872597455,
        -0.06687658526603554,
        0.022575124780083874,
        -0.04004683614487262,
        -0.09482240460545562,
        -0.036058459865570464,
        -0.05358300559420081,
        -0.12105074988111503,
        -0.05543959018439881,
        0.4382292323883175
    ]
}