{
    "task": "boolean_expressions",
    "expert_name": [
        "daje/model_5e-05_alpha-128_r-256",
        "LangAGI-Lab/Meta-Llama-3.1-8B-Instruct-WM-bootstrapped-16k-adapter",
        "datlaaaaaaa/cf707148-8a14-4b17-af50-c0c419a06bb2",
        "chchen/Llama-3.1-8B-Instruct-PsyCourse-info-chain-fold9",
        "chanadda/Meta-Llama-3.1-8B-Instruct-pantip",
        "yadayadayada1927/16_model",
        "Cookieeeeeeeeeeeeeee/llama_custom_zero",
        "thaffggg/f11180f1-1b9d-4b3c-8eee-94e554cf0f06",
        "hongngo/612beea2-1e23-46e9-b772-5d201f773304",
        "barc0/induction-run2-gpt4omini-20k-100seeds-barc-llama3.1-8b-instruct-lora64_lr2e-4_epoch3"
    ],
    "valid_accuracy": 0.75,
    "test_accuracy": 0.717,
    "weights": [
        -0.4637843781397067,
        0.1973060007581307,
        0.7371122866806042,
        0.9924573715505604,
        -0.05733762430676524,
        0.18451539062146902,
        -0.46452174677009606,
        -0.3251351378764384,
        -0.15925753053348565,
        0.641935822643773
    ]
}