{
    "task": "medmcqa",
    "expert_name": [
        "r-three/lora_baseline_lr3e-4_step400_rank64_medmcqa",
        "daje/model_5e-05_alpha-128_r-256",
        "LangAGI-Lab/Meta-Llama-3.1-8B-Instruct-WM-bootstrapped-16k-adapter",
        "datlaaaaaaa/cf707148-8a14-4b17-af50-c0c419a06bb2",
        "chchen/Llama-3.1-8B-Instruct-PsyCourse-info-chain-fold9",
        "chanadda/Meta-Llama-3.1-8B-Instruct-pantip",
        "yadayadayada1927/16_model",
        "Cookieeeeeeeeeeeeeee/llama_custom_zero",
        "thaffggg/f11180f1-1b9d-4b3c-8eee-94e554cf0f06",
        "hongngo/612beea2-1e23-46e9-b772-5d201f773304"
    ],
    "valid_accuracy": 0.5,
    "test_accuracy": 0.626,
    "weights": [
        0.8312257710873471,
        0.3538149854555841,
        0.40350227502244473,
        0.40690039450505555,
        0.5572896795628398,
        0.0006430135438295824,
        0.5009546363309689,
        -0.04611060652798603,
        0.46368180883406557,
        0.04573425739657126
    ]
}