{
    "task": "xnli_de",
    "expert_name": [
        "r-three/lora_baseline_lr3e-4_step400_rank64_xnli_de",
        "tanatapanun/Meta-Llama-3.1-8B-Instruct-NoteChat-32r-train-dataset-1-epochs-document-prompt-token-4096",
        "leedahyeon/0221_all_llama31_docs_cp3500",
        "minhtrannnn/0d5d4d02-c5c0-4607-b69a-0ddd8845e6f7",
        "robiulawaldev/da92a142-8a96-438e-80b3-13cf5e027f66",
        "gotzmann/1JV44C2nd",
        "chchen/Llama-3.1-8B-Instruct-PsyCourse-doc-info-fold8",
        "daje/model_2e-4",
        "laquythang/07d7800a-5441-44b2-8e4b-5b1f2fb61a61",
        "prxy5606/98345738-30aa-41c4-bf69-2392a1ce4d0a"
    ],
    "valid_accuracy": 0.75,
    "test_accuracy": 0.7082,
    "weights": [
        0.8575471806945683,
        0.4762375955306264,
        0.5550090287655726,
        0.5388186896206983,
        -0.035472443919960656,
        0.08442067248600058,
        -0.04626261007431965,
        -0.07646518210427516,
        -0.05441727458445223,
        -0.07489461225668284
    ]
}