{
    "task": "mnist_ascii",
    "expert_name": [
        "r-three/lora_baseline_lr3e-4_step400_rank64_mnist_ascii",
        "tanatapanun/Meta-Llama-3.1-8B-Instruct-NoteChat-32r-train-dataset-1-epochs-document-prompt-token-4096",
        "leedahyeon/0221_all_llama31_docs_cp3500",
        "minhtrannnn/0d5d4d02-c5c0-4607-b69a-0ddd8845e6f7",
        "robiulawaldev/da92a142-8a96-438e-80b3-13cf5e027f66",
        "gotzmann/1JV44C2nd",
        "chchen/Llama-3.1-8B-Instruct-PsyCourse-doc-info-fold8",
        "daje/model_2e-4",
        "laquythang/07d7800a-5441-44b2-8e4b-5b1f2fb61a61",
        "prxy5606/98345738-30aa-41c4-bf69-2392a1ce4d0a",
        "LangAGI-Lab/Meta-Llama-3.1-8B-Instruct-WM-bootstrapped-16k-adapter",
        "myhaaaaaaa/2bd8eab3-2f15-4917-83d4-5245c3b84852",
        "CharlesLi/llama_3_unsafe_helpful",
        "mohmzm/llama_3_1_8b_instruct_document_relevance_test",
        "chchen/Llama-3.1-8B-Instruct-SAA-700",
        "GaetanMichelet/Llama-31-8B_task-2_180-samples_config-1_full",
        "EdBergJr/tablets_baha_arabic",
        "GaetanMichelet/Llama-31-8B_task-1_60-samples_config-1_full_auto",
        "nomadrp/tq-6-langs",
        "0x1202/0fa06e19-bb47-4f8b-9cc3-fa3e8c3c0982",
        "nhung03/8807e2a5-ff05-45b2-ab4b-a170e19c24b6",
        "npark95/qlora_llama3_0shot",
        "clembench-playpen/meta-llama-Meta-Llama-3.1-8B-Instruct_SFT_E1_D60006",
        "RoeReRe/Meta-LLama-3.1-8B-Instruct-Finetuned-Bias-4.5K",
        "estrogen/L3.1-8b-Ink-ep1-adpt",
        "Nevil9/PsyLlama",
        "MoreWrong/studybuddy",
        "clembench-playpen/meta-llama-Meta-Llama-3.1-8B-Instruct_SFT_D90003",
        "clembench-playpen/meta-llama-Meta-Llama-3.1-8B-Instruct_SFT_E1_D90000",
        "diagonalge/4ff3f177-6bb4-406d-b6ba-5fd891aee612"
    ],
    "valid_accuracy": 0.1,
    "test_accuracy": 0.151,
    "weights": [
        0.6987931337303582,
        0.49763411944544983,
        0.422456574592263,
        0.07415914719088479,
        0.07329406788591028,
        0.5748157835680406,
        -0.0014535540417272563,
        0.0011186805870343761,
        0.00231718032234384,
        -0.004428293076475954,
        -0.0029544072426130608,
        0.00017928190254193674,
        -0.01571896065328899,
        -0.00040131839543853896,
        0.5217951447526472,
        -0.003491754187803541,
        -0.0008849262625528539,
        0.004698245124340663,
        0.0027239253203438954,
        0.0048471617470088255,
        0.005535764794729732,
        0.5104915083343899,
        -0.00632608408939968,
        -0.006894515617461826,
        0.0459098939673603,
        -0.005568507476376752,
        -0.001986519497455501,
        -0.0014311528406515883,
        -0.0054923221045946385,
        -0.004775484512324364
    ]
}