{
    "task": "arc_challenge",
    "expert_name": [
        "r-three/lora_baseline_lr3e-4_step400_rank64_arc_challenge",
        "tanatapanun/Meta-Llama-3.1-8B-Instruct-NoteChat-32r-train-dataset-1-epochs-document-prompt-token-4096",
        "leedahyeon/0221_all_llama31_docs_cp3500",
        "minhtrannnn/0d5d4d02-c5c0-4607-b69a-0ddd8845e6f7",
        "robiulawaldev/da92a142-8a96-438e-80b3-13cf5e027f66",
        "gotzmann/1JV44C2nd",
        "chchen/Llama-3.1-8B-Instruct-PsyCourse-doc-info-fold8",
        "daje/model_2e-4",
        "laquythang/07d7800a-5441-44b2-8e4b-5b1f2fb61a61",
        "prxy5606/98345738-30aa-41c4-bf69-2392a1ce4d0a"
    ],
    "valid_accuracy": 0.75,
    "test_accuracy": 0.7167235494880546,
    "weights": [
        1.493176096086782,
        0.45837270191426177,
        0.5511758232618404,
        -0.12628022697773714,
        -0.06532467369452916,
        1.0481563936239247,
        0.0594951682947518,
        -0.11572105698658502,
        -0.10273317386499277,
        -0.054078539885741295
    ]
}