{
    "task": "super_glue_wsc",
    "expert_name": [
        "r-three/lora_baseline_lr3e-4_step400_rank64_super_glue_wsc",
        "daje/model_5e-05_alpha-128_r-256",
        "LangAGI-Lab/Meta-Llama-3.1-8B-Instruct-WM-bootstrapped-16k-adapter",
        "datlaaaaaaa/cf707148-8a14-4b17-af50-c0c419a06bb2",
        "chchen/Llama-3.1-8B-Instruct-PsyCourse-info-chain-fold9",
        "chanadda/Meta-Llama-3.1-8B-Instruct-pantip",
        "yadayadayada1927/16_model",
        "Cookieeeeeeeeeeeeeee/llama_custom_zero",
        "thaffggg/f11180f1-1b9d-4b3c-8eee-94e554cf0f06",
        "hongngo/612beea2-1e23-46e9-b772-5d201f773304",
        "barc0/induction-run2-gpt4omini-20k-100seeds-barc-llama3.1-8b-instruct-lora64_lr2e-4_epoch3",
        "clembench-playpen/llama-3.1-8B-Instruct-multi-step-collator_playpen_SFT-e3_DFINAL_0.7K-steps",
        "daje/model_2e-4_alpha-8_r-16",
        "Ozaii/Zephyrr",
        "chchen/Llama-3.1-8B-Instruct-PsyCourse-fold3",
        "thalllsssss/00a4666d-12ae-4972-9753-306a02cf9512",
        "nomadrp/tq-llama-sft-belebele",
        "lucy666/llama3.1-8B-Concise",
        "femT-data/llama-3.1-Instruct-finetuned-NER",
        "prxy5607/f59b404a-1d76-4c38-98b7-5a73c0ecea6e"
    ],
    "valid_accuracy": 0.65,
    "test_accuracy": 0.375,
    "weights": [
        1.233660043635197,
        0.3203963338600403,
        0.787816079031169,
        0.5731298630288764,
        0.45507375258637234,
        -0.10802176068390346,
        -0.015000904541435406,
        -0.07499993109430665,
        0.14567656343127156,
        0.3161661719288385,
        -0.32482637666862,
        0.623819592098975,
        0.12876253043012226,
        -0.27614274580738474,
        -0.3957998042368851,
        0.3532508382632168,
        -0.08013002996129781,
        -0.16393395658664037,
        -0.16808910179153486,
        -0.10017829144681815
    ]
}