{
    "task": "mmlu_pro",
    "expert_name": [
        "leedahyeon/0221_gamsa_test_cp3000",
        "phungkhaccuong/afbdf303-5ec3-cb90-b17b-283c6f8ad70b",
        "CounterNarratives/Meta-Llama-3.1-8B-Instruct_english_premises_a",
        "britojr/llama3.1-sec10q_v2",
        "Atharva-07/classification_task"
    ],
    "valid_accuracy": 0.1,
    "test_accuracy": 0.11794019933554817,
    "weights": [
        0.25647093564138157,
        0.5427875129360715,
        -0.3388535148374928,
        0.2895035648363889,
        1.0414321527059778
    ]
}