{
    "task": "elementary_math_qa_question_only",
    "expert_name": [
        "r-three/lora_baseline_lr3e-4_step400_rank64_elementary_math_qa_question_only",
        "tanatapanun/Meta-Llama-3.1-8B-Instruct-NoteChat-32r-train-dataset-1-epochs-document-prompt-token-4096",
        "leedahyeon/0221_all_llama31_docs_cp3500",
        "minhtrannnn/0d5d4d02-c5c0-4607-b69a-0ddd8845e6f7",
        "robiulawaldev/da92a142-8a96-438e-80b3-13cf5e027f66",
        "gotzmann/1JV44C2nd",
        "chchen/Llama-3.1-8B-Instruct-PsyCourse-doc-info-fold8",
        "daje/model_2e-4",
        "laquythang/07d7800a-5441-44b2-8e4b-5b1f2fb61a61",
        "prxy5606/98345738-30aa-41c4-bf69-2392a1ce4d0a",
        "LangAGI-Lab/Meta-Llama-3.1-8B-Instruct-WM-bootstrapped-16k-adapter",
        "myhaaaaaaa/2bd8eab3-2f15-4917-83d4-5245c3b84852",
        "CharlesLi/llama_3_unsafe_helpful",
        "mohmzm/llama_3_1_8b_instruct_document_relevance_test",
        "chchen/Llama-3.1-8B-Instruct-SAA-700",
        "GaetanMichelet/Llama-31-8B_task-2_180-samples_config-1_full",
        "EdBergJr/tablets_baha_arabic",
        "GaetanMichelet/Llama-31-8B_task-1_60-samples_config-1_full_auto",
        "nomadrp/tq-6-langs",
        "0x1202/0fa06e19-bb47-4f8b-9cc3-fa3e8c3c0982"
    ],
    "valid_accuracy": 0.35,
    "test_accuracy": 0.19245773732119636,
    "weights": [
        1.0669116477000054,
        0.5224234633184487,
        0.10632155076289854,
        0.5191645732585405,
        -0.276898848220939,
        -0.030615277101648235,
        0.4450880172667275,
        0.008565855718326236,
        0.030056975896215782,
        0.014412692085467626,
        -0.02045583641037946,
        -0.004185621617577304,
        -0.024340222610678103,
        -0.16630561649650843,
        -0.013985862752548614,
        -0.1462727045835884,
        -0.07300142464816532,
        -0.07520612264612739,
        -0.03264351424359127,
        0.03363684516696559
    ]
}