{
    "task": "stackoverflow_questions",
    "expert_name": [
        "r-three/lora_baseline_lr3e-4_step400_rank64_stackoverflow_questions",
        "daje/model_5e-05_alpha-128_r-256",
        "LangAGI-Lab/Meta-Llama-3.1-8B-Instruct-WM-bootstrapped-16k-adapter",
        "datlaaaaaaa/cf707148-8a14-4b17-af50-c0c419a06bb2",
        "chchen/Llama-3.1-8B-Instruct-PsyCourse-info-chain-fold9",
        "chanadda/Meta-Llama-3.1-8B-Instruct-pantip",
        "yadayadayada1927/16_model",
        "Cookieeeeeeeeeeeeeee/llama_custom_zero",
        "thaffggg/f11180f1-1b9d-4b3c-8eee-94e554cf0f06",
        "hongngo/612beea2-1e23-46e9-b772-5d201f773304",
        "barc0/induction-run2-gpt4omini-20k-100seeds-barc-llama3.1-8b-instruct-lora64_lr2e-4_epoch3",
        "clembench-playpen/llama-3.1-8B-Instruct-multi-step-collator_playpen_SFT-e3_DFINAL_0.7K-steps",
        "daje/model_2e-4_alpha-8_r-16",
        "Ozaii/Zephyrr",
        "chchen/Llama-3.1-8B-Instruct-PsyCourse-fold3",
        "thalllsssss/00a4666d-12ae-4972-9753-306a02cf9512",
        "nomadrp/tq-llama-sft-belebele",
        "lucy666/llama3.1-8B-Concise",
        "femT-data/llama-3.1-Instruct-finetuned-NER",
        "prxy5607/f59b404a-1d76-4c38-98b7-5a73c0ecea6e"
    ],
    "valid_accuracy": 0.3157894736842105,
    "test_accuracy": 0.2528009777958851,
    "weights": [
        1.450322444808705,
        0.8944333507913358,
        -0.5719049332330978,
        0.8509934755595662,
        0.7614098701222134,
        1.3022469588904264,
        -0.10146581995024279,
        0.08344083440337627,
        0.7360386398499417,
        0.615973153962826,
        0.2746364911477653,
        0.7619120239581172,
        -0.3209088594019281,
        0.7420512361365291,
        -0.5960094905970879,
        -0.05880097292556591,
        -0.22210258458531829,
        -0.004437488023524058,
        -0.9553029945569134,
        -0.22396886903689336
    ]
}