{
    "task": "typescript_chunks",
    "expert_name": [
        "r-three/lora_baseline_lr3e-4_step400_rank64_typescript_chunks",
        "daje/model_5e-05_alpha-128_r-256",
        "LangAGI-Lab/Meta-Llama-3.1-8B-Instruct-WM-bootstrapped-16k-adapter",
        "datlaaaaaaa/cf707148-8a14-4b17-af50-c0c419a06bb2",
        "chchen/Llama-3.1-8B-Instruct-PsyCourse-info-chain-fold9",
        "chanadda/Meta-Llama-3.1-8B-Instruct-pantip",
        "yadayadayada1927/16_model",
        "Cookieeeeeeeeeeeeeee/llama_custom_zero",
        "thaffggg/f11180f1-1b9d-4b3c-8eee-94e554cf0f06",
        "hongngo/612beea2-1e23-46e9-b772-5d201f773304",
        "barc0/induction-run2-gpt4omini-20k-100seeds-barc-llama3.1-8b-instruct-lora64_lr2e-4_epoch3",
        "clembench-playpen/llama-3.1-8B-Instruct-multi-step-collator_playpen_SFT-e3_DFINAL_0.7K-steps",
        "daje/model_2e-4_alpha-8_r-16",
        "Ozaii/Zephyrr",
        "chchen/Llama-3.1-8B-Instruct-PsyCourse-fold3",
        "thalllsssss/00a4666d-12ae-4972-9753-306a02cf9512",
        "nomadrp/tq-llama-sft-belebele",
        "lucy666/llama3.1-8B-Concise",
        "femT-data/llama-3.1-Instruct-finetuned-NER",
        "prxy5607/f59b404a-1d76-4c38-98b7-5a73c0ecea6e"
    ],
    "valid_accuracy": 1.0,
    "test_accuracy": 0.9768,
    "weights": [
        0.8494544008557413,
        -0.06888347463020489,
        0.16174339390967785,
        0.01469991649804082,
        0.33101692209884054,
        0.30535689750907363,
        0.027163878293609958,
        -0.20169078819718056,
        -0.10475139416399751,
        -0.0556385032494875,
        0.02496491791309891,
        -0.03189198435968504,
        -0.16990927995611113,
        -0.00760237968077792,
        0.046046737101615304,
        -0.0085069504127302,
        -0.0012075824364497726,
        0.28809983719500876,
        0.002375411301340247,
        -0.054510293810608124
    ]
}