{
    "task": "unarxive_imrad_clf",
    "expert_name": [
        "daje/model_0.0002_alpha-32_r-64",
        "aseratus1/80dde36f-b140-4e57-a010-bebb9584c30b",
        "Tomlord/Llama-3.1-8B-Instruct-LoRA-Hp-adk",
        "clembench-playpen/llama-3.1-8B-Instruct-rehearsal-steps_playpen_SFT-e3_DFINAL_0.93K-steps",
        "faridlazuarda/valadapt-llama-3.1-8B-it-german"
    ],
    "valid_accuracy": 0.6,
    "test_accuracy": 0.5358361774744027,
    "weights": [
        -0.15518203277512818,
        1.3144453892821808,
        -0.18996681630577525,
        -0.01871788426821663,
        -0.3048637094091651
    ]
}