{
    "task": "ade_corpus_v2",
    "expert_name": [
        "r-three/lora_baseline_lr3e-4_step400_rank64_ade_corpus_v2",
        "tanatapanun/Meta-Llama-3.1-8B-Instruct-NoteChat-32r-train-dataset-1-epochs-document-prompt-token-4096",
        "leedahyeon/0221_all_llama31_docs_cp3500",
        "minhtrannnn/0d5d4d02-c5c0-4607-b69a-0ddd8845e6f7",
        "robiulawaldev/da92a142-8a96-438e-80b3-13cf5e027f66",
        "gotzmann/1JV44C2nd",
        "chchen/Llama-3.1-8B-Instruct-PsyCourse-doc-info-fold8",
        "daje/model_2e-4",
        "laquythang/07d7800a-5441-44b2-8e4b-5b1f2fb61a61",
        "prxy5606/98345738-30aa-41c4-bf69-2392a1ce4d0a",
        "LangAGI-Lab/Meta-Llama-3.1-8B-Instruct-WM-bootstrapped-16k-adapter",
        "myhaaaaaaa/2bd8eab3-2f15-4917-83d4-5245c3b84852",
        "CharlesLi/llama_3_unsafe_helpful",
        "mohmzm/llama_3_1_8b_instruct_document_relevance_test",
        "chchen/Llama-3.1-8B-Instruct-SAA-700",
        "GaetanMichelet/Llama-31-8B_task-2_180-samples_config-1_full",
        "EdBergJr/tablets_baha_arabic",
        "GaetanMichelet/Llama-31-8B_task-1_60-samples_config-1_full_auto",
        "nomadrp/tq-6-langs",
        "0x1202/0fa06e19-bb47-4f8b-9cc3-fa3e8c3c0982"
    ],
    "valid_accuracy": 0.95,
    "test_accuracy": 0.8745748299319728,
    "weights": [
        1.257346445865902,
        0.03742980065685814,
        0.2144213287311237,
        0.5167807833500674,
        0.27858940275372707,
        0.5081336741983234,
        0.47604340315532345,
        0.2807133626715123,
        0.2985467153754562,
        -0.2546293316554663,
        0.21795639485029705,
        0.0790686854618254,
        0.0340221580723625,
        -0.3458039928152713,
        0.22812950418905154,
        -0.2852782897555534,
        -0.11228757292748644,
        -0.1375586215246265,
        0.9308082571204511,
        -0.2780541272398867
    ]
}