{
    "task": "medmcqa",
    "expert_name": [
        "daje/model_0.0002_alpha-32_r-64",
        "aseratus1/80dde36f-b140-4e57-a010-bebb9584c30b",
        "Tomlord/Llama-3.1-8B-Instruct-LoRA-Hp-adk",
        "clembench-playpen/llama-3.1-8B-Instruct-rehearsal-steps_playpen_SFT-e3_DFINAL_0.93K-steps",
        "faridlazuarda/valadapt-llama-3.1-8B-it-german"
    ],
    "valid_accuracy": 0.3,
    "test_accuracy": 0.5748,
    "weights": [
        0.4563750724194694,
        0.610113988522878,
        -0.1207715366534586,
        0.8446943703299897,
        -0.06108640752986087
    ]
}