{
    "task": "openmathinstruct_2",
    "expert_name": [
        "r-three/lora_baseline_lr3e-4_step400_rank64_openmathinstruct_2",
        "daje/model_5e-05_alpha-128_r-256",
        "LangAGI-Lab/Meta-Llama-3.1-8B-Instruct-WM-bootstrapped-16k-adapter",
        "datlaaaaaaa/cf707148-8a14-4b17-af50-c0c419a06bb2",
        "chchen/Llama-3.1-8B-Instruct-PsyCourse-info-chain-fold9",
        "chanadda/Meta-Llama-3.1-8B-Instruct-pantip",
        "yadayadayada1927/16_model",
        "Cookieeeeeeeeeeeeeee/llama_custom_zero",
        "thaffggg/f11180f1-1b9d-4b3c-8eee-94e554cf0f06",
        "hongngo/612beea2-1e23-46e9-b772-5d201f773304"
    ],
    "valid_accuracy": 0.15,
    "test_accuracy": 0.13825530212084833,
    "weights": [
        1.1590973757259235,
        0.6547776870570416,
        0.777237825077415,
        0.3303578402177077,
        -0.027806907738078496,
        0.004324755331126801,
        -0.0878596271017983,
        0.06950931747950895,
        0.6745897177088954,
        0.39036621557392037
    ]
}