{
    "task": "aqua_rat",
    "expert_name": [
        "leedahyeon/0221_gamsa_test_cp3000",
        "phungkhaccuong/afbdf303-5ec3-cb90-b17b-283c6f8ad70b",
        "CounterNarratives/Meta-Llama-3.1-8B-Instruct_english_premises_a",
        "britojr/llama3.1-sec10q_v2",
        "Atharva-07/classification_task"
    ],
    "valid_accuracy": 0.1,
    "test_accuracy": 0.12992125984251968,
    "weights": [
        0.22340184220944478,
        0.6244618375252521,
        0.2946465085997626,
        -0.12227952771152259,
        0.5514672148896863
    ]
}