{
    "task": "super_glue_wic",
    "expert_name": [
        "r-three/lora_baseline_lr3e-4_step400_rank64_super_glue_wic",
        "daje/model_5e-05_alpha-128_r-256",
        "LangAGI-Lab/Meta-Llama-3.1-8B-Instruct-WM-bootstrapped-16k-adapter",
        "datlaaaaaaa/cf707148-8a14-4b17-af50-c0c419a06bb2",
        "chchen/Llama-3.1-8B-Instruct-PsyCourse-info-chain-fold9",
        "chanadda/Meta-Llama-3.1-8B-Instruct-pantip",
        "yadayadayada1927/16_model",
        "Cookieeeeeeeeeeeeeee/llama_custom_zero",
        "thaffggg/f11180f1-1b9d-4b3c-8eee-94e554cf0f06",
        "hongngo/612beea2-1e23-46e9-b772-5d201f773304",
        "barc0/induction-run2-gpt4omini-20k-100seeds-barc-llama3.1-8b-instruct-lora64_lr2e-4_epoch3",
        "clembench-playpen/llama-3.1-8B-Instruct-multi-step-collator_playpen_SFT-e3_DFINAL_0.7K-steps",
        "daje/model_2e-4_alpha-8_r-16",
        "Ozaii/Zephyrr",
        "chchen/Llama-3.1-8B-Instruct-PsyCourse-fold3",
        "thalllsssss/00a4666d-12ae-4972-9753-306a02cf9512",
        "nomadrp/tq-llama-sft-belebele",
        "lucy666/llama3.1-8B-Concise",
        "femT-data/llama-3.1-Instruct-finetuned-NER",
        "prxy5607/f59b404a-1d76-4c38-98b7-5a73c0ecea6e"
    ],
    "valid_accuracy": 0.65,
    "test_accuracy": 0.7329650092081031,
    "weights": [
        1.0730109616711614,
        0.38970383290240507,
        0.7482521878068455,
        -0.006010742332330957,
        0.49337466060933144,
        -0.1139349630955276,
        -0.07817570121088356,
        -0.013497706207832307,
        -0.004331039948667818,
        -0.003501704776211553,
        0.5376007009687214,
        -0.26759987771969945,
        -0.0026270340181998846,
        -0.0029124553376145956,
        -0.12422326150065291,
        -0.026463567212961298,
        -0.012490939488194897,
        -0.04059162468872203,
        -0.34409133891828464,
        -0.11482100396221939
    ]
}