{
    "task": "glue_qnli",
    "expert_name": [
        "r-three/lora_baseline_lr3e-4_step400_rank64_glue_qnli",
        "daje/model_5e-05_alpha-128_r-256",
        "LangAGI-Lab/Meta-Llama-3.1-8B-Instruct-WM-bootstrapped-16k-adapter",
        "datlaaaaaaa/cf707148-8a14-4b17-af50-c0c419a06bb2",
        "chchen/Llama-3.1-8B-Instruct-PsyCourse-info-chain-fold9",
        "chanadda/Meta-Llama-3.1-8B-Instruct-pantip",
        "yadayadayada1927/16_model",
        "Cookieeeeeeeeeeeeeee/llama_custom_zero",
        "thaffggg/f11180f1-1b9d-4b3c-8eee-94e554cf0f06",
        "hongngo/612beea2-1e23-46e9-b772-5d201f773304",
        "barc0/induction-run2-gpt4omini-20k-100seeds-barc-llama3.1-8b-instruct-lora64_lr2e-4_epoch3",
        "clembench-playpen/llama-3.1-8B-Instruct-multi-step-collator_playpen_SFT-e3_DFINAL_0.7K-steps",
        "daje/model_2e-4_alpha-8_r-16",
        "Ozaii/Zephyrr",
        "chchen/Llama-3.1-8B-Instruct-PsyCourse-fold3",
        "thalllsssss/00a4666d-12ae-4972-9753-306a02cf9512",
        "nomadrp/tq-llama-sft-belebele",
        "lucy666/llama3.1-8B-Concise",
        "femT-data/llama-3.1-Instruct-finetuned-NER",
        "prxy5607/f59b404a-1d76-4c38-98b7-5a73c0ecea6e"
    ],
    "valid_accuracy": 1.0,
    "test_accuracy": 0.8958,
    "weights": [
        0.8809927637514251,
        0.46728594983355853,
        0.3050059455336206,
        0.40518707338012677,
        0.36548583957241926,
        -0.010793244622794473,
        -0.009913195371791847,
        0.03147721914732667,
        0.002276476870932704,
        -0.0072030065378658175,
        -0.005020135010102978,
        0.01736101701375079,
        0.03665653963308927,
        0.0336856359222137,
        0.293392999547266,
        0.017701253472888853,
        -0.0009951943129426315,
        -0.0019952733464380407,
        0.026181808214531175,
        -0.0119857083883202
    ]
}