{
    "task": "commonsense_qa",
    "expert_name": [
        "r-three/lora_baseline_lr3e-4_step400_rank64_commonsense_qa",
        "leedahyeon/0221_gamsa_test_cp3000",
        "phungkhaccuong/afbdf303-5ec3-cb90-b17b-283c6f8ad70b",
        "CounterNarratives/Meta-Llama-3.1-8B-Instruct_english_premises_a",
        "britojr/llama3.1-sec10q_v2"
    ],
    "valid_accuracy": 0.7,
    "test_accuracy": 0.6707692307692308,
    "weights": [
        0.7307336247792777,
        0.22852511018112875,
        -0.11201717810025458,
        -0.1753143879822693,
        0.10214329431768635
    ]
}