{
    "task": "xnli_hi",
    "expert_name": [
        "leedahyeon/0221_gamsa_test_cp3000",
        "phungkhaccuong/afbdf303-5ec3-cb90-b17b-283c6f8ad70b",
        "CounterNarratives/Meta-Llama-3.1-8B-Instruct_english_premises_a",
        "britojr/llama3.1-sec10q_v2",
        "Atharva-07/classification_task"
    ],
    "valid_accuracy": 0.55,
    "test_accuracy": 0.5298,
    "weights": [
        -0.01848049557440016,
        0.4603602054957697,
        0.032933824741636496,
        0.4605262067350682,
        0.0002133543804118327
    ]
}