{
    "task": "intersect_geometry",
    "expert_name": [
        "r-three/lora_baseline_lr3e-4_step400_rank64_intersect_geometry",
        "leedahyeon/0221_gamsa_test_cp3000",
        "phungkhaccuong/afbdf303-5ec3-cb90-b17b-283c6f8ad70b",
        "CounterNarratives/Meta-Llama-3.1-8B-Instruct_english_premises_a",
        "britojr/llama3.1-sec10q_v2",
        "Atharva-07/classification_task",
        "aleegis10/8ed9fe91-c2b5-42ca-8efb-927b4c8fbf45",
        "robiulawaldev/da92a142-8a96-438e-80b3-13cf5e027f66",
        "LangAGI-Lab/Meta-Llama-3.1-8B-Instruct-WM-acctree-16k-75-adapter-new",
        "clembench-playpen/Llama-3-Clembench-Runs-Successful-Episodes_Top_10_Models_Individual_QA_adapted_image_game",
        "Yossim/fine_tuned_llama2",
        "duyphu/e1bc4b5a-5af6-4ce2-be2d-622344438659",
        "tanatapanun/Meta-Llama-3.1-8B-Instruct-NoteChat-32r-train-dataset-1-epochs-document-prompt-token-4096",
        "developerssy/Meta-Llama-3.1-8B-skills",
        "ncbateman/65eaec89-ddb3-4b65-866f-c621f95eea55",
        "hansh/hansken_human_hql",
        "minhtrannnn/3f048b0f-bb1e-4f5d-b68c-679dc5f1dd96",
        "nhunglaaaaaaa/8efc2e7d-f7f6-46a4-83bd-bf5ae190a347",
        "datlaaaaaaa/5c74b710-f2b8-45a0-8bbb-8b3c49d26627",
        "mkopecki/chess-lora-adapter-fp-llama-3.1-8b",
        "llm-wizard/llama381binstruct_summarize",
        "duyphu/4ecd8066-f334-4600-a146-3ec7b56f98be",
        "clembench-playpen/meta-llama-Meta-Llama-3.1-8B-Instruct_SFT_E1_DM002",
        "CharlesLi/llama_3_gsm8k_cot_simplest",
        "mohmzm/llama_3_1_8B_doc_rel_v0.1",
        "faridlazuarda/valadapt-llama-3.1-8B-it-bengali",
        "GaetanMichelet/Llama-31-8B_task-2_60-samples_config-1",
        "RAG-Gym/ReSearch-HotpotQA-SFT",
        "clembench-playpen/llama-3.1-8B-Instruct_playpen_ablation_SFT_DFINAL_0.4K-steps",
        "tanatapanun/Meta-Llama-3.1-8B-Instruct-NoteChat-32r-train-dataset-1-epochs-document-prompt-token-1024"
    ],
    "valid_accuracy": 0.3,
    "test_accuracy": 0.196,
    "weights": [
        0.8948804570384526,
        0.03678608536900531,
        -0.07425680897735881,
        -0.2622286341858176,
        0.018323583807415028,
        0.1837653644360649,
        -0.28293792953013513,
        -0.23865984450153493,
        0.7643844586272899,
        0.5009957084432234,
        0.23238347946244914,
        -0.2783405806788727,
        -0.08730609506985969,
        0.024214570658382412,
        -0.006016375921702424,
        -0.032586195533416296,
        -0.1769271521452515,
        0.007520196589377615,
        -0.04113840956081153,
        0.24289017146705294,
        -0.14103427324579398,
        0.052118485009864476,
        -0.04562832838590724,
        0.2339431786546477,
        -0.047685052418576526,
        -0.0717710573897225,
        0.0646465641469693,
        0.979131204756104,
        0.07274344275676838,
        -0.11440202844874846
    ]
}