{
    "task": "xnli_fr",
    "expert_name": [
        "leedahyeon/0221_gamsa_test_cp3000",
        "phungkhaccuong/afbdf303-5ec3-cb90-b17b-283c6f8ad70b",
        "CounterNarratives/Meta-Llama-3.1-8B-Instruct_english_premises_a",
        "britojr/llama3.1-sec10q_v2",
        "Atharva-07/classification_task",
        "aleegis10/8ed9fe91-c2b5-42ca-8efb-927b4c8fbf45",
        "robiulawaldev/da92a142-8a96-438e-80b3-13cf5e027f66",
        "LangAGI-Lab/Meta-Llama-3.1-8B-Instruct-WM-acctree-16k-75-adapter-new",
        "clembench-playpen/Llama-3-Clembench-Runs-Successful-Episodes_Top_10_Models_Individual_QA_adapted_image_game",
        "Yossim/fine_tuned_llama2"
    ],
    "valid_accuracy": 0.6,
    "test_accuracy": 0.6198,
    "weights": [
        -0.4089636643393939,
        0.28090158549467475,
        -0.05098214386726082,
        0.27803667230516127,
        0.30231484919968354,
        0.6494601245105985,
        -0.27558307242925645,
        -0.047283878360475436,
        -0.03830859111368236,
        -0.03870103217249459
    ]
}