{
    "task": "boolean_expressions",
    "expert_name": [
        "leedahyeon/0221_gamsa_test_cp3000",
        "phungkhaccuong/afbdf303-5ec3-cb90-b17b-283c6f8ad70b",
        "CounterNarratives/Meta-Llama-3.1-8B-Instruct_english_premises_a",
        "britojr/llama3.1-sec10q_v2",
        "Atharva-07/classification_task"
    ],
    "valid_accuracy": 0.55,
    "test_accuracy": 0.672,
    "weights": [
        0.04490432252748236,
        0.08344914629899725,
        0.43226272296086815,
        0.18194720097452396,
        0.9973057206287343
    ]
}