{
    "task": "cryptonews_articles",
    "expert_name": [
        "r-three/lora_baseline_lr3e-4_step400_rank64_cryptonews_articles",
        "tanatapanun/Meta-Llama-3.1-8B-Instruct-NoteChat-32r-train-dataset-1-epochs-document-prompt-token-4096",
        "leedahyeon/0221_all_llama31_docs_cp3500",
        "minhtrannnn/0d5d4d02-c5c0-4607-b69a-0ddd8845e6f7",
        "robiulawaldev/da92a142-8a96-438e-80b3-13cf5e027f66",
        "gotzmann/1JV44C2nd",
        "chchen/Llama-3.1-8B-Instruct-PsyCourse-doc-info-fold8",
        "daje/model_2e-4",
        "laquythang/07d7800a-5441-44b2-8e4b-5b1f2fb61a61",
        "prxy5606/98345738-30aa-41c4-bf69-2392a1ce4d0a",
        "LangAGI-Lab/Meta-Llama-3.1-8B-Instruct-WM-bootstrapped-16k-adapter",
        "myhaaaaaaa/2bd8eab3-2f15-4917-83d4-5245c3b84852",
        "CharlesLi/llama_3_unsafe_helpful",
        "mohmzm/llama_3_1_8b_instruct_document_relevance_test",
        "chchen/Llama-3.1-8B-Instruct-SAA-700",
        "GaetanMichelet/Llama-31-8B_task-2_180-samples_config-1_full",
        "EdBergJr/tablets_baha_arabic",
        "GaetanMichelet/Llama-31-8B_task-1_60-samples_config-1_full_auto",
        "nomadrp/tq-6-langs",
        "0x1202/0fa06e19-bb47-4f8b-9cc3-fa3e8c3c0982",
        "nhung03/8807e2a5-ff05-45b2-ab4b-a170e19c24b6",
        "npark95/qlora_llama3_0shot",
        "clembench-playpen/meta-llama-Meta-Llama-3.1-8B-Instruct_SFT_E1_D60006",
        "RoeReRe/Meta-LLama-3.1-8B-Instruct-Finetuned-Bias-4.5K",
        "estrogen/L3.1-8b-Ink-ep1-adpt",
        "Nevil9/PsyLlama",
        "MoreWrong/studybuddy",
        "clembench-playpen/meta-llama-Meta-Llama-3.1-8B-Instruct_SFT_D90003",
        "clembench-playpen/meta-llama-Meta-Llama-3.1-8B-Instruct_SFT_E1_D90000",
        "diagonalge/4ff3f177-6bb4-406d-b6ba-5fd891aee612"
    ],
    "valid_accuracy": 0.5,
    "test_accuracy": 0.6552,
    "weights": [
        0.5003789804615906,
        0.49918779076053965,
        0.5022491519222797,
        0.0017570882646998193,
        0.5042461194486936,
        0.5055836127702618,
        0.02285103837674575,
        -8.151195327379486e-05,
        0.004269465997859306,
        -0.0043835258875967896,
        -0.0037572552872384424,
        -0.005767193496368059,
        -0.0004180875631666519,
        -0.04150517889114601,
        0.00025578285943518515,
        0.005958339628046826,
        0.017036856445499744,
        0.007792434046882614,
        -0.006851950573368803,
        0.00011054545725804494,
        0.4976199830459826,
        0.009679873188939,
        -0.002548393078955266,
        0.0111745850370045,
        -0.0004867549542985483,
        -0.0043609636607655515,
        -0.00018231046965853202,
        -0.004453645404065596,
        -0.0037735208638293573,
        -0.0003322779143543197
    ]
}