{
    "task": "hyperbaton",
    "expert_name": [
        "leedahyeon/0221_gamsa_test_cp3000",
        "phungkhaccuong/afbdf303-5ec3-cb90-b17b-283c6f8ad70b",
        "CounterNarratives/Meta-Llama-3.1-8B-Instruct_english_premises_a",
        "britojr/llama3.1-sec10q_v2",
        "Atharva-07/classification_task"
    ],
    "valid_accuracy": 0.65,
    "test_accuracy": 0.5536,
    "weights": [
        0.006861579265806412,
        -0.024099259444314777,
        0.0008713756090783765,
        1.6932214410205292e-05,
        -4.2042043118409615e-05
    ]
}