{
    "task": "glue_mrpc",
    "expert_name": [
        "r-three/lora_baseline_lr3e-4_step400_rank64_glue_mrpc",
        "tanatapanun/Meta-Llama-3.1-8B-Instruct-NoteChat-32r-train-dataset-1-epochs-document-prompt-token-4096",
        "leedahyeon/0221_all_llama31_docs_cp3500",
        "minhtrannnn/0d5d4d02-c5c0-4607-b69a-0ddd8845e6f7",
        "robiulawaldev/da92a142-8a96-438e-80b3-13cf5e027f66"
    ],
    "valid_accuracy": 0.6,
    "test_accuracy": 0.7646376811594203,
    "weights": [
        1.2646221205908392,
        -0.1833452266770923,
        0.0025191166842589013,
        0.403730628974588,
        0.13293399555790208
    ]
}