{
    "task": "hyperbaton",
    "expert_name": [
        "r-three/lora_baseline_lr3e-4_step400_rank64_hyperbaton",
        "leedahyeon/0221_gamsa_test_cp3000",
        "phungkhaccuong/afbdf303-5ec3-cb90-b17b-283c6f8ad70b",
        "CounterNarratives/Meta-Llama-3.1-8B-Instruct_english_premises_a",
        "britojr/llama3.1-sec10q_v2"
    ],
    "valid_accuracy": 1.0,
    "test_accuracy": 0.946,
    "weights": [
        0.9877428902355069,
        0.025371449496551964,
        0.003930229152723878,
        0.0019401687492519874,
        -0.031358345385408534
    ]
}