{
    "task": "mmlu_combined",
    "expert_name": [
        "daje/model_5e-05_alpha-128_r-256",
        "LangAGI-Lab/Meta-Llama-3.1-8B-Instruct-WM-bootstrapped-16k-adapter",
        "datlaaaaaaa/cf707148-8a14-4b17-af50-c0c419a06bb2",
        "chchen/Llama-3.1-8B-Instruct-PsyCourse-info-chain-fold9",
        "chanadda/Meta-Llama-3.1-8B-Instruct-pantip"
    ],
    "valid_accuracy": 0.2,
    "test_accuracy": 0.23636363636363636,
    "weights": [
        0.07313150806556999,
        0.5288473351040066,
        0.2687574760927536,
        0.8275148769631463,
        0.9970523957801429
    ]
}