{
    "task": "xnli_de",
    "expert_name": [
        "r-three/lora_baseline_lr3e-4_step400_rank64_xnli_de",
        "daje/model_5e-05_alpha-128_r-256",
        "LangAGI-Lab/Meta-Llama-3.1-8B-Instruct-WM-bootstrapped-16k-adapter",
        "datlaaaaaaa/cf707148-8a14-4b17-af50-c0c419a06bb2",
        "chchen/Llama-3.1-8B-Instruct-PsyCourse-info-chain-fold9"
    ],
    "valid_accuracy": 0.7,
    "test_accuracy": 0.7,
    "weights": [
        0.8076081258514972,
        0.5724980352124002,
        0.5172358582721766,
        0.4539530973416192,
        0.5055700504761977
    ]
}