{
    "task": "unarxive_imrad_clf",
    "expert_name": [
        "r-three/lora_baseline_lr3e-4_step400_rank64_unarxive_imrad_clf",
        "daje/model_5e-05_alpha-128_r-256",
        "LangAGI-Lab/Meta-Llama-3.1-8B-Instruct-WM-bootstrapped-16k-adapter",
        "datlaaaaaaa/cf707148-8a14-4b17-af50-c0c419a06bb2",
        "chchen/Llama-3.1-8B-Instruct-PsyCourse-info-chain-fold9"
    ],
    "valid_accuracy": 0.65,
    "test_accuracy": 0.6607107006625176,
    "weights": [
        0.957238442445816,
        0.4574388272960008,
        0.06508807812944871,
        0.34482734446642466,
        0.511953750640245
    ]
}