{
    "task": "quail",
    "expert_name": [
        "leedahyeon/0221_gamsa_test_cp3000",
        "phungkhaccuong/afbdf303-5ec3-cb90-b17b-283c6f8ad70b",
        "CounterNarratives/Meta-Llama-3.1-8B-Instruct_english_premises_a",
        "britojr/llama3.1-sec10q_v2",
        "Atharva-07/classification_task",
        "aleegis10/8ed9fe91-c2b5-42ca-8efb-927b4c8fbf45",
        "robiulawaldev/da92a142-8a96-438e-80b3-13cf5e027f66",
        "LangAGI-Lab/Meta-Llama-3.1-8B-Instruct-WM-acctree-16k-75-adapter-new",
        "clembench-playpen/Llama-3-Clembench-Runs-Successful-Episodes_Top_10_Models_Individual_QA_adapted_image_game",
        "Yossim/fine_tuned_llama2"
    ],
    "valid_accuracy": 0.45,
    "test_accuracy": 0.5697560975609756,
    "weights": [
        0.2568512029572915,
        -0.04218516892391528,
        0.23659911093327152,
        0.6163331589409256,
        -0.34647024962290507,
        1.085635010303643,
        0.19647905159968582,
        0.349538194352416,
        0.6703989904094744,
        -0.33520379030990644
    ]
}