{
    "task": "glue_qnli",
    "expert_name": [
        "r-three/lora_baseline_lr3e-4_step400_rank64_glue_qnli",
        "tanatapanun/Meta-Llama-3.1-8B-Instruct-NoteChat-32r-train-dataset-1-epochs-document-prompt-token-4096",
        "leedahyeon/0221_all_llama31_docs_cp3500",
        "minhtrannnn/0d5d4d02-c5c0-4607-b69a-0ddd8845e6f7",
        "robiulawaldev/da92a142-8a96-438e-80b3-13cf5e027f66",
        "gotzmann/1JV44C2nd",
        "chchen/Llama-3.1-8B-Instruct-PsyCourse-doc-info-fold8",
        "daje/model_2e-4",
        "laquythang/07d7800a-5441-44b2-8e4b-5b1f2fb61a61",
        "prxy5606/98345738-30aa-41c4-bf69-2392a1ce4d0a",
        "LangAGI-Lab/Meta-Llama-3.1-8B-Instruct-WM-bootstrapped-16k-adapter",
        "myhaaaaaaa/2bd8eab3-2f15-4917-83d4-5245c3b84852",
        "CharlesLi/llama_3_unsafe_helpful",
        "mohmzm/llama_3_1_8b_instruct_document_relevance_test",
        "chchen/Llama-3.1-8B-Instruct-SAA-700",
        "GaetanMichelet/Llama-31-8B_task-2_180-samples_config-1_full",
        "EdBergJr/tablets_baha_arabic",
        "GaetanMichelet/Llama-31-8B_task-1_60-samples_config-1_full_auto",
        "nomadrp/tq-6-langs",
        "0x1202/0fa06e19-bb47-4f8b-9cc3-fa3e8c3c0982"
    ],
    "valid_accuracy": 1.0,
    "test_accuracy": 0.8982,
    "weights": [
        0.8373241505966155,
        0.03699916528730306,
        0.2595597559933714,
        0.24052687123850067,
        -0.014660035230674455,
        0.4303416869835131,
        0.0017211386793562662,
        -0.02004695972915517,
        0.2572150190553772,
        -0.04125010931033327,
        0.26808895360534774,
        0.007188819201612132,
        0.0010967639980024035,
        0.0049664239056649104,
        -0.04154466005521019,
        0.01448164937930947,
        -0.007017547811293619,
        0.03509240223603783,
        0.021463085212122375,
        -0.018396591610578945
    ]
}