{
    "task": "qa_wikidata",
    "expert_name": [
        "leedahyeon/0221_gamsa_test_cp3000",
        "phungkhaccuong/afbdf303-5ec3-cb90-b17b-283c6f8ad70b",
        "CounterNarratives/Meta-Llama-3.1-8B-Instruct_english_premises_a",
        "britojr/llama3.1-sec10q_v2",
        "Atharva-07/classification_task"
    ],
    "valid_accuracy": 0.65,
    "test_accuracy": 0.5995110024449878,
    "weights": [
        0.28855921486460584,
        0.4263307123707276,
        0.06030837407597825,
        0.454886303692759,
        0.012033338766907601
    ]
}