{
    "task": "commonsense_qa",
    "expert_name": [
        "r-three/lora_baseline_lr3e-4_step400_rank64_commonsense_qa",
        "tanatapanun/Meta-Llama-3.1-8B-Instruct-NoteChat-32r-train-dataset-1-epochs-document-prompt-token-4096",
        "leedahyeon/0221_all_llama31_docs_cp3500",
        "minhtrannnn/0d5d4d02-c5c0-4607-b69a-0ddd8845e6f7",
        "robiulawaldev/da92a142-8a96-438e-80b3-13cf5e027f66"
    ],
    "valid_accuracy": 0.65,
    "test_accuracy": 0.6707692307692308,
    "weights": [
        0.7078319985457903,
        0.29362707441230707,
        0.20405791575209492,
        0.0066366710760852165,
        -0.14172718580543603
    ]
}