{
    "task": "commonsense_qa",
    "expert_name": [
        "leedahyeon/0221_gamsa_test_cp3000",
        "phungkhaccuong/afbdf303-5ec3-cb90-b17b-283c6f8ad70b",
        "CounterNarratives/Meta-Llama-3.1-8B-Instruct_english_premises_a",
        "britojr/llama3.1-sec10q_v2",
        "Atharva-07/classification_task",
        "aleegis10/8ed9fe91-c2b5-42ca-8efb-927b4c8fbf45",
        "robiulawaldev/da92a142-8a96-438e-80b3-13cf5e027f66",
        "LangAGI-Lab/Meta-Llama-3.1-8B-Instruct-WM-acctree-16k-75-adapter-new",
        "clembench-playpen/Llama-3-Clembench-Runs-Successful-Episodes_Top_10_Models_Individual_QA_adapted_image_game",
        "Yossim/fine_tuned_llama2"
    ],
    "valid_accuracy": 0.3,
    "test_accuracy": 0.23487179487179488,
    "weights": [
        0.19805282122788956,
        -0.14187554711859476,
        -0.04874355168300315,
        0.6503672819573749,
        0.30707175825046695,
        0.6527387005650629,
        0.43304174588246946,
        0.1325311625148683,
        0.5057887944741944,
        -0.075816190066307
    ]
}