{
    "task": "arc_easy",
    "expert_name": [
        "r-three/lora_baseline_lr3e-4_step400_rank64_arc_easy",
        "leedahyeon/0221_gamsa_test_cp3000",
        "phungkhaccuong/afbdf303-5ec3-cb90-b17b-283c6f8ad70b",
        "CounterNarratives/Meta-Llama-3.1-8B-Instruct_english_premises_a",
        "britojr/llama3.1-sec10q_v2"
    ],
    "valid_accuracy": 0.8,
    "test_accuracy": 0.8792087542087542,
    "weights": [
        0.6500766471072169,
        0.3258851897115174,
        -0.0005898892218868515,
        -0.012668557947310798,
        -0.028493486842087887
    ]
}