{
    "task": "intersect_geometry",
    "expert_name": [
        "r-three/lora_baseline_lr3e-4_step400_rank64_intersect_geometry",
        "leedahyeon/0221_gamsa_test_cp3000",
        "phungkhaccuong/afbdf303-5ec3-cb90-b17b-283c6f8ad70b",
        "CounterNarratives/Meta-Llama-3.1-8B-Instruct_english_premises_a",
        "britojr/llama3.1-sec10q_v2",
        "Atharva-07/classification_task",
        "aleegis10/8ed9fe91-c2b5-42ca-8efb-927b4c8fbf45",
        "robiulawaldev/da92a142-8a96-438e-80b3-13cf5e027f66",
        "LangAGI-Lab/Meta-Llama-3.1-8B-Instruct-WM-acctree-16k-75-adapter-new",
        "clembench-playpen/Llama-3-Clembench-Runs-Successful-Episodes_Top_10_Models_Individual_QA_adapted_image_game"
    ],
    "valid_accuracy": 0.25,
    "test_accuracy": 0.208,
    "weights": [
        0.999784723047785,
        0.3617045366710271,
        -0.06209921545870482,
        -0.22071752361699648,
        0.0069057906133400924,
        0.16027255101934051,
        0.2769181183759416,
        -0.1865994661404987,
        0.6527923135470021,
        0.5973832842621377
    ]
}