{
    "task": "openmathinstruct_2",
    "expert_name": [
        "tanatapanun/Meta-Llama-3.1-8B-Instruct-NoteChat-32r-train-dataset-1-epochs-document-prompt-token-4096",
        "leedahyeon/0221_all_llama31_docs_cp3500",
        "minhtrannnn/0d5d4d02-c5c0-4607-b69a-0ddd8845e6f7",
        "robiulawaldev/da92a142-8a96-438e-80b3-13cf5e027f66",
        "gotzmann/1JV44C2nd"
    ],
    "valid_accuracy": 0.05,
    "test_accuracy": 0.005802320928371348,
    "weights": [
        0.5059092271423091,
        0.021969118251141232,
        -0.006033289032397286,
        0.019552176132318473,
        0.0053409586989758276
    ]
}