{
    "task": "super_glue_boolq",
    "expert_name": [
        "r-three/lora_baseline_lr3e-4_step400_rank64_super_glue_boolq",
        "leedahyeon/0221_gamsa_test_cp3000",
        "phungkhaccuong/afbdf303-5ec3-cb90-b17b-283c6f8ad70b",
        "CounterNarratives/Meta-Llama-3.1-8B-Instruct_english_premises_a",
        "britojr/llama3.1-sec10q_v2"
    ],
    "valid_accuracy": 0.95,
    "test_accuracy": 0.8568398727465536,
    "weights": [
        0.6715674607989894,
        0.2974363629795048,
        -0.028928606276222277,
        0.4286710307321981,
        0.5206578815530732
    ]
}