{
    "task": "qa_wikidata",
    "expert_name": [
        "r-three/lora_baseline_lr3e-4_step400_rank64_qa_wikidata",
        "leedahyeon/0221_gamsa_test_cp3000",
        "phungkhaccuong/afbdf303-5ec3-cb90-b17b-283c6f8ad70b",
        "CounterNarratives/Meta-Llama-3.1-8B-Instruct_english_premises_a",
        "britojr/llama3.1-sec10q_v2",
        "Atharva-07/classification_task",
        "aleegis10/8ed9fe91-c2b5-42ca-8efb-927b4c8fbf45",
        "robiulawaldev/da92a142-8a96-438e-80b3-13cf5e027f66",
        "LangAGI-Lab/Meta-Llama-3.1-8B-Instruct-WM-acctree-16k-75-adapter-new",
        "clembench-playpen/Llama-3-Clembench-Runs-Successful-Episodes_Top_10_Models_Individual_QA_adapted_image_game",
        "Yossim/fine_tuned_llama2",
        "duyphu/e1bc4b5a-5af6-4ce2-be2d-622344438659",
        "tanatapanun/Meta-Llama-3.1-8B-Instruct-NoteChat-32r-train-dataset-1-epochs-document-prompt-token-4096",
        "developerssy/Meta-Llama-3.1-8B-skills",
        "ncbateman/65eaec89-ddb3-4b65-866f-c621f95eea55",
        "hansh/hansken_human_hql",
        "minhtrannnn/3f048b0f-bb1e-4f5d-b68c-679dc5f1dd96",
        "nhunglaaaaaaa/8efc2e7d-f7f6-46a4-83bd-bf5ae190a347",
        "datlaaaaaaa/5c74b710-f2b8-45a0-8bbb-8b3c49d26627",
        "mkopecki/chess-lora-adapter-fp-llama-3.1-8b"
    ],
    "valid_accuracy": 0.9,
    "test_accuracy": 0.7374083129584352,
    "weights": [
        0.8256012558835089,
        0.6469787182051312,
        -0.024617531058690002,
        -0.018846269687942136,
        -0.051283279850625786,
        0.019649666696272165,
        0.09396380729975945,
        0.04614503931295861,
        -0.007566311505088049,
        -0.025323394982547067,
        -0.014588547258983744,
        0.05163616473369335,
        0.03259752300962826,
        -0.025597556803609145,
        0.03526815726112262,
        -0.055054709051359625,
        -0.07723590050696301,
        -0.011006778028193963,
        -0.008989332831984123,
        0.03360410756597749
    ]
}