{
    "task": "typescript_chunks",
    "expert_name": [
        "daje/model_5e-05_alpha-128_r-256",
        "LangAGI-Lab/Meta-Llama-3.1-8B-Instruct-WM-bootstrapped-16k-adapter",
        "datlaaaaaaa/cf707148-8a14-4b17-af50-c0c419a06bb2",
        "chchen/Llama-3.1-8B-Instruct-PsyCourse-info-chain-fold9",
        "chanadda/Meta-Llama-3.1-8B-Instruct-pantip"
    ],
    "valid_accuracy": 0.95,
    "test_accuracy": 0.955,
    "weights": [
        0.37063670974298923,
        1.258544232819439,
        0.5369546128242462,
        0.3904723403248451,
        0.5717144862646971
    ]
}