{
    "task": "xnli_hi",
    "expert_name": [
        "r-three/lora_baseline_lr3e-4_step400_rank64_xnli_hi",
        "daje/model_5e-05_alpha-128_r-256",
        "LangAGI-Lab/Meta-Llama-3.1-8B-Instruct-WM-bootstrapped-16k-adapter",
        "datlaaaaaaa/cf707148-8a14-4b17-af50-c0c419a06bb2",
        "chchen/Llama-3.1-8B-Instruct-PsyCourse-info-chain-fold9",
        "chanadda/Meta-Llama-3.1-8B-Instruct-pantip",
        "yadayadayada1927/16_model",
        "Cookieeeeeeeeeeeeeee/llama_custom_zero",
        "thaffggg/f11180f1-1b9d-4b3c-8eee-94e554cf0f06",
        "hongngo/612beea2-1e23-46e9-b772-5d201f773304",
        "barc0/induction-run2-gpt4omini-20k-100seeds-barc-llama3.1-8b-instruct-lora64_lr2e-4_epoch3",
        "clembench-playpen/llama-3.1-8B-Instruct-multi-step-collator_playpen_SFT-e3_DFINAL_0.7K-steps",
        "daje/model_2e-4_alpha-8_r-16",
        "Ozaii/Zephyrr",
        "chchen/Llama-3.1-8B-Instruct-PsyCourse-fold3",
        "thalllsssss/00a4666d-12ae-4972-9753-306a02cf9512",
        "nomadrp/tq-llama-sft-belebele",
        "lucy666/llama3.1-8B-Concise",
        "femT-data/llama-3.1-Instruct-finetuned-NER",
        "prxy5607/f59b404a-1d76-4c38-98b7-5a73c0ecea6e"
    ],
    "valid_accuracy": 0.65,
    "test_accuracy": 0.5504,
    "weights": [
        0.9797819660484919,
        0.5749857360156533,
        0.4987081625517103,
        0.47208896487476537,
        -0.0643150704398589,
        0.0027280966342740553,
        -0.07960776899419487,
        -0.0431418823375682,
        0.4761784216370467,
        -0.02259732514127926,
        -0.020544357900301357,
        -0.04234389194220993,
        0.020379119310104624,
        -0.002172302782684115,
        -0.1134483015210585,
        -0.01946536079161921,
        0.02670462839485869,
        -0.12900088464123916,
        -0.03863539587442705,
        -0.04476302506271363
    ]
}