{
    "task": "overruling",
    "expert_name": [
        "r-three/lora_baseline_lr3e-4_step400_rank64_overruling",
        "tanatapanun/Meta-Llama-3.1-8B-Instruct-NoteChat-32r-train-dataset-1-epochs-document-prompt-token-4096",
        "leedahyeon/0221_all_llama31_docs_cp3500",
        "minhtrannnn/0d5d4d02-c5c0-4607-b69a-0ddd8845e6f7",
        "robiulawaldev/da92a142-8a96-438e-80b3-13cf5e027f66",
        "gotzmann/1JV44C2nd",
        "chchen/Llama-3.1-8B-Instruct-PsyCourse-doc-info-fold8",
        "daje/model_2e-4",
        "laquythang/07d7800a-5441-44b2-8e4b-5b1f2fb61a61",
        "prxy5606/98345738-30aa-41c4-bf69-2392a1ce4d0a",
        "LangAGI-Lab/Meta-Llama-3.1-8B-Instruct-WM-bootstrapped-16k-adapter",
        "myhaaaaaaa/2bd8eab3-2f15-4917-83d4-5245c3b84852",
        "CharlesLi/llama_3_unsafe_helpful",
        "mohmzm/llama_3_1_8b_instruct_document_relevance_test",
        "chchen/Llama-3.1-8B-Instruct-SAA-700",
        "GaetanMichelet/Llama-31-8B_task-2_180-samples_config-1_full",
        "EdBergJr/tablets_baha_arabic",
        "GaetanMichelet/Llama-31-8B_task-1_60-samples_config-1_full_auto",
        "nomadrp/tq-6-langs",
        "0x1202/0fa06e19-bb47-4f8b-9cc3-fa3e8c3c0982",
        "nhung03/8807e2a5-ff05-45b2-ab4b-a170e19c24b6",
        "npark95/qlora_llama3_0shot",
        "clembench-playpen/meta-llama-Meta-Llama-3.1-8B-Instruct_SFT_E1_D60006",
        "RoeReRe/Meta-LLama-3.1-8B-Instruct-Finetuned-Bias-4.5K",
        "estrogen/L3.1-8b-Ink-ep1-adpt",
        "Nevil9/PsyLlama",
        "MoreWrong/studybuddy",
        "clembench-playpen/meta-llama-Meta-Llama-3.1-8B-Instruct_SFT_D90003",
        "clembench-playpen/meta-llama-Meta-Llama-3.1-8B-Instruct_SFT_E1_D90000",
        "diagonalge/4ff3f177-6bb4-406d-b6ba-5fd891aee612"
    ],
    "valid_accuracy": 1.0,
    "test_accuracy": 0.9458333333333333,
    "weights": [
        0.5348843123851361,
        -0.006221703498764914,
        0.5085485243124105,
        0.0020825193899931395,
        0.0010910192491866504,
        0.0011823280611291953,
        -0.0001421433141312674,
        -0.003555119117485455,
        0.0014223761241692397,
        -0.0009569033325061517,
        0.0010528831686131075,
        4.504613457976965e-05,
        -0.002554358973622539,
        0.00010212400349748156,
        0.021794538328605118,
        0.4773192577209294,
        -0.0009919911053275466,
        -0.0007848916136255551,
        -0.0002630492442613274,
        -0.00045680068271419333,
        -0.0004157764143612776,
        -0.0004364862216490481,
        -0.0004456607780269695,
        -0.00033693348142213635,
        -0.0006057752208099978,
        -0.0029532448370168927,
        -0.0025532201156415646,
        -0.011677553960844736,
        -0.0013426992988839566,
        -0.0005220988627031241
    ]
}