{
    "task": "openmathinstruct_2",
    "expert_name": [
        "tanatapanun/Meta-Llama-3.1-8B-Instruct-NoteChat-32r-train-dataset-1-epochs-document-prompt-token-4096",
        "leedahyeon/0221_all_llama31_docs_cp3500",
        "minhtrannnn/0d5d4d02-c5c0-4607-b69a-0ddd8845e6f7",
        "robiulawaldev/da92a142-8a96-438e-80b3-13cf5e027f66",
        "gotzmann/1JV44C2nd",
        "chchen/Llama-3.1-8B-Instruct-PsyCourse-doc-info-fold8",
        "daje/model_2e-4",
        "laquythang/07d7800a-5441-44b2-8e4b-5b1f2fb61a61",
        "prxy5606/98345738-30aa-41c4-bf69-2392a1ce4d0a",
        "LangAGI-Lab/Meta-Llama-3.1-8B-Instruct-WM-bootstrapped-16k-adapter",
        "myhaaaaaaa/2bd8eab3-2f15-4917-83d4-5245c3b84852",
        "CharlesLi/llama_3_unsafe_helpful",
        "mohmzm/llama_3_1_8b_instruct_document_relevance_test",
        "chchen/Llama-3.1-8B-Instruct-SAA-700",
        "GaetanMichelet/Llama-31-8B_task-2_180-samples_config-1_full",
        "EdBergJr/tablets_baha_arabic",
        "GaetanMichelet/Llama-31-8B_task-1_60-samples_config-1_full_auto",
        "nomadrp/tq-6-langs",
        "0x1202/0fa06e19-bb47-4f8b-9cc3-fa3e8c3c0982",
        "nhung03/8807e2a5-ff05-45b2-ab4b-a170e19c24b6"
    ],
    "valid_accuracy": 0.15,
    "test_accuracy": 0.07783113245298119,
    "weights": [
        0.8363098972037678,
        0.34288401446706224,
        -0.6758808831025496,
        -0.32640952024265224,
        -0.2816480381413542,
        0.5058321902369295,
        -0.19969329453699552,
        -0.011914453175587805,
        0.6792932102752177,
        0.10308911605678055,
        0.07302575967458359,
        0.5673471695175293,
        0.5684844455720283,
        0.4944316378318384,
        0.5516414649700256,
        0.5019382256490713,
        0.34338850256462344,
        -0.05367967034869204,
        0.730389239981878,
        0.5388658697366607
    ]
}