{
    "task": "xnli_th",
    "expert_name": [
        "r-three/lora_baseline_lr3e-4_step400_rank64_xnli_th",
        "leedahyeon/0221_gamsa_test_cp3000",
        "phungkhaccuong/afbdf303-5ec3-cb90-b17b-283c6f8ad70b",
        "CounterNarratives/Meta-Llama-3.1-8B-Instruct_english_premises_a",
        "britojr/llama3.1-sec10q_v2",
        "Atharva-07/classification_task",
        "aleegis10/8ed9fe91-c2b5-42ca-8efb-927b4c8fbf45",
        "robiulawaldev/da92a142-8a96-438e-80b3-13cf5e027f66",
        "LangAGI-Lab/Meta-Llama-3.1-8B-Instruct-WM-acctree-16k-75-adapter-new",
        "clembench-playpen/Llama-3-Clembench-Runs-Successful-Episodes_Top_10_Models_Individual_QA_adapted_image_game",
        "Yossim/fine_tuned_llama2",
        "duyphu/e1bc4b5a-5af6-4ce2-be2d-622344438659",
        "tanatapanun/Meta-Llama-3.1-8B-Instruct-NoteChat-32r-train-dataset-1-epochs-document-prompt-token-4096",
        "developerssy/Meta-Llama-3.1-8B-skills",
        "ncbateman/65eaec89-ddb3-4b65-866f-c621f95eea55",
        "hansh/hansken_human_hql",
        "minhtrannnn/3f048b0f-bb1e-4f5d-b68c-679dc5f1dd96",
        "nhunglaaaaaaa/8efc2e7d-f7f6-46a4-83bd-bf5ae190a347",
        "datlaaaaaaa/5c74b710-f2b8-45a0-8bbb-8b3c49d26627",
        "mkopecki/chess-lora-adapter-fp-llama-3.1-8b",
        "llm-wizard/llama381binstruct_summarize",
        "duyphu/4ecd8066-f334-4600-a146-3ec7b56f98be",
        "clembench-playpen/meta-llama-Meta-Llama-3.1-8B-Instruct_SFT_E1_DM002",
        "CharlesLi/llama_3_gsm8k_cot_simplest",
        "mohmzm/llama_3_1_8B_doc_rel_v0.1",
        "faridlazuarda/valadapt-llama-3.1-8B-it-bengali",
        "GaetanMichelet/Llama-31-8B_task-2_60-samples_config-1",
        "RAG-Gym/ReSearch-HotpotQA-SFT",
        "clembench-playpen/llama-3.1-8B-Instruct_playpen_ablation_SFT_DFINAL_0.4K-steps",
        "tanatapanun/Meta-Llama-3.1-8B-Instruct-NoteChat-32r-train-dataset-1-epochs-document-prompt-token-1024"
    ],
    "valid_accuracy": 0.55,
    "test_accuracy": 0.5932,
    "weights": [
        0.6802369395229331,
        0.2920692059953282,
        0.008051611289484433,
        0.05308996865719616,
        0.016981321301287107,
        -0.03758204108234402,
        0.5131778294145021,
        -0.01191533957830355,
        0.5338853480529492,
        0.06872726787533319,
        0.0009640618781990259,
        -0.036610181001724626,
        0.0003233613516267818,
        0.00017647647077217,
        -0.03812981606874026,
        -0.02483537075464666,
        -0.001708116457969893,
        -0.007065003534000468,
        -0.006265149647265627,
        0.07809207149820971,
        -0.030035291439764918,
        -0.0278792096049355,
        -0.014402973204136332,
        -0.009954011571300186,
        -0.08397948956392627,
        0.02949388945949418,
        -0.033370392676355574,
        0.021050530311276208,
        -0.013148635898665217,
        0.04204406932196207
    ]
}