{
    "task": "circa",
    "expert_name": [
        "shared_space/lora_baseline_10/lora_baseline_10_lr3e-4_step100_rank64_circa/final_model",
        "tanatapanun/Meta-Llama-3.1-8B-Instruct-NoteChat-32r-train-dataset-1-epochs-document-prompt-token-4096",
        "leedahyeon/0221_all_llama31_docs_cp3500",
        "minhtrannnn/0d5d4d02-c5c0-4607-b69a-0ddd8845e6f7",
        "robiulawaldev/da92a142-8a96-438e-80b3-13cf5e027f66",
        "gotzmann/1JV44C2nd",
        "chchen/Llama-3.1-8B-Instruct-PsyCourse-doc-info-fold8",
        "daje/model_2e-4",
        "laquythang/07d7800a-5441-44b2-8e4b-5b1f2fb61a61",
        "prxy5606/98345738-30aa-41c4-bf69-2392a1ce4d0a",
        "LangAGI-Lab/Meta-Llama-3.1-8B-Instruct-WM-bootstrapped-16k-adapter",
        "myhaaaaaaa/2bd8eab3-2f15-4917-83d4-5245c3b84852",
        "CharlesLi/llama_3_unsafe_helpful",
        "mohmzm/llama_3_1_8b_instruct_document_relevance_test",
        "chchen/Llama-3.1-8B-Instruct-SAA-700",
        "GaetanMichelet/Llama-31-8B_task-2_180-samples_config-1_full",
        "EdBergJr/tablets_baha_arabic",
        "GaetanMichelet/Llama-31-8B_task-1_60-samples_config-1_full_auto",
        "nomadrp/tq-6-langs",
        "0x1202/0fa06e19-bb47-4f8b-9cc3-fa3e8c3c0982",
        "nhung03/8807e2a5-ff05-45b2-ab4b-a170e19c24b6",
        "npark95/qlora_llama3_0shot",
        "clembench-playpen/meta-llama-Meta-Llama-3.1-8B-Instruct_SFT_E1_D60006",
        "RoeReRe/Meta-LLama-3.1-8B-Instruct-Finetuned-Bias-4.5K",
        "estrogen/L3.1-8b-Ink-ep1-adpt",
        "Nevil9/PsyLlama",
        "MoreWrong/studybuddy",
        "clembench-playpen/meta-llama-Meta-Llama-3.1-8B-Instruct_SFT_D90003",
        "clembench-playpen/meta-llama-Meta-Llama-3.1-8B-Instruct_SFT_E1_D90000",
        "diagonalge/4ff3f177-6bb4-406d-b6ba-5fd891aee612"
    ],
    "train+valid_accuracy": 1.0,
    "test_accuracy": 0.7090749927049897,
    "weights": [
        0.521338547531101,
        0.0007268001297524097,
        0.4549759173326357,
        7.211124438267698e-05,
        -0.0002306574610805958,
        -2.301197069342161e-05,
        -2.199313199633005e-05,
        -0.001755368706933049,
        -2.2745262853991462e-05,
        -2.788319371341276e-05,
        -2.078388292850013e-05,
        -0.00015079140821456334,
        9.56597589094747e-05,
        -0.0005842692776800083,
        -2.1991243638375462e-05,
        -2.277664857303632e-05,
        -2.434025216802937e-05,
        -2.653969243723659e-05,
        -1.931716853069451e-05,
        -2.911224863755734e-05,
        -2.2897357765392098e-05,
        -2.0705482698579575e-05,
        -9.922808947322899e-05,
        -3.2291742811430346e-05,
        -0.0001954147346764216,
        -0.0004172505759295923,
        -2.0992025448277154e-05,
        0.0044113973314531185,
        -0.00012360244910201784,
        -2.485325379449105e-05
    ]
}