{
    "task": "web_of_lies",
    "expert_name": [
        "r-three/lora_baseline_lr3e-4_step400_rank64_web_of_lies",
        "leedahyeon/0221_gamsa_test_cp3000",
        "phungkhaccuong/afbdf303-5ec3-cb90-b17b-283c6f8ad70b",
        "CounterNarratives/Meta-Llama-3.1-8B-Instruct_english_premises_a",
        "britojr/llama3.1-sec10q_v2",
        "Atharva-07/classification_task",
        "aleegis10/8ed9fe91-c2b5-42ca-8efb-927b4c8fbf45",
        "robiulawaldev/da92a142-8a96-438e-80b3-13cf5e027f66",
        "LangAGI-Lab/Meta-Llama-3.1-8B-Instruct-WM-acctree-16k-75-adapter-new",
        "clembench-playpen/Llama-3-Clembench-Runs-Successful-Episodes_Top_10_Models_Individual_QA_adapted_image_game"
    ],
    "valid_accuracy": 0.55,
    "test_accuracy": 0.5637583892617449,
    "weights": [
        0.4958324975276435,
        0.49141171800266026,
        0.000827100376843766,
        0.0076198795021788146,
        0.005762616601779017,
        0.0036168730899647215,
        0.0009093112874828119,
        0.014614339108865218,
        0.48795427745781406,
        0.00832729230262265
    ]
}