{
    "task": "glue_mnli",
    "expert_name": [
        "r-three/lora_baseline_lr3e-4_step400_rank64_glue_mnli",
        "daje/model_5e-05_alpha-128_r-256",
        "LangAGI-Lab/Meta-Llama-3.1-8B-Instruct-WM-bootstrapped-16k-adapter",
        "datlaaaaaaa/cf707148-8a14-4b17-af50-c0c419a06bb2",
        "chchen/Llama-3.1-8B-Instruct-PsyCourse-info-chain-fold9"
    ],
    "valid_accuracy": 0.95,
    "test_accuracy": 0.8348,
    "weights": [
        0.8408120829306435,
        0.5662297763877633,
        0.5655522343697111,
        0.05955714084780027,
        0.4976920403918523
    ]
}