{
    "task": "commonsense_qa",
    "expert_name": [
        "r-three/lora_baseline_lr3e-4_step400_rank64_commonsense_qa",
        "tanatapanun/Meta-Llama-3.1-8B-Instruct-NoteChat-32r-train-dataset-1-epochs-document-prompt-token-4096",
        "leedahyeon/0221_all_llama31_docs_cp3500",
        "minhtrannnn/0d5d4d02-c5c0-4607-b69a-0ddd8845e6f7",
        "robiulawaldev/da92a142-8a96-438e-80b3-13cf5e027f66",
        "gotzmann/1JV44C2nd",
        "chchen/Llama-3.1-8B-Instruct-PsyCourse-doc-info-fold8",
        "daje/model_2e-4",
        "laquythang/07d7800a-5441-44b2-8e4b-5b1f2fb61a61",
        "prxy5606/98345738-30aa-41c4-bf69-2392a1ce4d0a",
        "LangAGI-Lab/Meta-Llama-3.1-8B-Instruct-WM-bootstrapped-16k-adapter",
        "myhaaaaaaa/2bd8eab3-2f15-4917-83d4-5245c3b84852",
        "CharlesLi/llama_3_unsafe_helpful",
        "mohmzm/llama_3_1_8b_instruct_document_relevance_test",
        "chchen/Llama-3.1-8B-Instruct-SAA-700",
        "GaetanMichelet/Llama-31-8B_task-2_180-samples_config-1_full",
        "EdBergJr/tablets_baha_arabic",
        "GaetanMichelet/Llama-31-8B_task-1_60-samples_config-1_full_auto",
        "nomadrp/tq-6-langs",
        "0x1202/0fa06e19-bb47-4f8b-9cc3-fa3e8c3c0982"
    ],
    "valid_accuracy": 0.55,
    "test_accuracy": 0.6625641025641026,
    "weights": [
        0.6076168457576783,
        0.5284213406515919,
        0.2847026493753532,
        0.10913028042570447,
        0.016160986681440635,
        0.10627760306539226,
        0.09217642381908477,
        0.0593570850529177,
        0.5966609533149129,
        0.0015643520788317226,
        0.017582718634773734,
        -0.03007239585265134,
        -0.0020056160866096734,
        -0.015587425640983952,
        -0.033517962739571465,
        0.027814652080722726,
        -0.030830278931756265,
        -0.03301281195391615,
        0.5106766078869016,
        -0.031154835590455832
    ]
}