{
    "task": "gsm8k",
    "expert_name": [
        "r-three/lora_baseline_lr3e-4_step400_rank64_gsm8k",
        "daje/model_5e-05_alpha-128_r-256",
        "LangAGI-Lab/Meta-Llama-3.1-8B-Instruct-WM-bootstrapped-16k-adapter",
        "datlaaaaaaa/cf707148-8a14-4b17-af50-c0c419a06bb2",
        "chchen/Llama-3.1-8B-Instruct-PsyCourse-info-chain-fold9"
    ],
    "valid_accuracy": 0.75,
    "test_accuracy": 0.643669446550417,
    "weights": [
        1.2240275341310787,
        -0.20250774633349833,
        0.010697248698471563,
        0.022185036732099244,
        -0.0173756298209356
    ]
}