{
    "task": "anli",
    "expert_name": [
        "r-three/lora_baseline_lr3e-4_step400_rank64_anli",
        "daje/model_5e-05_alpha-128_r-256",
        "LangAGI-Lab/Meta-Llama-3.1-8B-Instruct-WM-bootstrapped-16k-adapter",
        "datlaaaaaaa/cf707148-8a14-4b17-af50-c0c419a06bb2",
        "chchen/Llama-3.1-8B-Instruct-PsyCourse-info-chain-fold9",
        "chanadda/Meta-Llama-3.1-8B-Instruct-pantip",
        "yadayadayada1927/16_model",
        "Cookieeeeeeeeeeeeeee/llama_custom_zero",
        "thaffggg/f11180f1-1b9d-4b3c-8eee-94e554cf0f06",
        "hongngo/612beea2-1e23-46e9-b772-5d201f773304",
        "barc0/induction-run2-gpt4omini-20k-100seeds-barc-llama3.1-8b-instruct-lora64_lr2e-4_epoch3",
        "clembench-playpen/llama-3.1-8B-Instruct-multi-step-collator_playpen_SFT-e3_DFINAL_0.7K-steps",
        "daje/model_2e-4_alpha-8_r-16",
        "Ozaii/Zephyrr",
        "chchen/Llama-3.1-8B-Instruct-PsyCourse-fold3",
        "thalllsssss/00a4666d-12ae-4972-9753-306a02cf9512",
        "nomadrp/tq-llama-sft-belebele",
        "lucy666/llama3.1-8B-Concise",
        "femT-data/llama-3.1-Instruct-finetuned-NER",
        "prxy5607/f59b404a-1d76-4c38-98b7-5a73c0ecea6e"
    ],
    "valid_accuracy": 0.7,
    "test_accuracy": 0.617,
    "weights": [
        0.8905830923781998,
        0.6312850237873836,
        0.4888514206252775,
        0.4515836898991496,
        0.5237342628168137,
        0.43352589096621974,
        0.46521939875846036,
        0.5943559907037734,
        0.06793452290320494,
        -0.029205357176863015,
        0.020525564499603504,
        -0.011505154236934493,
        0.027017796668683813,
        -0.0417298387400853,
        0.341855978719045,
        -0.20716567672417363,
        -0.16944204927351672,
        -0.18593944261434456,
        -0.10524160440822143,
        0.38977401707015424
    ]
}