{
    "task": "banking77",
    "expert_name": [
        "r-three/lora_baseline_lr3e-4_step400_rank64_banking77",
        "tanatapanun/Meta-Llama-3.1-8B-Instruct-NoteChat-32r-train-dataset-1-epochs-document-prompt-token-4096",
        "leedahyeon/0221_all_llama31_docs_cp3500",
        "minhtrannnn/0d5d4d02-c5c0-4607-b69a-0ddd8845e6f7",
        "robiulawaldev/da92a142-8a96-438e-80b3-13cf5e027f66"
    ],
    "valid_accuracy": 0.7,
    "test_accuracy": 0.6743506493506494,
    "weights": [
        0.918103409586353,
        0.448527960693027,
        0.30117262791675065,
        1.2575854473614836,
        -0.1537369757270876
    ]
}