{
    "task": "disfl_qa",
    "expert_name": [
        "leedahyeon/0221_gamsa_test_cp3000",
        "phungkhaccuong/afbdf303-5ec3-cb90-b17b-283c6f8ad70b",
        "CounterNarratives/Meta-Llama-3.1-8B-Instruct_english_premises_a",
        "britojr/llama3.1-sec10q_v2",
        "Atharva-07/classification_task"
    ],
    "valid_accuracy": 0.25,
    "test_accuracy": 0.275,
    "weights": [
        -0.012780535867483844,
        -0.09163625900820446,
        0.08001414192459208,
        0.43493600174853164,
        0.9346309503211693
    ]
}