{
    "task": "temporal_sequences",
    "expert_name": [
        "leedahyeon/0221_gamsa_test_cp3000",
        "phungkhaccuong/afbdf303-5ec3-cb90-b17b-283c6f8ad70b",
        "CounterNarratives/Meta-Llama-3.1-8B-Instruct_english_premises_a",
        "britojr/llama3.1-sec10q_v2",
        "Atharva-07/classification_task"
    ],
    "valid_accuracy": 0.5,
    "test_accuracy": 0.43,
    "weights": [
        0.5860643285138395,
        -0.04759524712969193,
        -0.04452957048817601,
        -0.03701839155529495,
        -0.07015401050069721
    ]
}