{
    "task": "aqua_rat",
    "expert_name": [
        "r-three/lora_baseline_lr3e-4_step400_rank64_aqua_rat",
        "daje/model_5e-05_alpha-128_r-256",
        "LangAGI-Lab/Meta-Llama-3.1-8B-Instruct-WM-bootstrapped-16k-adapter",
        "datlaaaaaaa/cf707148-8a14-4b17-af50-c0c419a06bb2",
        "chchen/Llama-3.1-8B-Instruct-PsyCourse-info-chain-fold9",
        "chanadda/Meta-Llama-3.1-8B-Instruct-pantip",
        "yadayadayada1927/16_model",
        "Cookieeeeeeeeeeeeeee/llama_custom_zero",
        "thaffggg/f11180f1-1b9d-4b3c-8eee-94e554cf0f06",
        "hongngo/612beea2-1e23-46e9-b772-5d201f773304",
        "barc0/induction-run2-gpt4omini-20k-100seeds-barc-llama3.1-8b-instruct-lora64_lr2e-4_epoch3",
        "clembench-playpen/llama-3.1-8B-Instruct-multi-step-collator_playpen_SFT-e3_DFINAL_0.7K-steps",
        "daje/model_2e-4_alpha-8_r-16",
        "Ozaii/Zephyrr",
        "chchen/Llama-3.1-8B-Instruct-PsyCourse-fold3",
        "thalllsssss/00a4666d-12ae-4972-9753-306a02cf9512",
        "nomadrp/tq-llama-sft-belebele",
        "lucy666/llama3.1-8B-Concise",
        "femT-data/llama-3.1-Instruct-finetuned-NER",
        "prxy5607/f59b404a-1d76-4c38-98b7-5a73c0ecea6e",
        "cshbi/fine_tune_output_eie_3.1",
        "Alphatao/9176ae39-6635-4492-ae61-927f06585355",
        "minhtrannnn/3f048b0f-bb1e-4f5d-b68c-679dc5f1dd96",
        "XicoC/llama381binstruct_summarize_short",
        "chchen/Llama-3.1-8B-Instruct-SFT-1000",
        "leedahyeon/0219_all_llama31_cp3500",
        "ciloku/ceee306b-b546-42b7-99ba-fef7fcc1bd26",
        "chauhoang/a7b71eb1-db0f-4c12-ae7f-75544046c341",
        "GaetanMichelet/Llama-31-8B_task-3_180-samples_config-1",
        "Hiranmai49/Llama-3.1-8B-Instruct-contracts-pretrainLlama3.18b"
    ],
    "valid_accuracy": 0.15,
    "test_accuracy": 0.30708661417322836,
    "weights": [
        0.49806199102356047,
        0.4873046973471076,
        0.49883852333526585,
        0.5017685794959925,
        0.49645725578120414,
        9.237363773727928e-05,
        0.5000407198404957,
        0.0012096645364577123,
        0.49859355249202914,
        0.49670995925265093,
        0.49042329690112413,
        -0.005504138045234707,
        -0.0026805223273799585,
        -0.037368835992266605,
        -0.0012656914092226744,
        -0.006776043804609076,
        0.5378457804852518,
        -0.0023081361623083717,
        0.0011210642982067175,
        -0.002336070126596737,
        0.0013545567112388357,
        0.026521692124701353,
        -0.0004559237673924335,
        0.007231626998682881,
        -0.004870004557715711,
        0.001686728661561634,
        -0.0005221460125912791,
        -0.0002557522359918218,
        -6.814687253720363e-05,
        0.0004159481835984254
    ]
}