{
    "task": "ade_corpus_v2",
    "expert_name": [
        "r-three/lora_baseline_lr3e-4_step400_rank64_ade_corpus_v2",
        "tanatapanun/Meta-Llama-3.1-8B-Instruct-NoteChat-32r-train-dataset-1-epochs-document-prompt-token-4096",
        "leedahyeon/0221_all_llama31_docs_cp3500",
        "minhtrannnn/0d5d4d02-c5c0-4607-b69a-0ddd8845e6f7",
        "robiulawaldev/da92a142-8a96-438e-80b3-13cf5e027f66",
        "gotzmann/1JV44C2nd",
        "chchen/Llama-3.1-8B-Instruct-PsyCourse-doc-info-fold8",
        "daje/model_2e-4",
        "laquythang/07d7800a-5441-44b2-8e4b-5b1f2fb61a61",
        "prxy5606/98345738-30aa-41c4-bf69-2392a1ce4d0a",
        "LangAGI-Lab/Meta-Llama-3.1-8B-Instruct-WM-bootstrapped-16k-adapter",
        "myhaaaaaaa/2bd8eab3-2f15-4917-83d4-5245c3b84852",
        "CharlesLi/llama_3_unsafe_helpful",
        "mohmzm/llama_3_1_8b_instruct_document_relevance_test",
        "chchen/Llama-3.1-8B-Instruct-SAA-700",
        "GaetanMichelet/Llama-31-8B_task-2_180-samples_config-1_full",
        "EdBergJr/tablets_baha_arabic",
        "GaetanMichelet/Llama-31-8B_task-1_60-samples_config-1_full_auto",
        "nomadrp/tq-6-langs",
        "0x1202/0fa06e19-bb47-4f8b-9cc3-fa3e8c3c0982",
        "nhung03/8807e2a5-ff05-45b2-ab4b-a170e19c24b6",
        "npark95/qlora_llama3_0shot",
        "clembench-playpen/meta-llama-Meta-Llama-3.1-8B-Instruct_SFT_E1_D60006",
        "RoeReRe/Meta-LLama-3.1-8B-Instruct-Finetuned-Bias-4.5K",
        "estrogen/L3.1-8b-Ink-ep1-adpt",
        "Nevil9/PsyLlama",
        "MoreWrong/studybuddy",
        "clembench-playpen/meta-llama-Meta-Llama-3.1-8B-Instruct_SFT_D90003",
        "clembench-playpen/meta-llama-Meta-Llama-3.1-8B-Instruct_SFT_E1_D90000",
        "diagonalge/4ff3f177-6bb4-406d-b6ba-5fd891aee612"
    ],
    "valid_accuracy": 0.85,
    "test_accuracy": 0.8741496598639455,
    "weights": [
        0.917941590626378,
        0.5464862980342379,
        0.25908125242194885,
        0.6829103415184568,
        0.3895575623261223,
        0.7008888621541886,
        0.6507707987330957,
        0.20012212760126247,
        0.466275163016859,
        0.291192911773897,
        0.11432503054123656,
        -0.27850688230447396,
        -0.05166951339711466,
        0.06136031446500312,
        0.3062178302296685,
        -0.027013844656418765,
        0.2752220104585678,
        0.3754838862736622,
        0.9718801179655558,
        -0.051869896890231526,
        0.7531697147721012,
        0.2786446157847366,
        -0.10006473883305081,
        -0.12732317777554833,
        0.04034544219248017,
        -0.00786937246623894,
        0.1554337844151308,
        -0.16772337958389433,
        0.38599736372992727,
        0.17436682474525736
    ]
}