{
    "task": "cryptonews_articles",
    "expert_name": [
        "leedahyeon/0221_gamsa_test_cp3000",
        "phungkhaccuong/afbdf303-5ec3-cb90-b17b-283c6f8ad70b",
        "CounterNarratives/Meta-Llama-3.1-8B-Instruct_english_premises_a",
        "britojr/llama3.1-sec10q_v2",
        "Atharva-07/classification_task"
    ],
    "valid_accuracy": 0.45,
    "test_accuracy": 0.3546,
    "weights": [
        -0.11609602235199042,
        0.15397877971661567,
        -0.02745938242637762,
        0.5383003849210867,
        1.2255790747315893
    ]
}