{
    "task": "xnli_de",
    "expert_name": [
        "leedahyeon/0221_gamsa_test_cp3000",
        "phungkhaccuong/afbdf303-5ec3-cb90-b17b-283c6f8ad70b",
        "CounterNarratives/Meta-Llama-3.1-8B-Instruct_english_premises_a",
        "britojr/llama3.1-sec10q_v2",
        "Atharva-07/classification_task",
        "aleegis10/8ed9fe91-c2b5-42ca-8efb-927b4c8fbf45",
        "robiulawaldev/da92a142-8a96-438e-80b3-13cf5e027f66",
        "LangAGI-Lab/Meta-Llama-3.1-8B-Instruct-WM-acctree-16k-75-adapter-new",
        "clembench-playpen/Llama-3-Clembench-Runs-Successful-Episodes_Top_10_Models_Individual_QA_adapted_image_game",
        "Yossim/fine_tuned_llama2"
    ],
    "valid_accuracy": 0.55,
    "test_accuracy": 0.6228,
    "weights": [
        -0.0885561766259881,
        0.4429557848439669,
        -3.413628241574334e-05,
        -0.021334707577014767,
        0.66407239341126,
        0.6571379595159965,
        -0.1532457868464134,
        0.9090885068833389,
        0.5195757411769953,
        -0.011071399764098534
    ]
}