{
    "task": "temporal_sequences",
    "expert_name": [
        "r-three/lora_baseline_lr3e-4_step400_rank64_temporal_sequences",
        "leedahyeon/0221_gamsa_test_cp3000",
        "phungkhaccuong/afbdf303-5ec3-cb90-b17b-283c6f8ad70b",
        "CounterNarratives/Meta-Llama-3.1-8B-Instruct_english_premises_a",
        "britojr/llama3.1-sec10q_v2",
        "Atharva-07/classification_task",
        "aleegis10/8ed9fe91-c2b5-42ca-8efb-927b4c8fbf45",
        "robiulawaldev/da92a142-8a96-438e-80b3-13cf5e027f66",
        "LangAGI-Lab/Meta-Llama-3.1-8B-Instruct-WM-acctree-16k-75-adapter-new",
        "clembench-playpen/Llama-3-Clembench-Runs-Successful-Episodes_Top_10_Models_Individual_QA_adapted_image_game",
        "Yossim/fine_tuned_llama2",
        "duyphu/e1bc4b5a-5af6-4ce2-be2d-622344438659",
        "tanatapanun/Meta-Llama-3.1-8B-Instruct-NoteChat-32r-train-dataset-1-epochs-document-prompt-token-4096",
        "developerssy/Meta-Llama-3.1-8B-skills",
        "ncbateman/65eaec89-ddb3-4b65-866f-c621f95eea55",
        "hansh/hansken_human_hql",
        "minhtrannnn/3f048b0f-bb1e-4f5d-b68c-679dc5f1dd96",
        "nhunglaaaaaaa/8efc2e7d-f7f6-46a4-83bd-bf5ae190a347",
        "datlaaaaaaa/5c74b710-f2b8-45a0-8bbb-8b3c49d26627",
        "mkopecki/chess-lora-adapter-fp-llama-3.1-8b",
        "llm-wizard/llama381binstruct_summarize",
        "duyphu/4ecd8066-f334-4600-a146-3ec7b56f98be",
        "clembench-playpen/meta-llama-Meta-Llama-3.1-8B-Instruct_SFT_E1_DM002",
        "CharlesLi/llama_3_gsm8k_cot_simplest",
        "mohmzm/llama_3_1_8B_doc_rel_v0.1",
        "faridlazuarda/valadapt-llama-3.1-8B-it-bengali",
        "GaetanMichelet/Llama-31-8B_task-2_60-samples_config-1",
        "RAG-Gym/ReSearch-HotpotQA-SFT",
        "clembench-playpen/llama-3.1-8B-Instruct_playpen_ablation_SFT_DFINAL_0.4K-steps",
        "tanatapanun/Meta-Llama-3.1-8B-Instruct-NoteChat-32r-train-dataset-1-epochs-document-prompt-token-1024"
    ],
    "valid_accuracy": 1.0,
    "test_accuracy": 1.0,
    "weights": [
        0.5,
        -2.5839077569133066e-19,
        2.716473092002668e-20,
        2.65232040003805e-19,
        1.672109263259549e-19,
        8.413383387029389e-20,
        -1.1136956397632268e-19,
        1.9470148919705886e-19,
        -8.413383387029389e-20,
        1.9065011074220146e-19,
        2.1017166870019607e-19,
        -1.909154023090439e-19,
        -8.413383387029389e-20,
        -1.6351675622747646e-19,
        0.0013445979854363101,
        9.887310390987552e-20,
        1.8914866903438983e-19,
        0.0011483915461602992,
        -4.628885434603879e-19,
        -0.0011584342589166052,
        -5.863346063361754e-20,
        -4.415606294470387e-19,
        5.477637455960046e-20,
        -1.7452002096151082e-19,
        -4.580247975542056e-19,
        -2.6421713379624093e-19,
        1.6826766774058779e-19,
        -0.0013346472125758597,
        4.569008784762327e-20,
        3.6690770099943304e-19
    ]
}