{
    "task": "cryptonews_articles",
    "expert_name": [
        "r-three/lora_baseline_lr3e-4_step400_rank64_cryptonews_articles",
        "tanatapanun/Meta-Llama-3.1-8B-Instruct-NoteChat-32r-train-dataset-1-epochs-document-prompt-token-4096",
        "leedahyeon/0221_all_llama31_docs_cp3500",
        "minhtrannnn/0d5d4d02-c5c0-4607-b69a-0ddd8845e6f7",
        "robiulawaldev/da92a142-8a96-438e-80b3-13cf5e027f66",
        "gotzmann/1JV44C2nd",
        "chchen/Llama-3.1-8B-Instruct-PsyCourse-doc-info-fold8",
        "daje/model_2e-4",
        "laquythang/07d7800a-5441-44b2-8e4b-5b1f2fb61a61",
        "prxy5606/98345738-30aa-41c4-bf69-2392a1ce4d0a",
        "LangAGI-Lab/Meta-Llama-3.1-8B-Instruct-WM-bootstrapped-16k-adapter",
        "myhaaaaaaa/2bd8eab3-2f15-4917-83d4-5245c3b84852",
        "CharlesLi/llama_3_unsafe_helpful",
        "mohmzm/llama_3_1_8b_instruct_document_relevance_test",
        "chchen/Llama-3.1-8B-Instruct-SAA-700",
        "GaetanMichelet/Llama-31-8B_task-2_180-samples_config-1_full",
        "EdBergJr/tablets_baha_arabic",
        "GaetanMichelet/Llama-31-8B_task-1_60-samples_config-1_full_auto",
        "nomadrp/tq-6-langs",
        "0x1202/0fa06e19-bb47-4f8b-9cc3-fa3e8c3c0982"
    ],
    "valid_accuracy": 0.5,
    "test_accuracy": 0.6552,
    "weights": [
        0.47513685437574504,
        0.5061547055183636,
        0.3933796594328104,
        0.05490144717366193,
        0.5042689375344217,
        0.5030037589157484,
        0.0247169627637856,
        -0.003118807148396828,
        -0.0033709104184861433,
        -0.028354703558663666,
        -0.002088805113970691,
        -0.0005238148693712846,
        0.012892020738049827,
        0.0007888984041813443,
        -0.0018399053660977224,
        -0.004069417545281032,
        -0.056303652846275844,
        -0.0035425077824366184,
        0.010357627944136315,
        -0.002229481524351967
    ]
}