{
    "task": "circa",
    "expert_name": [
        "daje/model_5e-05_alpha-128_r-256",
        "LangAGI-Lab/Meta-Llama-3.1-8B-Instruct-WM-bootstrapped-16k-adapter",
        "datlaaaaaaa/cf707148-8a14-4b17-af50-c0c419a06bb2",
        "chchen/Llama-3.1-8B-Instruct-PsyCourse-info-chain-fold9",
        "chanadda/Meta-Llama-3.1-8B-Instruct-pantip"
    ],
    "valid_accuracy": 0.3,
    "test_accuracy": 0.3559964983950977,
    "weights": [
        -0.06093706606165249,
        1.126664087016537,
        0.08017537795660808,
        -0.030893389136265926,
        -0.11480779412466675
    ]
}