{
    "task": "super_glue_rte",
    "expert_name": [
        "tanatapanun/Meta-Llama-3.1-8B-Instruct-NoteChat-32r-train-dataset-1-epochs-document-prompt-token-4096",
        "leedahyeon/0221_all_llama31_docs_cp3500",
        "minhtrannnn/0d5d4d02-c5c0-4607-b69a-0ddd8845e6f7",
        "robiulawaldev/da92a142-8a96-438e-80b3-13cf5e027f66",
        "gotzmann/1JV44C2nd",
        "chchen/Llama-3.1-8B-Instruct-PsyCourse-doc-info-fold8",
        "daje/model_2e-4",
        "laquythang/07d7800a-5441-44b2-8e4b-5b1f2fb61a61",
        "prxy5606/98345738-30aa-41c4-bf69-2392a1ce4d0a",
        "LangAGI-Lab/Meta-Llama-3.1-8B-Instruct-WM-bootstrapped-16k-adapter"
    ],
    "valid_accuracy": 0.85,
    "test_accuracy": 0.8072289156626506,
    "weights": [
        0.02657570599627899,
        0.36619850345260296,
        -0.1336012758107829,
        0.19282309157700386,
        0.13602538631518096,
        0.8486035564520472,
        0.16595655961552389,
        0.6842721547391989,
        0.974340959953272,
        0.573560811611992
    ]
}