{
    "task": "super_glue_boolq",
    "expert_name": [
        "r-three/lora_baseline_lr3e-4_step400_rank64_super_glue_boolq",
        "tanatapanun/Meta-Llama-3.1-8B-Instruct-NoteChat-32r-train-dataset-1-epochs-document-prompt-token-4096",
        "leedahyeon/0221_all_llama31_docs_cp3500",
        "minhtrannnn/0d5d4d02-c5c0-4607-b69a-0ddd8845e6f7",
        "robiulawaldev/da92a142-8a96-438e-80b3-13cf5e027f66",
        "gotzmann/1JV44C2nd",
        "chchen/Llama-3.1-8B-Instruct-PsyCourse-doc-info-fold8",
        "daje/model_2e-4",
        "laquythang/07d7800a-5441-44b2-8e4b-5b1f2fb61a61",
        "prxy5606/98345738-30aa-41c4-bf69-2392a1ce4d0a",
        "LangAGI-Lab/Meta-Llama-3.1-8B-Instruct-WM-bootstrapped-16k-adapter",
        "myhaaaaaaa/2bd8eab3-2f15-4917-83d4-5245c3b84852",
        "CharlesLi/llama_3_unsafe_helpful",
        "mohmzm/llama_3_1_8b_instruct_document_relevance_test",
        "chchen/Llama-3.1-8B-Instruct-SAA-700",
        "GaetanMichelet/Llama-31-8B_task-2_180-samples_config-1_full",
        "EdBergJr/tablets_baha_arabic",
        "GaetanMichelet/Llama-31-8B_task-1_60-samples_config-1_full_auto",
        "nomadrp/tq-6-langs",
        "0x1202/0fa06e19-bb47-4f8b-9cc3-fa3e8c3c0982"
    ],
    "valid_accuracy": 0.95,
    "test_accuracy": 0.855779427359491,
    "weights": [
        1.1341818655884492,
        0.5786441572520749,
        0.3070661425481836,
        0.21289541441514007,
        -0.4402666496438853,
        -0.35671856258174844,
        -0.18049870091026785,
        0.12715702611036447,
        0.48857432771041026,
        0.6185494500148182,
        0.2852610617593064,
        0.8117125134234853,
        0.23084086263292022,
        0.03889328468734265,
        0.2510016588539204,
        0.017948852287364418,
        0.15924834828463405,
        0.20522011278322186,
        -0.2363044410012871,
        0.18785641794024038
    ]
}