{
    "task": "boolean_expressions",
    "expert_name": [
        "r-three/lora_baseline_lr3e-4_step400_rank64_boolean_expressions",
        "daje/model_5e-05_alpha-128_r-256",
        "LangAGI-Lab/Meta-Llama-3.1-8B-Instruct-WM-bootstrapped-16k-adapter",
        "datlaaaaaaa/cf707148-8a14-4b17-af50-c0c419a06bb2",
        "chchen/Llama-3.1-8B-Instruct-PsyCourse-info-chain-fold9"
    ],
    "valid_accuracy": 0.8,
    "test_accuracy": 0.789,
    "weights": [
        0.7506115955611905,
        0.2125732413150123,
        0.6777744667811042,
        0.44346154392281134,
        0.3748989263676394
    ]
}