{
    "task": "super_glue_copa",
    "expert_name": [
        "r-three/lora_baseline_lr3e-4_step400_rank64_super_glue_copa",
        "leedahyeon/0221_gamsa_test_cp3000",
        "phungkhaccuong/afbdf303-5ec3-cb90-b17b-283c6f8ad70b",
        "CounterNarratives/Meta-Llama-3.1-8B-Instruct_english_premises_a",
        "britojr/llama3.1-sec10q_v2"
    ],
    "valid_accuracy": 1.0,
    "test_accuracy": 0.975,
    "weights": [
        0.48986218631657963,
        0.2552162638969507,
        -0.02028137590533048,
        0.002627645220635977,
        0.0028284938521160015
    ]
}