{
    "task": "typescript_chunks",
    "expert_name": [
        "r-three/lora_baseline_lr3e-4_step400_rank64_typescript_chunks",
        "tanatapanun/Meta-Llama-3.1-8B-Instruct-NoteChat-32r-train-dataset-1-epochs-document-prompt-token-4096",
        "leedahyeon/0221_all_llama31_docs_cp3500",
        "minhtrannnn/0d5d4d02-c5c0-4607-b69a-0ddd8845e6f7",
        "robiulawaldev/da92a142-8a96-438e-80b3-13cf5e027f66",
        "gotzmann/1JV44C2nd",
        "chchen/Llama-3.1-8B-Instruct-PsyCourse-doc-info-fold8",
        "daje/model_2e-4",
        "laquythang/07d7800a-5441-44b2-8e4b-5b1f2fb61a61",
        "prxy5606/98345738-30aa-41c4-bf69-2392a1ce4d0a",
        "LangAGI-Lab/Meta-Llama-3.1-8B-Instruct-WM-bootstrapped-16k-adapter",
        "myhaaaaaaa/2bd8eab3-2f15-4917-83d4-5245c3b84852",
        "CharlesLi/llama_3_unsafe_helpful",
        "mohmzm/llama_3_1_8b_instruct_document_relevance_test",
        "chchen/Llama-3.1-8B-Instruct-SAA-700",
        "GaetanMichelet/Llama-31-8B_task-2_180-samples_config-1_full",
        "EdBergJr/tablets_baha_arabic",
        "GaetanMichelet/Llama-31-8B_task-1_60-samples_config-1_full_auto",
        "nomadrp/tq-6-langs",
        "0x1202/0fa06e19-bb47-4f8b-9cc3-fa3e8c3c0982"
    ],
    "valid_accuracy": 1.0,
    "test_accuracy": 0.9758,
    "weights": [
        0.7112970171886758,
        -0.03224803865081665,
        0.8249842698614367,
        0.00818232259473401,
        0.009301030805524236,
        0.02160861276897835,
        0.39361423177290483,
        -0.024365858220451144,
        0.0007892440104493147,
        0.006288348964220231,
        0.0476484894925085,
        0.04949714559624415,
        0.523081384779906,
        -0.15162983505809657,
        0.0005609281477288244,
        -0.002529620898915122,
        -0.0017107719764494858,
        0.049903036668638816,
        0.37016560019631195,
        0.01102801968614667
    ]
}