{
    "task": "tweet_topic_single",
    "expert_name": [
        "r-three/lora_baseline_lr3e-4_step400_rank64_tweet_topic_single",
        "leedahyeon/0221_gamsa_test_cp3000",
        "phungkhaccuong/afbdf303-5ec3-cb90-b17b-283c6f8ad70b",
        "CounterNarratives/Meta-Llama-3.1-8B-Instruct_english_premises_a",
        "britojr/llama3.1-sec10q_v2",
        "Atharva-07/classification_task",
        "aleegis10/8ed9fe91-c2b5-42ca-8efb-927b4c8fbf45",
        "robiulawaldev/da92a142-8a96-438e-80b3-13cf5e027f66",
        "LangAGI-Lab/Meta-Llama-3.1-8B-Instruct-WM-acctree-16k-75-adapter-new",
        "clembench-playpen/Llama-3-Clembench-Runs-Successful-Episodes_Top_10_Models_Individual_QA_adapted_image_game",
        "Yossim/fine_tuned_llama2",
        "duyphu/e1bc4b5a-5af6-4ce2-be2d-622344438659",
        "tanatapanun/Meta-Llama-3.1-8B-Instruct-NoteChat-32r-train-dataset-1-epochs-document-prompt-token-4096",
        "developerssy/Meta-Llama-3.1-8B-skills",
        "ncbateman/65eaec89-ddb3-4b65-866f-c621f95eea55",
        "hansh/hansken_human_hql",
        "minhtrannnn/3f048b0f-bb1e-4f5d-b68c-679dc5f1dd96",
        "nhunglaaaaaaa/8efc2e7d-f7f6-46a4-83bd-bf5ae190a347",
        "datlaaaaaaa/5c74b710-f2b8-45a0-8bbb-8b3c49d26627",
        "mkopecki/chess-lora-adapter-fp-llama-3.1-8b"
    ],
    "valid_accuracy": 0.9,
    "test_accuracy": 0.8167107972933215,
    "weights": [
        1.3039863877997084,
        0.44930170683402476,
        -0.017241328930666617,
        -0.03953240995105312,
        -0.3514960332331628,
        0.034158904257559984,
        -0.18496255981007825,
        0.07832734531699798,
        1.0774261843590471,
        0.20092247622235088,
        -0.0881906298462355,
        0.8752836426438801,
        -0.2611148218873461,
        0.0019335040411428968,
        -0.04732448484099789,
        -0.04611321195265775,
        0.027605130189465227,
        0.07045011206623436,
        -0.00246740059969398,
        0.06178057621462184
    ]
}