{
    "task": "arc_challenge",
    "expert_name": [
        "r-three/lora_baseline_lr3e-4_step400_rank64_arc_challenge",
        "daje/model_5e-05_alpha-128_r-256",
        "LangAGI-Lab/Meta-Llama-3.1-8B-Instruct-WM-bootstrapped-16k-adapter",
        "datlaaaaaaa/cf707148-8a14-4b17-af50-c0c419a06bb2",
        "chchen/Llama-3.1-8B-Instruct-PsyCourse-info-chain-fold9",
        "chanadda/Meta-Llama-3.1-8B-Instruct-pantip",
        "yadayadayada1927/16_model",
        "Cookieeeeeeeeeeeeeee/llama_custom_zero",
        "thaffggg/f11180f1-1b9d-4b3c-8eee-94e554cf0f06",
        "hongngo/612beea2-1e23-46e9-b772-5d201f773304",
        "barc0/induction-run2-gpt4omini-20k-100seeds-barc-llama3.1-8b-instruct-lora64_lr2e-4_epoch3",
        "clembench-playpen/llama-3.1-8B-Instruct-multi-step-collator_playpen_SFT-e3_DFINAL_0.7K-steps",
        "daje/model_2e-4_alpha-8_r-16",
        "Ozaii/Zephyrr",
        "chchen/Llama-3.1-8B-Instruct-PsyCourse-fold3",
        "thalllsssss/00a4666d-12ae-4972-9753-306a02cf9512",
        "nomadrp/tq-llama-sft-belebele",
        "lucy666/llama3.1-8B-Concise",
        "femT-data/llama-3.1-Instruct-finetuned-NER",
        "prxy5607/f59b404a-1d76-4c38-98b7-5a73c0ecea6e",
        "cshbi/fine_tune_output_eie_3.1",
        "Alphatao/9176ae39-6635-4492-ae61-927f06585355",
        "minhtrannnn/3f048b0f-bb1e-4f5d-b68c-679dc5f1dd96",
        "XicoC/llama381binstruct_summarize_short",
        "chchen/Llama-3.1-8B-Instruct-SFT-1000",
        "leedahyeon/0219_all_llama31_cp3500",
        "ciloku/ceee306b-b546-42b7-99ba-fef7fcc1bd26",
        "chauhoang/a7b71eb1-db0f-4c12-ae7f-75544046c341",
        "GaetanMichelet/Llama-31-8B_task-3_180-samples_config-1",
        "Hiranmai49/Llama-3.1-8B-Instruct-contracts-pretrainLlama3.18b"
    ],
    "valid_accuracy": 0.75,
    "test_accuracy": 0.757679180887372,
    "weights": [
        1.4066372385253854,
        0.16965509266882667,
        -0.0102521959341038,
        0.38854079940215125,
        0.4600840079411227,
        -0.13229107960079395,
        0.2904703126278694,
        -0.33808763839755895,
        0.382304574357857,
        0.23558013056521693,
        -0.11625428344776936,
        0.17125806030981547,
        -0.43381911949437396,
        0.7017892279734186,
        0.07628644842185746,
        0.3370543796856327,
        0.056614670371208736,
        -0.17632286878889264,
        0.5755735990204321,
        -0.03754499457329227,
        -0.41298969362735627,
        -0.2699852661508233,
        0.01779615792621702,
        -0.11504462467623992,
        -0.4970190603107941,
        0.06742857521725597,
        0.40374064114607416,
        -0.07357240527851082,
        1.229131827775255,
        0.06185074009058644
    ]
}