{
    "task": "xnli_th",
    "expert_name": [
        "tanatapanun/Meta-Llama-3.1-8B-Instruct-NoteChat-32r-train-dataset-1-epochs-document-prompt-token-4096",
        "leedahyeon/0221_all_llama31_docs_cp3500",
        "minhtrannnn/0d5d4d02-c5c0-4607-b69a-0ddd8845e6f7",
        "robiulawaldev/da92a142-8a96-438e-80b3-13cf5e027f66",
        "gotzmann/1JV44C2nd",
        "chchen/Llama-3.1-8B-Instruct-PsyCourse-doc-info-fold8",
        "daje/model_2e-4",
        "laquythang/07d7800a-5441-44b2-8e4b-5b1f2fb61a61",
        "prxy5606/98345738-30aa-41c4-bf69-2392a1ce4d0a",
        "LangAGI-Lab/Meta-Llama-3.1-8B-Instruct-WM-bootstrapped-16k-adapter",
        "myhaaaaaaa/2bd8eab3-2f15-4917-83d4-5245c3b84852",
        "CharlesLi/llama_3_unsafe_helpful",
        "mohmzm/llama_3_1_8b_instruct_document_relevance_test",
        "chchen/Llama-3.1-8B-Instruct-SAA-700",
        "GaetanMichelet/Llama-31-8B_task-2_180-samples_config-1_full",
        "EdBergJr/tablets_baha_arabic",
        "GaetanMichelet/Llama-31-8B_task-1_60-samples_config-1_full_auto",
        "nomadrp/tq-6-langs",
        "0x1202/0fa06e19-bb47-4f8b-9cc3-fa3e8c3c0982",
        "nhung03/8807e2a5-ff05-45b2-ab4b-a170e19c24b6",
        "npark95/qlora_llama3_0shot",
        "clembench-playpen/meta-llama-Meta-Llama-3.1-8B-Instruct_SFT_E1_D60006",
        "RoeReRe/Meta-LLama-3.1-8B-Instruct-Finetuned-Bias-4.5K",
        "estrogen/L3.1-8b-Ink-ep1-adpt",
        "Nevil9/PsyLlama",
        "MoreWrong/studybuddy",
        "clembench-playpen/meta-llama-Meta-Llama-3.1-8B-Instruct_SFT_D90003",
        "clembench-playpen/meta-llama-Meta-Llama-3.1-8B-Instruct_SFT_E1_D90000",
        "diagonalge/4ff3f177-6bb4-406d-b6ba-5fd891aee612",
        "Kawon/llama3.1-food-finetune_v13_r8"
    ],
    "train+valid_accuracy": 0.8,
    "test_accuracy": 0.3908,
    "weights": [
        0.10528283228214606,
        -0.06958396434969207,
        -0.37893786755481423,
        0.08025180910909088,
        -0.10893052625377496,
        0.7670533293816642,
        0.6886678661226996,
        0.06142711531187095,
        0.7841664976570941,
        0.5091547986377761,
        0.14203344082158606,
        0.1895627387977485,
        0.005328389581856472,
        0.45849883959382687,
        0.131595149328515,
        0.13824557853376526,
        0.23389923434459123,
        1.1260260764368153,
        0.4960450636083301,
        0.38499996074165754,
        -0.06585651806120758,
        -0.10569852298994982,
        0.22425927269056067,
        0.0338867109941185,
        0.06345406170561163,
        0.05656999872922221,
        0.031249779319336313,
        0.10461367425933393,
        0.2168080125805428,
        0.05508250716165216
    ]
}