{
    "task": "super_glue_copa",
    "expert_name": [
        "r-three/lora_baseline_lr3e-4_step400_rank64_super_glue_copa",
        "daje/model_5e-05_alpha-128_r-256",
        "LangAGI-Lab/Meta-Llama-3.1-8B-Instruct-WM-bootstrapped-16k-adapter",
        "datlaaaaaaa/cf707148-8a14-4b17-af50-c0c419a06bb2",
        "chchen/Llama-3.1-8B-Instruct-PsyCourse-info-chain-fold9",
        "chanadda/Meta-Llama-3.1-8B-Instruct-pantip",
        "yadayadayada1927/16_model",
        "Cookieeeeeeeeeeeeeee/llama_custom_zero",
        "thaffggg/f11180f1-1b9d-4b3c-8eee-94e554cf0f06",
        "hongngo/612beea2-1e23-46e9-b772-5d201f773304"
    ],
    "valid_accuracy": 1.0,
    "test_accuracy": 0.975,
    "weights": [
        0.6248257414373917,
        0.502446259917731,
        -0.0001267496398697978,
        -0.00023003443565250932,
        -0.00024451131123610773,
        -0.00013641396214598918,
        -0.0002969138622225662,
        -0.0001659406548899357,
        -0.0002886895778527821,
        -0.00017665256359409152
    ]
}