{
    "task": "machine_paraphrase_dataset",
    "expert_name": [
        "tanatapanun/Meta-Llama-3.1-8B-Instruct-NoteChat-32r-train-dataset-1-epochs-document-prompt-token-4096",
        "leedahyeon/0221_all_llama31_docs_cp3500",
        "minhtrannnn/0d5d4d02-c5c0-4607-b69a-0ddd8845e6f7",
        "robiulawaldev/da92a142-8a96-438e-80b3-13cf5e027f66",
        "gotzmann/1JV44C2nd",
        "chchen/Llama-3.1-8B-Instruct-PsyCourse-doc-info-fold8",
        "daje/model_2e-4",
        "laquythang/07d7800a-5441-44b2-8e4b-5b1f2fb61a61",
        "prxy5606/98345738-30aa-41c4-bf69-2392a1ce4d0a",
        "LangAGI-Lab/Meta-Llama-3.1-8B-Instruct-WM-bootstrapped-16k-adapter",
        "myhaaaaaaa/2bd8eab3-2f15-4917-83d4-5245c3b84852",
        "CharlesLi/llama_3_unsafe_helpful",
        "mohmzm/llama_3_1_8b_instruct_document_relevance_test",
        "chchen/Llama-3.1-8B-Instruct-SAA-700",
        "GaetanMichelet/Llama-31-8B_task-2_180-samples_config-1_full",
        "EdBergJr/tablets_baha_arabic",
        "GaetanMichelet/Llama-31-8B_task-1_60-samples_config-1_full_auto",
        "nomadrp/tq-6-langs",
        "0x1202/0fa06e19-bb47-4f8b-9cc3-fa3e8c3c0982",
        "nhung03/8807e2a5-ff05-45b2-ab4b-a170e19c24b6"
    ],
    "valid_accuracy": 0.85,
    "test_accuracy": 0.6421284256851371,
    "weights": [
        -0.0006436637492063047,
        -0.01599201446301215,
        0.04107537719366578,
        0.26209814969218465,
        0.3932967742976282,
        0.0771956102748743,
        -0.019231096568932998,
        0.8748678414661684,
        -0.04386617781440583,
        0.008339752582493195,
        0.012209448178296781,
        -0.032804273461493526,
        0.5931623702593781,
        0.5092208150664645,
        -0.01298912551033318,
        0.5017858960896102,
        -0.06849270275347431,
        -0.030574369028393243,
        0.5115488037787108,
        -0.0009073596936315398
    ]
}