{
    "task": "super_glue_rte",
    "expert_name": [
        "r-three/lora_baseline_lr3e-4_step400_rank64_super_glue_rte",
        "leedahyeon/0221_gamsa_test_cp3000",
        "phungkhaccuong/afbdf303-5ec3-cb90-b17b-283c6f8ad70b",
        "CounterNarratives/Meta-Llama-3.1-8B-Instruct_english_premises_a",
        "britojr/llama3.1-sec10q_v2",
        "Atharva-07/classification_task",
        "aleegis10/8ed9fe91-c2b5-42ca-8efb-927b4c8fbf45",
        "robiulawaldev/da92a142-8a96-438e-80b3-13cf5e027f66",
        "LangAGI-Lab/Meta-Llama-3.1-8B-Instruct-WM-acctree-16k-75-adapter-new",
        "clembench-playpen/Llama-3-Clembench-Runs-Successful-Episodes_Top_10_Models_Individual_QA_adapted_image_game",
        "Yossim/fine_tuned_llama2",
        "duyphu/e1bc4b5a-5af6-4ce2-be2d-622344438659",
        "tanatapanun/Meta-Llama-3.1-8B-Instruct-NoteChat-32r-train-dataset-1-epochs-document-prompt-token-4096",
        "developerssy/Meta-Llama-3.1-8B-skills",
        "ncbateman/65eaec89-ddb3-4b65-866f-c621f95eea55",
        "hansh/hansken_human_hql",
        "minhtrannnn/3f048b0f-bb1e-4f5d-b68c-679dc5f1dd96",
        "nhunglaaaaaaa/8efc2e7d-f7f6-46a4-83bd-bf5ae190a347",
        "datlaaaaaaa/5c74b710-f2b8-45a0-8bbb-8b3c49d26627",
        "mkopecki/chess-lora-adapter-fp-llama-3.1-8b"
    ],
    "valid_accuracy": 0.85,
    "test_accuracy": 0.8232931726907631,
    "weights": [
        1.131595016011689,
        0.35209256760732943,
        0.3980699701940985,
        -0.09405495659110402,
        -0.09434443287227254,
        0.11877360889433235,
        0.06489747459389275,
        -0.1357027018636973,
        0.09968815931581976,
        0.6228335371147873,
        -0.026875162959241434,
        0.0015620903048396235,
        0.01676978113979491,
        -0.09493017276533153,
        -0.07570393476601586,
        -0.07901253448239788,
        -0.00321741008200033,
        -0.037623735821190905,
        -0.06447265377850307,
        -0.04544733006180024
    ]
}