{
    "task": "qasc",
    "expert_name": [
        "r-three/lora_baseline_lr3e-4_step400_rank64_qasc",
        "leedahyeon/0221_gamsa_test_cp3000",
        "phungkhaccuong/afbdf303-5ec3-cb90-b17b-283c6f8ad70b",
        "CounterNarratives/Meta-Llama-3.1-8B-Instruct_english_premises_a",
        "britojr/llama3.1-sec10q_v2",
        "Atharva-07/classification_task",
        "aleegis10/8ed9fe91-c2b5-42ca-8efb-927b4c8fbf45",
        "robiulawaldev/da92a142-8a96-438e-80b3-13cf5e027f66",
        "LangAGI-Lab/Meta-Llama-3.1-8B-Instruct-WM-acctree-16k-75-adapter-new",
        "clembench-playpen/Llama-3-Clembench-Runs-Successful-Episodes_Top_10_Models_Individual_QA_adapted_image_game",
        "Yossim/fine_tuned_llama2",
        "duyphu/e1bc4b5a-5af6-4ce2-be2d-622344438659",
        "tanatapanun/Meta-Llama-3.1-8B-Instruct-NoteChat-32r-train-dataset-1-epochs-document-prompt-token-4096",
        "developerssy/Meta-Llama-3.1-8B-skills",
        "ncbateman/65eaec89-ddb3-4b65-866f-c621f95eea55",
        "hansh/hansken_human_hql",
        "minhtrannnn/3f048b0f-bb1e-4f5d-b68c-679dc5f1dd96",
        "nhunglaaaaaaa/8efc2e7d-f7f6-46a4-83bd-bf5ae190a347",
        "datlaaaaaaa/5c74b710-f2b8-45a0-8bbb-8b3c49d26627",
        "mkopecki/chess-lora-adapter-fp-llama-3.1-8b",
        "llm-wizard/llama381binstruct_summarize",
        "duyphu/4ecd8066-f334-4600-a146-3ec7b56f98be",
        "clembench-playpen/meta-llama-Meta-Llama-3.1-8B-Instruct_SFT_E1_DM002",
        "CharlesLi/llama_3_gsm8k_cot_simplest",
        "mohmzm/llama_3_1_8B_doc_rel_v0.1",
        "faridlazuarda/valadapt-llama-3.1-8B-it-bengali",
        "GaetanMichelet/Llama-31-8B_task-2_60-samples_config-1",
        "RAG-Gym/ReSearch-HotpotQA-SFT",
        "clembench-playpen/llama-3.1-8B-Instruct_playpen_ablation_SFT_DFINAL_0.4K-steps",
        "tanatapanun/Meta-Llama-3.1-8B-Instruct-NoteChat-32r-train-dataset-1-epochs-document-prompt-token-1024"
    ],
    "valid_accuracy": 1.0,
    "test_accuracy": 0.9324324324324325,
    "weights": [
        0.5513459178053827,
        0.4763987603587434,
        0.00613309091061394,
        0.5020792307289913,
        0.4440725190067706,
        -0.019572484647142417,
        -0.0006994593659374545,
        0.031230988609629372,
        -0.011019888871245656,
        0.02440439846640425,
        -0.012076647579862664,
        -0.013995590330980065,
        -0.014086076509678544,
        -0.01426664744434641,
        -0.016537211964141794,
        -0.0022641072093277613,
        -0.016163172392528166,
        -0.012841535208591789,
        -0.009401834179960841,
        0.47935077792421743,
        -0.007681250615777922,
        0.0006357027549136513,
        -0.012303232190114761,
        -0.005159344011442208,
        -0.007923857313670405,
        -0.0104330746571051,
        0.5093947260015902,
        -0.0033043400513448964,
        -0.019234801002135316,
        -0.0021797107338263066
    ]
}