{
    "task": "machine_paraphrase_dataset",
    "expert_name": [
        "daje/model_5e-05_alpha-128_r-256",
        "LangAGI-Lab/Meta-Llama-3.1-8B-Instruct-WM-bootstrapped-16k-adapter",
        "datlaaaaaaa/cf707148-8a14-4b17-af50-c0c419a06bb2",
        "chchen/Llama-3.1-8B-Instruct-PsyCourse-info-chain-fold9",
        "chanadda/Meta-Llama-3.1-8B-Instruct-pantip"
    ],
    "valid_accuracy": 0.65,
    "test_accuracy": 0.5165033006601321,
    "weights": [
        0.22184363835091245,
        0.5704385474337118,
        1.073277381936432,
        1.0773169906357618,
        -0.024328692261298187
    ]
}