{
    "task": "glue_qqp",
    "expert_name": [
        "r-three/lora_baseline_lr3e-4_step400_rank64_glue_qqp",
        "daje/model_5e-05_alpha-128_r-256",
        "LangAGI-Lab/Meta-Llama-3.1-8B-Instruct-WM-bootstrapped-16k-adapter",
        "datlaaaaaaa/cf707148-8a14-4b17-af50-c0c419a06bb2",
        "chchen/Llama-3.1-8B-Instruct-PsyCourse-info-chain-fold9"
    ],
    "valid_accuracy": 0.7,
    "test_accuracy": 0.8044,
    "weights": [
        0.9239289953779501,
        0.08505608277574822,
        0.5119087560312663,
        -0.0742704265840695,
        0.45847571670423126
    ]
}