{
    "task": "cryptonews_articles",
    "expert_name": [
        "r-three/lora_baseline_lr3e-4_step400_rank64_cryptonews_articles",
        "leedahyeon/0221_gamsa_test_cp3000",
        "phungkhaccuong/afbdf303-5ec3-cb90-b17b-283c6f8ad70b",
        "CounterNarratives/Meta-Llama-3.1-8B-Instruct_english_premises_a",
        "britojr/llama3.1-sec10q_v2"
    ],
    "valid_accuracy": 0.5,
    "test_accuracy": 0.6534,
    "weights": [
        0.5053930707289971,
        0.3369566418215455,
        0.01633320164998287,
        -0.004551566287482903,
        -0.005600740524655889
    ]
}