{
    "task": "clinc_oos",
    "expert_name": [
        "daje/model_0.0002_alpha-32_r-64",
        "aseratus1/80dde36f-b140-4e57-a010-bebb9584c30b",
        "Tomlord/Llama-3.1-8B-Instruct-LoRA-Hp-adk",
        "clembench-playpen/llama-3.1-8B-Instruct-rehearsal-steps_playpen_SFT-e3_DFINAL_0.93K-steps",
        "faridlazuarda/valadapt-llama-3.1-8B-it-german"
    ],
    "valid_accuracy": 0.15,
    "test_accuracy": 0.1012,
    "weights": [
        -0.15930159987262552,
        0.02622285288227596,
        1.1479583442665104,
        0.7550461244857497,
        0.14226976975650604
    ]
}