{
    "task": "tweet_topic_single",
    "expert_name": [
        "daje/model_5e-05_alpha-128_r-256",
        "LangAGI-Lab/Meta-Llama-3.1-8B-Instruct-WM-bootstrapped-16k-adapter",
        "datlaaaaaaa/cf707148-8a14-4b17-af50-c0c419a06bb2",
        "chchen/Llama-3.1-8B-Instruct-PsyCourse-info-chain-fold9",
        "chanadda/Meta-Llama-3.1-8B-Instruct-pantip",
        "yadayadayada1927/16_model",
        "Cookieeeeeeeeeeeeeee/llama_custom_zero",
        "thaffggg/f11180f1-1b9d-4b3c-8eee-94e554cf0f06",
        "hongngo/612beea2-1e23-46e9-b772-5d201f773304",
        "barc0/induction-run2-gpt4omini-20k-100seeds-barc-llama3.1-8b-instruct-lora64_lr2e-4_epoch3",
        "clembench-playpen/llama-3.1-8B-Instruct-multi-step-collator_playpen_SFT-e3_DFINAL_0.7K-steps",
        "daje/model_2e-4_alpha-8_r-16",
        "Ozaii/Zephyrr",
        "chchen/Llama-3.1-8B-Instruct-PsyCourse-fold3",
        "thalllsssss/00a4666d-12ae-4972-9753-306a02cf9512",
        "nomadrp/tq-llama-sft-belebele",
        "lucy666/llama3.1-8B-Concise",
        "femT-data/llama-3.1-Instruct-finetuned-NER",
        "prxy5607/f59b404a-1d76-4c38-98b7-5a73c0ecea6e",
        "cshbi/fine_tune_output_eie_3.1",
        "Alphatao/9176ae39-6635-4492-ae61-927f06585355",
        "minhtrannnn/3f048b0f-bb1e-4f5d-b68c-679dc5f1dd96",
        "XicoC/llama381binstruct_summarize_short",
        "chchen/Llama-3.1-8B-Instruct-SFT-1000",
        "leedahyeon/0219_all_llama31_cp3500",
        "ciloku/ceee306b-b546-42b7-99ba-fef7fcc1bd26",
        "chauhoang/a7b71eb1-db0f-4c12-ae7f-75544046c341",
        "GaetanMichelet/Llama-31-8B_task-3_180-samples_config-1",
        "Hiranmai49/Llama-3.1-8B-Instruct-contracts-pretrainLlama3.18b",
        "nhungphammmmm/02e0c6ce-07ec-4fa6-b963-1642c8120d72"
    ],
    "valid_accuracy": 0.8,
    "test_accuracy": 0.8067078552515445,
    "weights": [
        0.48376522437160374,
        0.775924506087224,
        0.47572635647937883,
        0.533316195100192,
        0.4795732330469052,
        -0.03112367812074447,
        -0.024068908948894702,
        0.07114636658553115,
        0.24534169414142792,
        -0.007043875837175988,
        0.032630413353438394,
        0.6713882345980027,
        0.48300267555263665,
        0.6750612525147696,
        0.015279662519765614,
        0.5372267246358248,
        0.10141542746459395,
        0.35634356998955524,
        0.31040219585500234,
        0.9130712862458666,
        -0.10430805885558185,
        -0.245769762838007,
        0.5059887044168655,
        -0.03529144973875996,
        -0.07426580611030345,
        -0.04597853196082068,
        -0.02459325184309674,
        0.47835852460862754,
        -0.02091107106829262,
        -0.0032498132180955224
    ]
}