{
    "task": "stackoverflow_questions",
    "expert_name": [
        "tanatapanun/Meta-Llama-3.1-8B-Instruct-NoteChat-32r-train-dataset-1-epochs-document-prompt-token-4096",
        "leedahyeon/0221_all_llama31_docs_cp3500",
        "minhtrannnn/0d5d4d02-c5c0-4607-b69a-0ddd8845e6f7",
        "robiulawaldev/da92a142-8a96-438e-80b3-13cf5e027f66",
        "gotzmann/1JV44C2nd",
        "chchen/Llama-3.1-8B-Instruct-PsyCourse-doc-info-fold8",
        "daje/model_2e-4",
        "laquythang/07d7800a-5441-44b2-8e4b-5b1f2fb61a61",
        "prxy5606/98345738-30aa-41c4-bf69-2392a1ce4d0a",
        "LangAGI-Lab/Meta-Llama-3.1-8B-Instruct-WM-bootstrapped-16k-adapter"
    ],
    "valid_accuracy": 0.3684210526315789,
    "test_accuracy": 0.24689346099001833,
    "weights": [
        0.7496362725930332,
        0.4978619060107688,
        0.0022228806981059324,
        0.4991410773012281,
        0.49192604772325577,
        0.5625218326938731,
        0.015454378224867142,
        0.5250375180374355,
        0.5227339942156806,
        7.979053886988978e-06
    ]
}