{
    "task": "glue_qnli",
    "expert_name": [
        "leedahyeon/0221_gamsa_test_cp3000",
        "phungkhaccuong/afbdf303-5ec3-cb90-b17b-283c6f8ad70b",
        "CounterNarratives/Meta-Llama-3.1-8B-Instruct_english_premises_a",
        "britojr/llama3.1-sec10q_v2",
        "Atharva-07/classification_task"
    ],
    "valid_accuracy": 0.55,
    "test_accuracy": 0.6896,
    "weights": [
        -0.05541042405598603,
        0.05403064101970454,
        -0.11398112090693796,
        0.1898255671992194,
        0.8993198160357475
    ]
}