{
    "task": "super_glue_rte",
    "expert_name": [
        "r-three/lora_baseline_lr3e-4_step400_rank64_super_glue_rte",
        "daje/model_5e-05_alpha-128_r-256",
        "LangAGI-Lab/Meta-Llama-3.1-8B-Instruct-WM-bootstrapped-16k-adapter",
        "datlaaaaaaa/cf707148-8a14-4b17-af50-c0c419a06bb2",
        "chchen/Llama-3.1-8B-Instruct-PsyCourse-info-chain-fold9",
        "chanadda/Meta-Llama-3.1-8B-Instruct-pantip",
        "yadayadayada1927/16_model",
        "Cookieeeeeeeeeeeeeee/llama_custom_zero",
        "thaffggg/f11180f1-1b9d-4b3c-8eee-94e554cf0f06",
        "hongngo/612beea2-1e23-46e9-b772-5d201f773304",
        "barc0/induction-run2-gpt4omini-20k-100seeds-barc-llama3.1-8b-instruct-lora64_lr2e-4_epoch3",
        "clembench-playpen/llama-3.1-8B-Instruct-multi-step-collator_playpen_SFT-e3_DFINAL_0.7K-steps",
        "daje/model_2e-4_alpha-8_r-16",
        "Ozaii/Zephyrr",
        "chchen/Llama-3.1-8B-Instruct-PsyCourse-fold3",
        "thalllsssss/00a4666d-12ae-4972-9753-306a02cf9512",
        "nomadrp/tq-llama-sft-belebele",
        "lucy666/llama3.1-8B-Concise",
        "femT-data/llama-3.1-Instruct-finetuned-NER",
        "prxy5607/f59b404a-1d76-4c38-98b7-5a73c0ecea6e",
        "cshbi/fine_tune_output_eie_3.1",
        "Alphatao/9176ae39-6635-4492-ae61-927f06585355",
        "minhtrannnn/3f048b0f-bb1e-4f5d-b68c-679dc5f1dd96",
        "XicoC/llama381binstruct_summarize_short",
        "chchen/Llama-3.1-8B-Instruct-SFT-1000",
        "leedahyeon/0219_all_llama31_cp3500",
        "ciloku/ceee306b-b546-42b7-99ba-fef7fcc1bd26",
        "chauhoang/a7b71eb1-db0f-4c12-ae7f-75544046c341",
        "GaetanMichelet/Llama-31-8B_task-3_180-samples_config-1",
        "Hiranmai49/Llama-3.1-8B-Instruct-contracts-pretrainLlama3.18b"
    ],
    "valid_accuracy": 0.95,
    "test_accuracy": 0.8353413654618473,
    "weights": [
        1.2710822576942025,
        -0.05679114132425313,
        0.5797287243153026,
        0.5280574521006021,
        0.5465584658424112,
        -0.09333013167164207,
        -0.2773572207619249,
        0.49933684718340826,
        -0.2788663688017505,
        0.02085379103916523,
        -0.21416599069445194,
        -0.40432315888555187,
        -0.17575099337716815,
        -0.08310868059594843,
        -0.13264412058595404,
        -0.07936673699156546,
        0.6405902256774566,
        -0.13740919355086367,
        -0.484685487122946,
        0.2225051181622008,
        0.37936532787156574,
        -0.00920599695883859,
        0.34002743197139007,
        0.9842867645304831,
        -0.3749490453877889,
        0.25833079159593,
        -0.13364301506262394,
        -0.15946605851605852,
        -0.24724284724181253,
        -0.10575448219094152
    ]
}