{
    "task": "mmlu_pro",
    "expert_name": [
        "r-three/lora_baseline_lr3e-4_step400_rank64_mmlu_pro",
        "tanatapanun/Meta-Llama-3.1-8B-Instruct-NoteChat-32r-train-dataset-1-epochs-document-prompt-token-4096",
        "leedahyeon/0221_all_llama31_docs_cp3500",
        "minhtrannnn/0d5d4d02-c5c0-4607-b69a-0ddd8845e6f7",
        "robiulawaldev/da92a142-8a96-438e-80b3-13cf5e027f66",
        "gotzmann/1JV44C2nd",
        "chchen/Llama-3.1-8B-Instruct-PsyCourse-doc-info-fold8",
        "daje/model_2e-4",
        "laquythang/07d7800a-5441-44b2-8e4b-5b1f2fb61a61",
        "prxy5606/98345738-30aa-41c4-bf69-2392a1ce4d0a",
        "LangAGI-Lab/Meta-Llama-3.1-8B-Instruct-WM-bootstrapped-16k-adapter",
        "myhaaaaaaa/2bd8eab3-2f15-4917-83d4-5245c3b84852",
        "CharlesLi/llama_3_unsafe_helpful",
        "mohmzm/llama_3_1_8b_instruct_document_relevance_test",
        "chchen/Llama-3.1-8B-Instruct-SAA-700",
        "GaetanMichelet/Llama-31-8B_task-2_180-samples_config-1_full",
        "EdBergJr/tablets_baha_arabic",
        "GaetanMichelet/Llama-31-8B_task-1_60-samples_config-1_full_auto",
        "nomadrp/tq-6-langs",
        "0x1202/0fa06e19-bb47-4f8b-9cc3-fa3e8c3c0982"
    ],
    "valid_accuracy": 0.15,
    "test_accuracy": 0.18853820598006646,
    "weights": [
        1.043623367702696,
        0.049092515113316734,
        -0.06769664156715122,
        -0.33943777618879706,
        -0.11715097846821311,
        -0.1914308973069674,
        -0.24308792393957315,
        -0.09039668411618694,
        -0.1561163134474311,
        -0.174595167871478,
        0.01473258292035931,
        0.3397748820542673,
        -0.5944730147967047,
        -0.11880672783286524,
        0.23396024955985342,
        -0.4829120668763558,
        -0.08402565069384543,
        0.348131112832036,
        -0.20716607932074244,
        -0.12613932909829856
    ]
}