{
    "task": "mmlu_combined",
    "expert_name": [
        "r-three/lora_baseline_lr3e-4_step400_rank64_mmlu_combined",
        "tanatapanun/Meta-Llama-3.1-8B-Instruct-NoteChat-32r-train-dataset-1-epochs-document-prompt-token-4096",
        "leedahyeon/0221_all_llama31_docs_cp3500",
        "minhtrannnn/0d5d4d02-c5c0-4607-b69a-0ddd8845e6f7",
        "robiulawaldev/da92a142-8a96-438e-80b3-13cf5e027f66",
        "gotzmann/1JV44C2nd",
        "chchen/Llama-3.1-8B-Instruct-PsyCourse-doc-info-fold8",
        "daje/model_2e-4",
        "laquythang/07d7800a-5441-44b2-8e4b-5b1f2fb61a61",
        "prxy5606/98345738-30aa-41c4-bf69-2392a1ce4d0a",
        "LangAGI-Lab/Meta-Llama-3.1-8B-Instruct-WM-bootstrapped-16k-adapter",
        "myhaaaaaaa/2bd8eab3-2f15-4917-83d4-5245c3b84852",
        "CharlesLi/llama_3_unsafe_helpful",
        "mohmzm/llama_3_1_8b_instruct_document_relevance_test",
        "chchen/Llama-3.1-8B-Instruct-SAA-700",
        "GaetanMichelet/Llama-31-8B_task-2_180-samples_config-1_full",
        "EdBergJr/tablets_baha_arabic",
        "GaetanMichelet/Llama-31-8B_task-1_60-samples_config-1_full_auto",
        "nomadrp/tq-6-langs",
        "0x1202/0fa06e19-bb47-4f8b-9cc3-fa3e8c3c0982",
        "nhung03/8807e2a5-ff05-45b2-ab4b-a170e19c24b6",
        "npark95/qlora_llama3_0shot",
        "clembench-playpen/meta-llama-Meta-Llama-3.1-8B-Instruct_SFT_E1_D60006",
        "RoeReRe/Meta-LLama-3.1-8B-Instruct-Finetuned-Bias-4.5K",
        "estrogen/L3.1-8b-Ink-ep1-adpt",
        "Nevil9/PsyLlama",
        "MoreWrong/studybuddy",
        "clembench-playpen/meta-llama-Meta-Llama-3.1-8B-Instruct_SFT_D90003",
        "clembench-playpen/meta-llama-Meta-Llama-3.1-8B-Instruct_SFT_E1_D90000",
        "diagonalge/4ff3f177-6bb4-406d-b6ba-5fd891aee612"
    ],
    "valid_accuracy": 0.55,
    "test_accuracy": 0.5890909090909091,
    "weights": [
        0.8630243311428883,
        0.49226439912523323,
        0.5364690732429948,
        -0.01947336468306783,
        0.02350576528154402,
        0.518755538610654,
        -0.25702509738251045,
        -0.022465071390720282,
        0.5063021145455294,
        0.2937437985415398,
        0.021610651336845615,
        0.16946954147990964,
        0.009693555699153656,
        -0.011455149903144859,
        0.061256644368865014,
        -0.007981851150007064,
        0.15250476843413557,
        0.13219483980595156,
        0.2305112589405223,
        -0.06906660096063674,
        0.3995475436416194,
        0.5451990718010081,
        0.3697641525219669,
        -0.18495895058425751,
        -0.006624976517853182,
        -0.03821676061009497,
        -0.1927657417668532,
        -0.0554592280571119,
        -0.012981266267226083,
        0.08917396280709779
    ]
}