{
    "task": "quail",
    "expert_name": [
        "r-three/lora_baseline_lr3e-4_step400_rank64_quail",
        "leedahyeon/0221_gamsa_test_cp3000",
        "phungkhaccuong/afbdf303-5ec3-cb90-b17b-283c6f8ad70b",
        "CounterNarratives/Meta-Llama-3.1-8B-Instruct_english_premises_a",
        "britojr/llama3.1-sec10q_v2",
        "Atharva-07/classification_task",
        "aleegis10/8ed9fe91-c2b5-42ca-8efb-927b4c8fbf45",
        "robiulawaldev/da92a142-8a96-438e-80b3-13cf5e027f66",
        "LangAGI-Lab/Meta-Llama-3.1-8B-Instruct-WM-acctree-16k-75-adapter-new",
        "clembench-playpen/Llama-3-Clembench-Runs-Successful-Episodes_Top_10_Models_Individual_QA_adapted_image_game"
    ],
    "valid_accuracy": 0.7,
    "test_accuracy": 0.7102439024390244,
    "weights": [
        0.977963066030827,
        0.6202857174865433,
        -0.26150883783863466,
        0.5042934551846551,
        -0.026680110124672453,
        -0.003409735628466256,
        -0.002467520247942517,
        -0.013586865561199825,
        0.5013097847328086,
        -0.006805020781831477
    ]
}