{
    "task": "gsm8k",
    "expert_name": [
        "r-three/lora_baseline_lr3e-4_step400_rank64_gsm8k",
        "leedahyeon/0221_gamsa_test_cp3000",
        "phungkhaccuong/afbdf303-5ec3-cb90-b17b-283c6f8ad70b",
        "CounterNarratives/Meta-Llama-3.1-8B-Instruct_english_premises_a",
        "britojr/llama3.1-sec10q_v2",
        "Atharva-07/classification_task",
        "aleegis10/8ed9fe91-c2b5-42ca-8efb-927b4c8fbf45",
        "robiulawaldev/da92a142-8a96-438e-80b3-13cf5e027f66",
        "LangAGI-Lab/Meta-Llama-3.1-8B-Instruct-WM-acctree-16k-75-adapter-new",
        "clembench-playpen/Llama-3-Clembench-Runs-Successful-Episodes_Top_10_Models_Individual_QA_adapted_image_game",
        "Yossim/fine_tuned_llama2",
        "duyphu/e1bc4b5a-5af6-4ce2-be2d-622344438659",
        "tanatapanun/Meta-Llama-3.1-8B-Instruct-NoteChat-32r-train-dataset-1-epochs-document-prompt-token-4096",
        "developerssy/Meta-Llama-3.1-8B-skills",
        "ncbateman/65eaec89-ddb3-4b65-866f-c621f95eea55",
        "hansh/hansken_human_hql",
        "minhtrannnn/3f048b0f-bb1e-4f5d-b68c-679dc5f1dd96",
        "nhunglaaaaaaa/8efc2e7d-f7f6-46a4-83bd-bf5ae190a347",
        "datlaaaaaaa/5c74b710-f2b8-45a0-8bbb-8b3c49d26627",
        "mkopecki/chess-lora-adapter-fp-llama-3.1-8b"
    ],
    "valid_accuracy": 0.75,
    "test_accuracy": 0.6444275966641395,
    "weights": [
        1.1249275505835379,
        0.21644757661493552,
        0.0035096273587324565,
        -0.036634304348189,
        -0.03531861478761269,
        -0.004966177482817427,
        -0.04411071903755218,
        -0.010143085681576756,
        -0.012767810669315033,
        0.030005215930580593,
        0.05952020513449405,
        -0.0580999298834947,
        0.009588180250683248,
        0.07954935937001734,
        -0.010032561495576407,
        -0.09222455247624274,
        0.42819319069626105,
        0.0031041907992445834,
        -0.02202075805495369,
        0.0072777945382801424
    ]
}