{
    "task": "disfl_qa",
    "expert_name": [
        "tanatapanun/Meta-Llama-3.1-8B-Instruct-NoteChat-32r-train-dataset-1-epochs-document-prompt-token-4096",
        "leedahyeon/0221_all_llama31_docs_cp3500",
        "minhtrannnn/0d5d4d02-c5c0-4607-b69a-0ddd8845e6f7",
        "robiulawaldev/da92a142-8a96-438e-80b3-13cf5e027f66",
        "gotzmann/1JV44C2nd",
        "chchen/Llama-3.1-8B-Instruct-PsyCourse-doc-info-fold8",
        "daje/model_2e-4",
        "laquythang/07d7800a-5441-44b2-8e4b-5b1f2fb61a61",
        "prxy5606/98345738-30aa-41c4-bf69-2392a1ce4d0a",
        "LangAGI-Lab/Meta-Llama-3.1-8B-Instruct-WM-bootstrapped-16k-adapter",
        "myhaaaaaaa/2bd8eab3-2f15-4917-83d4-5245c3b84852",
        "CharlesLi/llama_3_unsafe_helpful",
        "mohmzm/llama_3_1_8b_instruct_document_relevance_test",
        "chchen/Llama-3.1-8B-Instruct-SAA-700",
        "GaetanMichelet/Llama-31-8B_task-2_180-samples_config-1_full",
        "EdBergJr/tablets_baha_arabic",
        "GaetanMichelet/Llama-31-8B_task-1_60-samples_config-1_full_auto",
        "nomadrp/tq-6-langs",
        "0x1202/0fa06e19-bb47-4f8b-9cc3-fa3e8c3c0982",
        "nhung03/8807e2a5-ff05-45b2-ab4b-a170e19c24b6",
        "npark95/qlora_llama3_0shot",
        "clembench-playpen/meta-llama-Meta-Llama-3.1-8B-Instruct_SFT_E1_D60006",
        "RoeReRe/Meta-LLama-3.1-8B-Instruct-Finetuned-Bias-4.5K",
        "estrogen/L3.1-8b-Ink-ep1-adpt",
        "Nevil9/PsyLlama",
        "MoreWrong/studybuddy",
        "clembench-playpen/meta-llama-Meta-Llama-3.1-8B-Instruct_SFT_D90003",
        "clembench-playpen/meta-llama-Meta-Llama-3.1-8B-Instruct_SFT_E1_D90000",
        "diagonalge/4ff3f177-6bb4-406d-b6ba-5fd891aee612",
        "Kawon/llama3.1-food-finetune_v13_r8"
    ],
    "valid_accuracy": 0.2,
    "test_accuracy": 0.30375,
    "weights": [
        0.792291548745908,
        -0.007871807843845523,
        0.05988727203926002,
        0.31464356293531437,
        0.639507484763234,
        0.2381374448234514,
        -0.08409706756504595,
        0.36334341059753117,
        -0.06591538178381577,
        0.4917054804633992,
        -0.021978627303796672,
        0.021803115638093205,
        0.4302454192956176,
        0.5374938415984556,
        0.09621624693801753,
        -0.23587352064973321,
        0.030883092959905104,
        -0.04923070059136251,
        0.013475685405047953,
        0.6484708449287324,
        0.8722793175167912,
        0.13036697161100527,
        0.46515467467832206,
        -0.2155981175509198,
        0.48618405693773886,
        0.38017676066891615,
        0.020730319584782622,
        -0.001998807525118553,
        0.0698133516276407,
        0.006113791583163414
    ]
}