{
    "task": "intersect_geometry",
    "expert_name": [
        "leedahyeon/0221_gamsa_test_cp3000",
        "phungkhaccuong/afbdf303-5ec3-cb90-b17b-283c6f8ad70b",
        "CounterNarratives/Meta-Llama-3.1-8B-Instruct_english_premises_a",
        "britojr/llama3.1-sec10q_v2",
        "Atharva-07/classification_task"
    ],
    "valid_accuracy": 0.15,
    "test_accuracy": 0.138,
    "weights": [
        0.0727496837080904,
        0.02207053855435639,
        -0.016685034025512788,
        0.3601140175351155,
        -0.036437348849142875
    ]
}