{
    "task": "xnli_fr",
    "expert_name": [
        "r-three/lora_baseline_lr3e-4_step400_rank64_xnli_fr",
        "tanatapanun/Meta-Llama-3.1-8B-Instruct-NoteChat-32r-train-dataset-1-epochs-document-prompt-token-4096",
        "leedahyeon/0221_all_llama31_docs_cp3500",
        "minhtrannnn/0d5d4d02-c5c0-4607-b69a-0ddd8845e6f7",
        "robiulawaldev/da92a142-8a96-438e-80b3-13cf5e027f66"
    ],
    "valid_accuracy": 0.85,
    "test_accuracy": 0.7254,
    "weights": [
        0.8866413527388533,
        0.9516643484850276,
        0.3859835145966074,
        -0.023491750618519637,
        0.4035839276804537
    ]
}