{
    "task": "arc_challenge",
    "expert_name": [
        "r-three/lora_baseline_lr3e-4_step400_rank64_arc_challenge",
        "leedahyeon/0221_gamsa_test_cp3000",
        "phungkhaccuong/afbdf303-5ec3-cb90-b17b-283c6f8ad70b",
        "CounterNarratives/Meta-Llama-3.1-8B-Instruct_english_premises_a",
        "britojr/llama3.1-sec10q_v2",
        "Atharva-07/classification_task",
        "aleegis10/8ed9fe91-c2b5-42ca-8efb-927b4c8fbf45",
        "robiulawaldev/da92a142-8a96-438e-80b3-13cf5e027f66",
        "LangAGI-Lab/Meta-Llama-3.1-8B-Instruct-WM-acctree-16k-75-adapter-new",
        "clembench-playpen/Llama-3-Clembench-Runs-Successful-Episodes_Top_10_Models_Individual_QA_adapted_image_game"
    ],
    "valid_accuracy": 0.75,
    "test_accuracy": 0.7133105802047781,
    "weights": [
        1.4353845707291522,
        0.17057014106434265,
        0.10292093467704451,
        -0.46946630740790773,
        0.12253783576174096,
        -0.19474157619852478,
        -0.06338299706739804,
        0.029726588968789772,
        -0.2100313129101939,
        -0.008407888893558787
    ]
}