{
    "task": "twitter_financial_news_sentiment",
    "expert_name": [
        "daje/model_5e-05_alpha-128_r-256",
        "LangAGI-Lab/Meta-Llama-3.1-8B-Instruct-WM-bootstrapped-16k-adapter",
        "datlaaaaaaa/cf707148-8a14-4b17-af50-c0c419a06bb2",
        "chchen/Llama-3.1-8B-Instruct-PsyCourse-info-chain-fold9",
        "chanadda/Meta-Llama-3.1-8B-Instruct-pantip"
    ],
    "valid_accuracy": 0.6,
    "test_accuracy": 0.7717277486910995,
    "weights": [
        0.17356824859455802,
        1.3640788269839907,
        0.9746034828928196,
        0.01273047829788804,
        0.6093115170384334
    ]
}