{
    "task": "intersect_geometry",
    "expert_name": [
        "daje/model_5e-05_alpha-128_r-256",
        "LangAGI-Lab/Meta-Llama-3.1-8B-Instruct-WM-bootstrapped-16k-adapter",
        "datlaaaaaaa/cf707148-8a14-4b17-af50-c0c419a06bb2",
        "chchen/Llama-3.1-8B-Instruct-PsyCourse-info-chain-fold9",
        "chanadda/Meta-Llama-3.1-8B-Instruct-pantip",
        "yadayadayada1927/16_model",
        "Cookieeeeeeeeeeeeeee/llama_custom_zero",
        "thaffggg/f11180f1-1b9d-4b3c-8eee-94e554cf0f06",
        "hongngo/612beea2-1e23-46e9-b772-5d201f773304",
        "barc0/induction-run2-gpt4omini-20k-100seeds-barc-llama3.1-8b-instruct-lora64_lr2e-4_epoch3",
        "clembench-playpen/llama-3.1-8B-Instruct-multi-step-collator_playpen_SFT-e3_DFINAL_0.7K-steps",
        "daje/model_2e-4_alpha-8_r-16",
        "Ozaii/Zephyrr",
        "chchen/Llama-3.1-8B-Instruct-PsyCourse-fold3",
        "thalllsssss/00a4666d-12ae-4972-9753-306a02cf9512",
        "nomadrp/tq-llama-sft-belebele",
        "lucy666/llama3.1-8B-Concise",
        "femT-data/llama-3.1-Instruct-finetuned-NER",
        "prxy5607/f59b404a-1d76-4c38-98b7-5a73c0ecea6e",
        "cshbi/fine_tune_output_eie_3.1"
    ],
    "valid_accuracy": 0.2,
    "test_accuracy": 0.124,
    "weights": [
        -0.23900127271370702,
        0.824086179355488,
        0.5161193673157248,
        -0.2474697100956763,
        0.6073732076348851,
        0.6411151583992485,
        -0.19566991506994544,
        0.8231479155443144,
        0.22951082933605138,
        0.0432738643172406,
        0.3297939893562157,
        0.0021676055953931605,
        0.1646947984959051,
        0.08201018728416692,
        0.11321737669539894,
        0.17665058052371474,
        0.2647249334780991,
        1.0191247016325446,
        0.30124275355624774,
        0.8603300994755043
    ]
}