{
    "task": "xnli_de",
    "expert_name": [
        "r-three/lora_baseline_lr3e-4_step400_rank64_xnli_de",
        "tanatapanun/Meta-Llama-3.1-8B-Instruct-NoteChat-32r-train-dataset-1-epochs-document-prompt-token-4096",
        "leedahyeon/0221_all_llama31_docs_cp3500",
        "minhtrannnn/0d5d4d02-c5c0-4607-b69a-0ddd8845e6f7",
        "robiulawaldev/da92a142-8a96-438e-80b3-13cf5e027f66",
        "gotzmann/1JV44C2nd",
        "chchen/Llama-3.1-8B-Instruct-PsyCourse-doc-info-fold8",
        "daje/model_2e-4",
        "laquythang/07d7800a-5441-44b2-8e4b-5b1f2fb61a61",
        "prxy5606/98345738-30aa-41c4-bf69-2392a1ce4d0a",
        "LangAGI-Lab/Meta-Llama-3.1-8B-Instruct-WM-bootstrapped-16k-adapter",
        "myhaaaaaaa/2bd8eab3-2f15-4917-83d4-5245c3b84852",
        "CharlesLi/llama_3_unsafe_helpful",
        "mohmzm/llama_3_1_8b_instruct_document_relevance_test",
        "chchen/Llama-3.1-8B-Instruct-SAA-700",
        "GaetanMichelet/Llama-31-8B_task-2_180-samples_config-1_full",
        "EdBergJr/tablets_baha_arabic",
        "GaetanMichelet/Llama-31-8B_task-1_60-samples_config-1_full_auto",
        "nomadrp/tq-6-langs",
        "0x1202/0fa06e19-bb47-4f8b-9cc3-fa3e8c3c0982"
    ],
    "valid_accuracy": 0.75,
    "test_accuracy": 0.7112,
    "weights": [
        0.8479623507809535,
        0.4824606371055042,
        0.5670347076313512,
        0.01620395527710728,
        -0.08763594426304942,
        -0.02606320069013401,
        -0.01658141787106539,
        -0.01766079645291079,
        0.49970445260647495,
        -0.017959521370398614,
        -0.031111265418745353,
        -0.05833173224787011,
        -0.08343068114738846,
        -0.04671181816042215,
        -0.06406047217636476,
        0.008026233798545635,
        0.019445935485741486,
        -0.008412347674928919,
        -0.006786289525050645,
        0.025793627576707157
    ]
}