{
    "task": "tracking_shuffled_objects",
    "expert_name": [
        "r-three/lora_baseline_lr3e-4_step400_rank64_tracking_shuffled_objects",
        "leedahyeon/0221_gamsa_test_cp3000",
        "phungkhaccuong/afbdf303-5ec3-cb90-b17b-283c6f8ad70b",
        "CounterNarratives/Meta-Llama-3.1-8B-Instruct_english_premises_a",
        "britojr/llama3.1-sec10q_v2",
        "Atharva-07/classification_task",
        "aleegis10/8ed9fe91-c2b5-42ca-8efb-927b4c8fbf45",
        "robiulawaldev/da92a142-8a96-438e-80b3-13cf5e027f66",
        "LangAGI-Lab/Meta-Llama-3.1-8B-Instruct-WM-acctree-16k-75-adapter-new",
        "clembench-playpen/Llama-3-Clembench-Runs-Successful-Episodes_Top_10_Models_Individual_QA_adapted_image_game",
        "Yossim/fine_tuned_llama2",
        "duyphu/e1bc4b5a-5af6-4ce2-be2d-622344438659",
        "tanatapanun/Meta-Llama-3.1-8B-Instruct-NoteChat-32r-train-dataset-1-epochs-document-prompt-token-4096",
        "developerssy/Meta-Llama-3.1-8B-skills",
        "ncbateman/65eaec89-ddb3-4b65-866f-c621f95eea55",
        "hansh/hansken_human_hql",
        "minhtrannnn/3f048b0f-bb1e-4f5d-b68c-679dc5f1dd96",
        "nhunglaaaaaaa/8efc2e7d-f7f6-46a4-83bd-bf5ae190a347",
        "datlaaaaaaa/5c74b710-f2b8-45a0-8bbb-8b3c49d26627",
        "mkopecki/chess-lora-adapter-fp-llama-3.1-8b"
    ],
    "valid_accuracy": 0.5,
    "test_accuracy": 0.2986666666666667,
    "weights": [
        1.0285571328454255,
        0.22700055052380744,
        -0.13593745954169603,
        -0.09679410433665478,
        0.09993568025796509,
        -0.12529287240968562,
        0.08081270255862202,
        -0.03523994933939402,
        -0.40708254045827125,
        0.023679694179591565,
        -0.06705715094052317,
        0.4543650963688417,
        -0.29530965631686645,
        -0.024142981590733206,
        0.002007811031949339,
        -0.2815438903197705,
        -0.02707131256494091,
        -0.1512619801424718,
        -0.04093050250440916,
        -0.4565716081262511
    ]
}