{
    "task": "reasoning_about_colored_objects",
    "expert_name": [
        "r-three/lora_baseline_lr3e-4_step400_rank64_reasoning_about_colored_objects",
        "leedahyeon/0221_gamsa_test_cp3000",
        "phungkhaccuong/afbdf303-5ec3-cb90-b17b-283c6f8ad70b",
        "CounterNarratives/Meta-Llama-3.1-8B-Instruct_english_premises_a",
        "britojr/llama3.1-sec10q_v2",
        "Atharva-07/classification_task",
        "aleegis10/8ed9fe91-c2b5-42ca-8efb-927b4c8fbf45",
        "robiulawaldev/da92a142-8a96-438e-80b3-13cf5e027f66",
        "LangAGI-Lab/Meta-Llama-3.1-8B-Instruct-WM-acctree-16k-75-adapter-new",
        "clembench-playpen/Llama-3-Clembench-Runs-Successful-Episodes_Top_10_Models_Individual_QA_adapted_image_game",
        "Yossim/fine_tuned_llama2",
        "duyphu/e1bc4b5a-5af6-4ce2-be2d-622344438659",
        "tanatapanun/Meta-Llama-3.1-8B-Instruct-NoteChat-32r-train-dataset-1-epochs-document-prompt-token-4096",
        "developerssy/Meta-Llama-3.1-8B-skills",
        "ncbateman/65eaec89-ddb3-4b65-866f-c621f95eea55",
        "hansh/hansken_human_hql",
        "minhtrannnn/3f048b0f-bb1e-4f5d-b68c-679dc5f1dd96",
        "nhunglaaaaaaa/8efc2e7d-f7f6-46a4-83bd-bf5ae190a347",
        "datlaaaaaaa/5c74b710-f2b8-45a0-8bbb-8b3c49d26627",
        "mkopecki/chess-lora-adapter-fp-llama-3.1-8b"
    ],
    "valid_accuracy": 0.7,
    "test_accuracy": 0.6775,
    "weights": [
        0.6051719295695877,
        0.2733688093166487,
        0.10284550069440039,
        0.46082896949054464,
        0.004455500845549416,
        -0.016381270671722098,
        0.010803214976089087,
        -0.026212823515430528,
        0.44891826093125864,
        0.006641099538814123,
        0.035004094444506126,
        0.5351952540420662,
        -0.03489197357066394,
        0.04122004207971732,
        0.06516693004143273,
        0.04078908034850395,
        0.012991491569049737,
        0.04366813349774176,
        -0.06885193011798352,
        0.025696521646017774
    ]
}