{
    "task": "tracking_shuffled_objects",
    "expert_name": [
        "r-three/lora_baseline_10_lr3e-4_step100_rank64_tracking_shuffled_objects",
        "tanatapanun/Meta-Llama-3.1-8B-Instruct-NoteChat-32r-train-dataset-1-epochs-document-prompt-token-4096",
        "leedahyeon/0221_all_llama31_docs_cp3500",
        "minhtrannnn/0d5d4d02-c5c0-4607-b69a-0ddd8845e6f7",
        "robiulawaldev/da92a142-8a96-438e-80b3-13cf5e027f66",
        "gotzmann/1JV44C2nd",
        "chchen/Llama-3.1-8B-Instruct-PsyCourse-doc-info-fold8",
        "daje/model_2e-4",
        "laquythang/07d7800a-5441-44b2-8e4b-5b1f2fb61a61",
        "prxy5606/98345738-30aa-41c4-bf69-2392a1ce4d0a",
        "LangAGI-Lab/Meta-Llama-3.1-8B-Instruct-WM-bootstrapped-16k-adapter",
        "myhaaaaaaa/2bd8eab3-2f15-4917-83d4-5245c3b84852",
        "CharlesLi/llama_3_unsafe_helpful",
        "mohmzm/llama_3_1_8b_instruct_document_relevance_test",
        "chchen/Llama-3.1-8B-Instruct-SAA-700",
        "GaetanMichelet/Llama-31-8B_task-2_180-samples_config-1_full",
        "EdBergJr/tablets_baha_arabic",
        "GaetanMichelet/Llama-31-8B_task-1_60-samples_config-1_full_auto",
        "nomadrp/tq-6-langs",
        "0x1202/0fa06e19-bb47-4f8b-9cc3-fa3e8c3c0982",
        "nhung03/8807e2a5-ff05-45b2-ab4b-a170e19c24b6",
        "npark95/qlora_llama3_0shot",
        "clembench-playpen/meta-llama-Meta-Llama-3.1-8B-Instruct_SFT_E1_D60006",
        "RoeReRe/Meta-LLama-3.1-8B-Instruct-Finetuned-Bias-4.5K",
        "estrogen/L3.1-8b-Ink-ep1-adpt",
        "Nevil9/PsyLlama",
        "MoreWrong/studybuddy",
        "clembench-playpen/meta-llama-Meta-Llama-3.1-8B-Instruct_SFT_D90003",
        "clembench-playpen/meta-llama-Meta-Llama-3.1-8B-Instruct_SFT_E1_D90000",
        "diagonalge/4ff3f177-6bb4-406d-b6ba-5fd891aee612"
    ],
    "train+valid_accuracy": 1.0,
    "test_accuracy": 0.18933333333333333,
    "weights": [
        0.6801056678804865,
        0.5261013757108702,
        0.048781690651152274,
        -0.0001545009527330883,
        -0.004574943268019641,
        0.4992411225395149,
        -4.747336379059422e-05,
        -0.003320217481398058,
        0.49921572551707116,
        -0.011512537530358668,
        -4.0955646151845425e-08,
        -0.001928615519321961,
        0.5004589545833383,
        -0.07650146076052237,
        0.5002417771084314,
        -0.003103373317933225,
        -0.00036567053065895765,
        -0.0011539404571470342,
        0.4988677768688337,
        -0.00014762166352619277,
        0.001360621499303969,
        0.0006308058199101922,
        -0.0011408593115241202,
        0.0151912653744649,
        -0.01586528467022387,
        -0.005005972194542533,
        -0.00023399655185385795,
        -0.09126064293153552,
        -0.004865693942980739,
        0.0008784949091129725
    ]
}