{
    "task": "qasc",
    "expert_name": [
        "r-three/lora_baseline_lr3e-4_step400_rank64_qasc",
        "leedahyeon/0221_gamsa_test_cp3000",
        "phungkhaccuong/afbdf303-5ec3-cb90-b17b-283c6f8ad70b",
        "CounterNarratives/Meta-Llama-3.1-8B-Instruct_english_premises_a",
        "britojr/llama3.1-sec10q_v2",
        "Atharva-07/classification_task",
        "aleegis10/8ed9fe91-c2b5-42ca-8efb-927b4c8fbf45",
        "robiulawaldev/da92a142-8a96-438e-80b3-13cf5e027f66",
        "LangAGI-Lab/Meta-Llama-3.1-8B-Instruct-WM-acctree-16k-75-adapter-new",
        "clembench-playpen/Llama-3-Clembench-Runs-Successful-Episodes_Top_10_Models_Individual_QA_adapted_image_game",
        "Yossim/fine_tuned_llama2",
        "duyphu/e1bc4b5a-5af6-4ce2-be2d-622344438659",
        "tanatapanun/Meta-Llama-3.1-8B-Instruct-NoteChat-32r-train-dataset-1-epochs-document-prompt-token-4096",
        "developerssy/Meta-Llama-3.1-8B-skills",
        "ncbateman/65eaec89-ddb3-4b65-866f-c621f95eea55",
        "hansh/hansken_human_hql",
        "minhtrannnn/3f048b0f-bb1e-4f5d-b68c-679dc5f1dd96",
        "nhunglaaaaaaa/8efc2e7d-f7f6-46a4-83bd-bf5ae190a347",
        "datlaaaaaaa/5c74b710-f2b8-45a0-8bbb-8b3c49d26627",
        "mkopecki/chess-lora-adapter-fp-llama-3.1-8b"
    ],
    "valid_accuracy": 1.0,
    "test_accuracy": 0.9226044226044227,
    "weights": [
        0.5013914889600991,
        0.37451902188049724,
        -0.05217435056454484,
        0.5212270168442902,
        0.5042003048950278,
        0.006494100288163628,
        -0.002562036966167922,
        -0.010693399772935519,
        -0.0007435363283465624,
        -0.00987814730535548,
        -0.00037177202681705284,
        -0.002481392235232606,
        -0.002734581706828977,
        -0.004142637831284243,
        -0.026307482333800338,
        -0.01677161761960507,
        -0.004512970490334957,
        -0.002006790347392208,
        -0.025633874079632583,
        -5.27402711949921e-05
    ]
}