{
    "task": "ade_corpus_v2",
    "expert_name": [
        "r-three/lora_baseline_lr3e-4_step400_rank64_ade_corpus_v2",
        "leedahyeon/0221_gamsa_test_cp3000",
        "phungkhaccuong/afbdf303-5ec3-cb90-b17b-283c6f8ad70b",
        "CounterNarratives/Meta-Llama-3.1-8B-Instruct_english_premises_a",
        "britojr/llama3.1-sec10q_v2"
    ],
    "valid_accuracy": 0.9,
    "test_accuracy": 0.8813775510204082,
    "weights": [
        1.2358408350986987,
        0.475977319591091,
        0.5633723983382122,
        -0.1428586372841193,
        -0.05991027749814866
    ]
}