{
    "task": "unit_conversion_si_conversion",
    "expert_name": [
        "daje/model_5e-05_alpha-128_r-256",
        "LangAGI-Lab/Meta-Llama-3.1-8B-Instruct-WM-bootstrapped-16k-adapter",
        "datlaaaaaaa/cf707148-8a14-4b17-af50-c0c419a06bb2",
        "chchen/Llama-3.1-8B-Instruct-PsyCourse-info-chain-fold9",
        "chanadda/Meta-Llama-3.1-8B-Instruct-pantip",
        "yadayadayada1927/16_model",
        "Cookieeeeeeeeeeeeeee/llama_custom_zero",
        "thaffggg/f11180f1-1b9d-4b3c-8eee-94e554cf0f06",
        "hongngo/612beea2-1e23-46e9-b772-5d201f773304",
        "barc0/induction-run2-gpt4omini-20k-100seeds-barc-llama3.1-8b-instruct-lora64_lr2e-4_epoch3"
    ],
    "valid_accuracy": 0.15,
    "test_accuracy": 0.19333333333333333,
    "weights": [
        -0.35743621340020915,
        0.37549514775653775,
        0.2960508097548519,
        0.9648703958029092,
        0.5598266761151354,
        1.0087563703698443,
        -0.027651264699825033,
        -0.2773429261843715,
        0.5230460504561042,
        -0.7834462396672931
    ]
}