{
    "task": "cryptonews_articles",
    "expert_name": [
        "r-three/lora_baseline_lr3e-4_step400_rank64_cryptonews_articles",
        "tanatapanun/Meta-Llama-3.1-8B-Instruct-NoteChat-32r-train-dataset-1-epochs-document-prompt-token-4096",
        "leedahyeon/0221_all_llama31_docs_cp3500",
        "minhtrannnn/0d5d4d02-c5c0-4607-b69a-0ddd8845e6f7",
        "robiulawaldev/da92a142-8a96-438e-80b3-13cf5e027f66",
        "gotzmann/1JV44C2nd",
        "chchen/Llama-3.1-8B-Instruct-PsyCourse-doc-info-fold8",
        "daje/model_2e-4",
        "laquythang/07d7800a-5441-44b2-8e4b-5b1f2fb61a61",
        "prxy5606/98345738-30aa-41c4-bf69-2392a1ce4d0a"
    ],
    "valid_accuracy": 0.5,
    "test_accuracy": 0.6524,
    "weights": [
        0.49431310724972316,
        0.2507066716944735,
        0.5073787347992206,
        -0.006058420426310856,
        0.5016036904731384,
        0.5003389284071081,
        -0.0020206954921472503,
        -0.0015926127176552306,
        -0.0016601595594153418,
        -0.029022113586001604
    ]
}