{
    "task": "unit_conversion_si_conversion",
    "expert_name": [
        "leedahyeon/0221_gamsa_test_cp3000",
        "phungkhaccuong/afbdf303-5ec3-cb90-b17b-283c6f8ad70b",
        "CounterNarratives/Meta-Llama-3.1-8B-Instruct_english_premises_a",
        "britojr/llama3.1-sec10q_v2",
        "Atharva-07/classification_task"
    ],
    "valid_accuracy": 0.15,
    "test_accuracy": 0.04666666666666667,
    "weights": [
        0.12363847224697587,
        0.003776313368543156,
        0.0034129744129938007,
        0.5189394627960473,
        -0.0017145029426079092
    ]
}