{
    "task": "xnli_fr",
    "expert_name": [
        "r-three/lora_baseline_lr3e-4_step400_rank64_xnli_fr",
        "leedahyeon/0221_gamsa_test_cp3000",
        "phungkhaccuong/afbdf303-5ec3-cb90-b17b-283c6f8ad70b",
        "CounterNarratives/Meta-Llama-3.1-8B-Instruct_english_premises_a",
        "britojr/llama3.1-sec10q_v2"
    ],
    "valid_accuracy": 0.9,
    "test_accuracy": 0.7406,
    "weights": [
        0.88391561492641,
        0.5338289295638949,
        0.0219425731320834,
        0.0006292633315543796,
        -0.003828756207338057
    ]
}