{
    "task": "quail",
    "expert_name": [
        "r-three/lora_baseline_lr3e-4_step400_rank64_quail",
        "leedahyeon/0221_gamsa_test_cp3000",
        "phungkhaccuong/afbdf303-5ec3-cb90-b17b-283c6f8ad70b",
        "CounterNarratives/Meta-Llama-3.1-8B-Instruct_english_premises_a",
        "britojr/llama3.1-sec10q_v2",
        "Atharva-07/classification_task",
        "aleegis10/8ed9fe91-c2b5-42ca-8efb-927b4c8fbf45",
        "robiulawaldev/da92a142-8a96-438e-80b3-13cf5e027f66",
        "LangAGI-Lab/Meta-Llama-3.1-8B-Instruct-WM-acctree-16k-75-adapter-new",
        "clembench-playpen/Llama-3-Clembench-Runs-Successful-Episodes_Top_10_Models_Individual_QA_adapted_image_game",
        "Yossim/fine_tuned_llama2",
        "duyphu/e1bc4b5a-5af6-4ce2-be2d-622344438659",
        "tanatapanun/Meta-Llama-3.1-8B-Instruct-NoteChat-32r-train-dataset-1-epochs-document-prompt-token-4096",
        "developerssy/Meta-Llama-3.1-8B-skills",
        "ncbateman/65eaec89-ddb3-4b65-866f-c621f95eea55",
        "hansh/hansken_human_hql",
        "minhtrannnn/3f048b0f-bb1e-4f5d-b68c-679dc5f1dd96",
        "nhunglaaaaaaa/8efc2e7d-f7f6-46a4-83bd-bf5ae190a347",
        "datlaaaaaaa/5c74b710-f2b8-45a0-8bbb-8b3c49d26627",
        "mkopecki/chess-lora-adapter-fp-llama-3.1-8b"
    ],
    "valid_accuracy": 0.75,
    "test_accuracy": 0.7151219512195122,
    "weights": [
        0.8751934269978654,
        0.6143214244670739,
        -0.2768382771270079,
        0.4865432627346562,
        0.008910485822464408,
        -0.004366544349927406,
        0.027976758467797642,
        -0.018233058252786125,
        0.5401091792535802,
        -0.03710768792959642,
        -0.02973994914383237,
        -0.005793298641131796,
        -0.020880034053688837,
        -0.006051722010777448,
        -0.006236690191386643,
        -0.042271654194702135,
        -0.00260098508864299,
        0.0002872988536451633,
        -0.032474441728446976,
        0.799328441409617
    ]
}