{
    "task": "disfl_qa",
    "expert_name": [
        "daje/model_5e-05_alpha-128_r-256",
        "LangAGI-Lab/Meta-Llama-3.1-8B-Instruct-WM-bootstrapped-16k-adapter",
        "datlaaaaaaa/cf707148-8a14-4b17-af50-c0c419a06bb2",
        "chchen/Llama-3.1-8B-Instruct-PsyCourse-info-chain-fold9",
        "chanadda/Meta-Llama-3.1-8B-Instruct-pantip"
    ],
    "valid_accuracy": 0.05,
    "test_accuracy": 0.03875,
    "weights": [
        0.2717250656481306,
        1.2770159344652663,
        0.5367125775548555,
        0.45024827402664247,
        1.054589234901301
    ]
}