{
    "task": "xnli_es",
    "expert_name": [
        "r-three/lora_baseline_lr3e-4_step400_rank64_xnli_es",
        "daje/model_5e-05_alpha-128_r-256",
        "LangAGI-Lab/Meta-Llama-3.1-8B-Instruct-WM-bootstrapped-16k-adapter",
        "datlaaaaaaa/cf707148-8a14-4b17-af50-c0c419a06bb2",
        "chchen/Llama-3.1-8B-Instruct-PsyCourse-info-chain-fold9",
        "chanadda/Meta-Llama-3.1-8B-Instruct-pantip",
        "yadayadayada1927/16_model",
        "Cookieeeeeeeeeeeeeee/llama_custom_zero",
        "thaffggg/f11180f1-1b9d-4b3c-8eee-94e554cf0f06",
        "hongngo/612beea2-1e23-46e9-b772-5d201f773304",
        "barc0/induction-run2-gpt4omini-20k-100seeds-barc-llama3.1-8b-instruct-lora64_lr2e-4_epoch3",
        "clembench-playpen/llama-3.1-8B-Instruct-multi-step-collator_playpen_SFT-e3_DFINAL_0.7K-steps",
        "daje/model_2e-4_alpha-8_r-16",
        "Ozaii/Zephyrr",
        "chchen/Llama-3.1-8B-Instruct-PsyCourse-fold3",
        "thalllsssss/00a4666d-12ae-4972-9753-306a02cf9512",
        "nomadrp/tq-llama-sft-belebele",
        "lucy666/llama3.1-8B-Concise",
        "femT-data/llama-3.1-Instruct-finetuned-NER",
        "prxy5607/f59b404a-1d76-4c38-98b7-5a73c0ecea6e"
    ],
    "valid_accuracy": 0.75,
    "test_accuracy": 0.6968,
    "weights": [
        0.9688360500475995,
        0.6674346578931624,
        0.5129808867505603,
        0.5271781303780644,
        0.05627219024528763,
        0.056467440758848096,
        -0.24627898387940136,
        0.05410417492983784,
        0.558477028418927,
        0.5013016333537158,
        0.5072009195529293,
        -0.02081515227048147,
        -0.03002644589331325,
        -0.0038271499705085483,
        -0.009984074912533435,
        -0.014435776033319097,
        -0.004109895434957186,
        -0.007038388148231465,
        -0.025439039159635007,
        -0.014197067930085181
    ]
}