{
    "task": "unarxive_imrad_clf",
    "expert_name": [
        "r-three/lora_baseline_lr3e-4_step400_rank64_unarxive_imrad_clf",
        "tanatapanun/Meta-Llama-3.1-8B-Instruct-NoteChat-32r-train-dataset-1-epochs-document-prompt-token-4096",
        "leedahyeon/0221_all_llama31_docs_cp3500",
        "minhtrannnn/0d5d4d02-c5c0-4607-b69a-0ddd8845e6f7",
        "robiulawaldev/da92a142-8a96-438e-80b3-13cf5e027f66",
        "gotzmann/1JV44C2nd",
        "chchen/Llama-3.1-8B-Instruct-PsyCourse-doc-info-fold8",
        "daje/model_2e-4",
        "laquythang/07d7800a-5441-44b2-8e4b-5b1f2fb61a61",
        "prxy5606/98345738-30aa-41c4-bf69-2392a1ce4d0a"
    ],
    "valid_accuracy": 0.65,
    "test_accuracy": 0.6593053603694037,
    "weights": [
        0.9310307577264587,
        -0.16380563452509306,
        0.45121255208017064,
        -0.5304041489735708,
        -0.21630027071125865,
        -0.043320596182907,
        0.5672635330319675,
        -0.19148902324829792,
        0.05124198087760796,
        0.4035652201572301
    ]
}