{
    "task": "super_glue_wsc",
    "expert_name": [
        "leedahyeon/0221_gamsa_test_cp3000",
        "phungkhaccuong/afbdf303-5ec3-cb90-b17b-283c6f8ad70b",
        "CounterNarratives/Meta-Llama-3.1-8B-Instruct_english_premises_a",
        "britojr/llama3.1-sec10q_v2",
        "Atharva-07/classification_task"
    ],
    "valid_accuracy": 0.55,
    "test_accuracy": 0.5357142857142857,
    "weights": [
        -0.01293748395201243,
        -0.00041363063830223454,
        -0.0292373310345182,
        0.766707413882542,
        1.1204226582493628
    ]
}