{
    "task": "intersect_geometry",
    "expert_name": [
        "r-three/lora_baseline_lr3e-4_step400_rank64_intersect_geometry",
        "daje/model_5e-05_alpha-128_r-256",
        "LangAGI-Lab/Meta-Llama-3.1-8B-Instruct-WM-bootstrapped-16k-adapter",
        "datlaaaaaaa/cf707148-8a14-4b17-af50-c0c419a06bb2",
        "chchen/Llama-3.1-8B-Instruct-PsyCourse-info-chain-fold9"
    ],
    "valid_accuracy": 0.2,
    "test_accuracy": 0.178,
    "weights": [
        0.9539141712301245,
        0.6887706800283734,
        0.47240847911203293,
        0.5624115317535335,
        -0.0450055919242711
    ]
}