{
    "task": "medmcqa",
    "expert_name": [
        "r-three/lora_baseline_lr3e-4_step400_rank64_medmcqa",
        "daje/model_5e-05_alpha-128_r-256",
        "LangAGI-Lab/Meta-Llama-3.1-8B-Instruct-WM-bootstrapped-16k-adapter",
        "datlaaaaaaa/cf707148-8a14-4b17-af50-c0c419a06bb2",
        "chchen/Llama-3.1-8B-Instruct-PsyCourse-info-chain-fold9",
        "chanadda/Meta-Llama-3.1-8B-Instruct-pantip",
        "yadayadayada1927/16_model",
        "Cookieeeeeeeeeeeeeee/llama_custom_zero",
        "thaffggg/f11180f1-1b9d-4b3c-8eee-94e554cf0f06",
        "hongngo/612beea2-1e23-46e9-b772-5d201f773304",
        "barc0/induction-run2-gpt4omini-20k-100seeds-barc-llama3.1-8b-instruct-lora64_lr2e-4_epoch3",
        "clembench-playpen/llama-3.1-8B-Instruct-multi-step-collator_playpen_SFT-e3_DFINAL_0.7K-steps",
        "daje/model_2e-4_alpha-8_r-16",
        "Ozaii/Zephyrr",
        "chchen/Llama-3.1-8B-Instruct-PsyCourse-fold3",
        "thalllsssss/00a4666d-12ae-4972-9753-306a02cf9512",
        "nomadrp/tq-llama-sft-belebele",
        "lucy666/llama3.1-8B-Concise",
        "femT-data/llama-3.1-Instruct-finetuned-NER",
        "prxy5607/f59b404a-1d76-4c38-98b7-5a73c0ecea6e"
    ],
    "valid_accuracy": 0.3,
    "test_accuracy": 0.624,
    "weights": [
        0.49052279471126153,
        0.482767990560493,
        0.4910977380861195,
        0.49397641343164733,
        0.4894317720351443,
        0.0016268915344861618,
        0.4731885521766299,
        -0.006513932397687152,
        0.5261754522177599,
        -0.11210338961341361,
        0.0023883237412574664,
        0.4329241520686569,
        -0.004499769123571161,
        -0.005673931014090609,
        -0.020457831255654767,
        0.46487219701757654,
        -0.003540150030130932,
        0.5079465633705398,
        -0.027554667493644273,
        0.033241810744583045
    ]
}