{
    "task": "tweet_eval_hate",
    "expert_name": [
        "r-three/lora_baseline_lr3e-4_step400_rank64_tweet_eval_hate",
        "leedahyeon/0221_gamsa_test_cp3000",
        "phungkhaccuong/afbdf303-5ec3-cb90-b17b-283c6f8ad70b",
        "CounterNarratives/Meta-Llama-3.1-8B-Instruct_english_premises_a",
        "britojr/llama3.1-sec10q_v2"
    ],
    "valid_accuracy": 0.6,
    "test_accuracy": 0.561952861952862,
    "weights": [
        0.8288439257853558,
        0.11852810508951958,
        0.23701124902369922,
        -0.04911707692588678,
        0.011706098799007698
    ]
}