{
    "task": "xnli_es",
    "expert_name": [
        "r-three/lora_baseline_10_lr3e-4_step100_rank64_xnli_es",
        "tanatapanun/Meta-Llama-3.1-8B-Instruct-NoteChat-32r-train-dataset-1-epochs-document-prompt-token-4096",
        "leedahyeon/0221_all_llama31_docs_cp3500",
        "minhtrannnn/0d5d4d02-c5c0-4607-b69a-0ddd8845e6f7",
        "robiulawaldev/da92a142-8a96-438e-80b3-13cf5e027f66",
        "gotzmann/1JV44C2nd",
        "chchen/Llama-3.1-8B-Instruct-PsyCourse-doc-info-fold8",
        "daje/model_2e-4",
        "laquythang/07d7800a-5441-44b2-8e4b-5b1f2fb61a61",
        "prxy5606/98345738-30aa-41c4-bf69-2392a1ce4d0a",
        "LangAGI-Lab/Meta-Llama-3.1-8B-Instruct-WM-bootstrapped-16k-adapter",
        "myhaaaaaaa/2bd8eab3-2f15-4917-83d4-5245c3b84852",
        "CharlesLi/llama_3_unsafe_helpful",
        "mohmzm/llama_3_1_8b_instruct_document_relevance_test",
        "chchen/Llama-3.1-8B-Instruct-SAA-700",
        "GaetanMichelet/Llama-31-8B_task-2_180-samples_config-1_full",
        "EdBergJr/tablets_baha_arabic",
        "GaetanMichelet/Llama-31-8B_task-1_60-samples_config-1_full_auto",
        "nomadrp/tq-6-langs",
        "0x1202/0fa06e19-bb47-4f8b-9cc3-fa3e8c3c0982",
        "nhung03/8807e2a5-ff05-45b2-ab4b-a170e19c24b6",
        "npark95/qlora_llama3_0shot",
        "clembench-playpen/meta-llama-Meta-Llama-3.1-8B-Instruct_SFT_E1_D60006",
        "RoeReRe/Meta-LLama-3.1-8B-Instruct-Finetuned-Bias-4.5K",
        "estrogen/L3.1-8b-Ink-ep1-adpt",
        "Nevil9/PsyLlama",
        "MoreWrong/studybuddy",
        "clembench-playpen/meta-llama-Meta-Llama-3.1-8B-Instruct_SFT_D90003",
        "clembench-playpen/meta-llama-Meta-Llama-3.1-8B-Instruct_SFT_E1_D90000",
        "diagonalge/4ff3f177-6bb4-406d-b6ba-5fd891aee612"
    ],
    "train+valid_accuracy": 1.0,
    "test_accuracy": 0.5392,
    "weights": [
        0.5208082411935323,
        0.49399935251726856,
        0.4998382217391641,
        8.148055142278668e-05,
        0.0006389503886707494,
        8.041099825491436e-05,
        8.288910551529528e-05,
        0.0002111238760694195,
        0.00012550472718701814,
        -0.00032530192919241735,
        -0.00011214102558433585,
        -0.0001854005121377305,
        -0.00014386265776062556,
        0.0046621463325117515,
        -0.00014142150325279672,
        -0.00015514698130709222,
        -0.0002630793705847142,
        -0.0002852418103723493,
        -6.844090747333125e-05,
        -0.0002744250697090696,
        -0.0002469076353909277,
        -0.00012907491405057163,
        -0.0005474001851427184,
        -0.00029928376654658637,
        0.0003688494012275335,
        0.00022851778131962962,
        -0.0002996454254283804,
        -0.012984758300217296,
        0.00025445915178318374,
        -0.00024097458130827368
    ]
}