{
    "task": "anli",
    "expert_name": [
        "leedahyeon/0221_gamsa_test_cp3000",
        "phungkhaccuong/afbdf303-5ec3-cb90-b17b-283c6f8ad70b",
        "CounterNarratives/Meta-Llama-3.1-8B-Instruct_english_premises_a",
        "britojr/llama3.1-sec10q_v2",
        "Atharva-07/classification_task"
    ],
    "valid_accuracy": 0.35,
    "test_accuracy": 0.415,
    "weights": [
        -0.0043904011936498665,
        0.37615056391757024,
        0.37729663329164137,
        0.4668067057554602,
        -0.04877673533670818
    ]
}