{
    "task": "super_glue_copa",
    "expert_name": [
        "r-three/lora_baseline_lr3e-4_step400_rank64_super_glue_copa",
        "daje/model_5e-05_alpha-128_r-256",
        "LangAGI-Lab/Meta-Llama-3.1-8B-Instruct-WM-bootstrapped-16k-adapter",
        "datlaaaaaaa/cf707148-8a14-4b17-af50-c0c419a06bb2",
        "chchen/Llama-3.1-8B-Instruct-PsyCourse-info-chain-fold9",
        "chanadda/Meta-Llama-3.1-8B-Instruct-pantip",
        "yadayadayada1927/16_model",
        "Cookieeeeeeeeeeeeeee/llama_custom_zero",
        "thaffggg/f11180f1-1b9d-4b3c-8eee-94e554cf0f06",
        "hongngo/612beea2-1e23-46e9-b772-5d201f773304",
        "barc0/induction-run2-gpt4omini-20k-100seeds-barc-llama3.1-8b-instruct-lora64_lr2e-4_epoch3",
        "clembench-playpen/llama-3.1-8B-Instruct-multi-step-collator_playpen_SFT-e3_DFINAL_0.7K-steps",
        "daje/model_2e-4_alpha-8_r-16",
        "Ozaii/Zephyrr",
        "chchen/Llama-3.1-8B-Instruct-PsyCourse-fold3",
        "thalllsssss/00a4666d-12ae-4972-9753-306a02cf9512",
        "nomadrp/tq-llama-sft-belebele",
        "lucy666/llama3.1-8B-Concise",
        "femT-data/llama-3.1-Instruct-finetuned-NER",
        "prxy5607/f59b404a-1d76-4c38-98b7-5a73c0ecea6e"
    ],
    "valid_accuracy": 1.0,
    "test_accuracy": 0.975,
    "weights": [
        0.636512952707812,
        0.46788935876129956,
        0.00022289415428854034,
        -0.0003447689500814448,
        -0.00040310465480990145,
        -0.0002371680708794816,
        -0.000654992889451106,
        -0.0003624822235084861,
        0.000226765220358025,
        -0.0004199363993373829,
        -0.00027685906869454713,
        -0.0005857575197170685,
        -0.0003154806019051547,
        -0.00040734650827108435,
        -0.0004856753175082639,
        -0.00037232872553898534,
        -0.0014536010729117883,
        -0.0005215219628051315,
        -0.00041416438987806745,
        -0.0003798241682275951
    ]
}