{
    "task": "xnli_hi",
    "expert_name": [
        "r-three/lora_baseline_lr3e-4_step400_rank64_xnli_hi",
        "tanatapanun/Meta-Llama-3.1-8B-Instruct-NoteChat-32r-train-dataset-1-epochs-document-prompt-token-4096",
        "leedahyeon/0221_all_llama31_docs_cp3500",
        "minhtrannnn/0d5d4d02-c5c0-4607-b69a-0ddd8845e6f7",
        "robiulawaldev/da92a142-8a96-438e-80b3-13cf5e027f66",
        "gotzmann/1JV44C2nd",
        "chchen/Llama-3.1-8B-Instruct-PsyCourse-doc-info-fold8",
        "daje/model_2e-4",
        "laquythang/07d7800a-5441-44b2-8e4b-5b1f2fb61a61",
        "prxy5606/98345738-30aa-41c4-bf69-2392a1ce4d0a",
        "LangAGI-Lab/Meta-Llama-3.1-8B-Instruct-WM-bootstrapped-16k-adapter",
        "myhaaaaaaa/2bd8eab3-2f15-4917-83d4-5245c3b84852",
        "CharlesLi/llama_3_unsafe_helpful",
        "mohmzm/llama_3_1_8b_instruct_document_relevance_test",
        "chchen/Llama-3.1-8B-Instruct-SAA-700",
        "GaetanMichelet/Llama-31-8B_task-2_180-samples_config-1_full",
        "EdBergJr/tablets_baha_arabic",
        "GaetanMichelet/Llama-31-8B_task-1_60-samples_config-1_full_auto",
        "nomadrp/tq-6-langs",
        "0x1202/0fa06e19-bb47-4f8b-9cc3-fa3e8c3c0982"
    ],
    "valid_accuracy": 0.6,
    "test_accuracy": 0.5992,
    "weights": [
        0.8696437019127676,
        0.25860695039428877,
        0.21250683133639134,
        -0.25966917750163815,
        -0.1654691954867066,
        0.3438314480516784,
        -0.4446821402653678,
        -0.040512370538865215,
        0.5905836983838233,
        0.24921854581806674,
        0.2290329575661799,
        -0.2516866503345407,
        -0.14306636765929434,
        -0.047258753657477524,
        -0.35895005757353987,
        0.13175722962796801,
        -0.11907071950366135,
        -0.17762069228058983,
        -0.4173262676874741,
        -0.17310815215291472
    ]
}