{
    "task": "arc_challenge",
    "expert_name": [
        "r-three/lora_baseline_lr3e-4_step400_rank64_arc_challenge",
        "daje/model_5e-05_alpha-128_r-256",
        "LangAGI-Lab/Meta-Llama-3.1-8B-Instruct-WM-bootstrapped-16k-adapter",
        "datlaaaaaaa/cf707148-8a14-4b17-af50-c0c419a06bb2",
        "chchen/Llama-3.1-8B-Instruct-PsyCourse-info-chain-fold9",
        "chanadda/Meta-Llama-3.1-8B-Instruct-pantip",
        "yadayadayada1927/16_model",
        "Cookieeeeeeeeeeeeeee/llama_custom_zero",
        "thaffggg/f11180f1-1b9d-4b3c-8eee-94e554cf0f06",
        "hongngo/612beea2-1e23-46e9-b772-5d201f773304"
    ],
    "valid_accuracy": 0.75,
    "test_accuracy": 0.7312286689419796,
    "weights": [
        1.3993716248966077,
        -0.2840888564381716,
        -0.3622007997366058,
        0.4398145998646632,
        0.679826986031534,
        -0.32011124753738346,
        0.06515267494578973,
        -0.003727261705921653,
        1.1125007148293897,
        0.4910304469528052
    ]
}