{
    "task": "medmcqa",
    "expert_name": [
        "r-three/lora_baseline_lr3e-4_step400_rank64_medmcqa",
        "leedahyeon/0221_gamsa_test_cp3000",
        "phungkhaccuong/afbdf303-5ec3-cb90-b17b-283c6f8ad70b",
        "CounterNarratives/Meta-Llama-3.1-8B-Instruct_english_premises_a",
        "britojr/llama3.1-sec10q_v2",
        "Atharva-07/classification_task",
        "aleegis10/8ed9fe91-c2b5-42ca-8efb-927b4c8fbf45",
        "robiulawaldev/da92a142-8a96-438e-80b3-13cf5e027f66",
        "LangAGI-Lab/Meta-Llama-3.1-8B-Instruct-WM-acctree-16k-75-adapter-new",
        "clembench-playpen/Llama-3-Clembench-Runs-Successful-Episodes_Top_10_Models_Individual_QA_adapted_image_game",
        "Yossim/fine_tuned_llama2",
        "duyphu/e1bc4b5a-5af6-4ce2-be2d-622344438659",
        "tanatapanun/Meta-Llama-3.1-8B-Instruct-NoteChat-32r-train-dataset-1-epochs-document-prompt-token-4096",
        "developerssy/Meta-Llama-3.1-8B-skills",
        "ncbateman/65eaec89-ddb3-4b65-866f-c621f95eea55",
        "hansh/hansken_human_hql",
        "minhtrannnn/3f048b0f-bb1e-4f5d-b68c-679dc5f1dd96",
        "nhunglaaaaaaa/8efc2e7d-f7f6-46a4-83bd-bf5ae190a347",
        "datlaaaaaaa/5c74b710-f2b8-45a0-8bbb-8b3c49d26627",
        "mkopecki/chess-lora-adapter-fp-llama-3.1-8b"
    ],
    "valid_accuracy": 0.55,
    "test_accuracy": 0.65,
    "weights": [
        0.8012302772575607,
        0.32298734057305506,
        0.06353747330713573,
        0.4934282144540099,
        -0.007580312927187101,
        0.45553076338114107,
        0.5756878218268235,
        -0.1235732558715699,
        -0.06821637657273312,
        -0.0899249550436523,
        0.21084626587490693,
        0.44627456322077613,
        -0.018518312362044428,
        0.006758985844451884,
        -0.01667156953158616,
        -0.03264242313058387,
        0.020979832569310516,
        0.49183624712021895,
        0.012720038833058464,
        0.044451899876622944
    ]
}