{
    "task": "quail",
    "expert_name": [
        "tanatapanun/Meta-Llama-3.1-8B-Instruct-NoteChat-32r-train-dataset-1-epochs-document-prompt-token-4096",
        "leedahyeon/0221_all_llama31_docs_cp3500",
        "minhtrannnn/0d5d4d02-c5c0-4607-b69a-0ddd8845e6f7",
        "robiulawaldev/da92a142-8a96-438e-80b3-13cf5e027f66",
        "gotzmann/1JV44C2nd"
    ],
    "valid_accuracy": 0.35,
    "test_accuracy": 0.27219512195121953,
    "weights": [
        0.9813655252857288,
        0.05239148697060625,
        0.775970862257724,
        0.8225938934869463,
        0.48513717383469784
    ]
}