{
    "task": "mnist_ascii",
    "expert_name": [
        "r-three/lora_baseline_lr3e-4_step400_rank64_mnist_ascii",
        "daje/model_5e-05_alpha-128_r-256",
        "LangAGI-Lab/Meta-Llama-3.1-8B-Instruct-WM-bootstrapped-16k-adapter",
        "datlaaaaaaa/cf707148-8a14-4b17-af50-c0c419a06bb2",
        "chchen/Llama-3.1-8B-Instruct-PsyCourse-info-chain-fold9",
        "chanadda/Meta-Llama-3.1-8B-Instruct-pantip",
        "yadayadayada1927/16_model",
        "Cookieeeeeeeeeeeeeee/llama_custom_zero",
        "thaffggg/f11180f1-1b9d-4b3c-8eee-94e554cf0f06",
        "hongngo/612beea2-1e23-46e9-b772-5d201f773304",
        "barc0/induction-run2-gpt4omini-20k-100seeds-barc-llama3.1-8b-instruct-lora64_lr2e-4_epoch3",
        "clembench-playpen/llama-3.1-8B-Instruct-multi-step-collator_playpen_SFT-e3_DFINAL_0.7K-steps",
        "daje/model_2e-4_alpha-8_r-16",
        "Ozaii/Zephyrr",
        "chchen/Llama-3.1-8B-Instruct-PsyCourse-fold3",
        "thalllsssss/00a4666d-12ae-4972-9753-306a02cf9512",
        "nomadrp/tq-llama-sft-belebele",
        "lucy666/llama3.1-8B-Concise",
        "femT-data/llama-3.1-Instruct-finetuned-NER",
        "prxy5607/f59b404a-1d76-4c38-98b7-5a73c0ecea6e",
        "cshbi/fine_tune_output_eie_3.1",
        "Alphatao/9176ae39-6635-4492-ae61-927f06585355",
        "minhtrannnn/3f048b0f-bb1e-4f5d-b68c-679dc5f1dd96",
        "XicoC/llama381binstruct_summarize_short",
        "chchen/Llama-3.1-8B-Instruct-SFT-1000",
        "leedahyeon/0219_all_llama31_cp3500",
        "ciloku/ceee306b-b546-42b7-99ba-fef7fcc1bd26",
        "chauhoang/a7b71eb1-db0f-4c12-ae7f-75544046c341",
        "GaetanMichelet/Llama-31-8B_task-3_180-samples_config-1",
        "Hiranmai49/Llama-3.1-8B-Instruct-contracts-pretrainLlama3.18b"
    ],
    "valid_accuracy": 0.15,
    "test_accuracy": 0.1396,
    "weights": [
        0.7243578866930107,
        0.3540068201047937,
        0.5828803847576223,
        0.766794732143542,
        0.1797097202873959,
        0.5533539839724897,
        -0.05965333518796227,
        -0.008673896188855784,
        0.3873449318161535,
        0.11101861634209916,
        0.07579356002702219,
        0.09811808749015352,
        -0.004025393498651234,
        0.12809742186363035,
        0.1243718848255454,
        0.12683548984850537,
        0.12424403370425618,
        0.6362314313557671,
        0.5019422105083732,
        -0.021689204102308693,
        0.5026551160126224,
        -0.07637887626463312,
        -0.015907527709614802,
        0.5099518760172097,
        0.5144955326992593,
        -0.05330158945644959,
        -0.034289075579250275,
        0.5183763403011051,
        -0.00679247607231819,
        -0.04817925500596943
    ]
}