{
    "task": "stackoverflow_questions",
    "expert_name": [
        "daje/model_5e-05_alpha-128_r-256",
        "LangAGI-Lab/Meta-Llama-3.1-8B-Instruct-WM-bootstrapped-16k-adapter",
        "datlaaaaaaa/cf707148-8a14-4b17-af50-c0c419a06bb2",
        "chchen/Llama-3.1-8B-Instruct-PsyCourse-info-chain-fold9",
        "chanadda/Meta-Llama-3.1-8B-Instruct-pantip",
        "yadayadayada1927/16_model",
        "Cookieeeeeeeeeeeeeee/llama_custom_zero",
        "thaffggg/f11180f1-1b9d-4b3c-8eee-94e554cf0f06",
        "hongngo/612beea2-1e23-46e9-b772-5d201f773304",
        "barc0/induction-run2-gpt4omini-20k-100seeds-barc-llama3.1-8b-instruct-lora64_lr2e-4_epoch3"
    ],
    "valid_accuracy": 0.2631578947368421,
    "test_accuracy": 0.24668975351395397,
    "weights": [
        0.5094292633567884,
        0.48505419338380074,
        0.49734269766401407,
        0.5082273297889337,
        0.5040409569917549,
        0.49935255650066046,
        -0.005296141715892624,
        0.004860867119792331,
        -0.011701581626519714,
        -0.0057104264894611905
    ]
}