{
    "task": "arc_challenge",
    "expert_name": [
        "daje/model_5e-05_alpha-128_r-256",
        "LangAGI-Lab/Meta-Llama-3.1-8B-Instruct-WM-bootstrapped-16k-adapter",
        "datlaaaaaaa/cf707148-8a14-4b17-af50-c0c419a06bb2",
        "chchen/Llama-3.1-8B-Instruct-PsyCourse-info-chain-fold9",
        "chanadda/Meta-Llama-3.1-8B-Instruct-pantip"
    ],
    "valid_accuracy": 0.65,
    "test_accuracy": 0.7056313993174061,
    "weights": [
        0.00040700506072970403,
        0.0011538581096127126,
        0.00021398854807122027,
        0.001738610892027125,
        -0.00043016073740388124
    ]
}