{
    "task": "unit_conversion_si_conversion",
    "expert_name": [
        "r-three/lora_baseline_lr3e-4_step400_rank64_unit_conversion_si_conversion",
        "tanatapanun/Meta-Llama-3.1-8B-Instruct-NoteChat-32r-train-dataset-1-epochs-document-prompt-token-4096",
        "leedahyeon/0221_all_llama31_docs_cp3500",
        "minhtrannnn/0d5d4d02-c5c0-4607-b69a-0ddd8845e6f7",
        "robiulawaldev/da92a142-8a96-438e-80b3-13cf5e027f66",
        "gotzmann/1JV44C2nd",
        "chchen/Llama-3.1-8B-Instruct-PsyCourse-doc-info-fold8",
        "daje/model_2e-4",
        "laquythang/07d7800a-5441-44b2-8e4b-5b1f2fb61a61",
        "prxy5606/98345738-30aa-41c4-bf69-2392a1ce4d0a"
    ],
    "valid_accuracy": 0.2,
    "test_accuracy": 0.16,
    "weights": [
        0.4580551360757749,
        0.42915302905334246,
        0.4102334462254288,
        0.003418003218207048,
        -0.04516953838067746,
        0.02406834035446408,
        -0.005710516427492634,
        0.49830172219867475,
        -0.005714565940315561,
        -0.046516861370833995
    ]
}