{
    "task": "super_glue_rte",
    "expert_name": [
        "r-three/lora_baseline_lr3e-4_step400_rank64_super_glue_rte",
        "daje/model_5e-05_alpha-128_r-256",
        "LangAGI-Lab/Meta-Llama-3.1-8B-Instruct-WM-bootstrapped-16k-adapter",
        "datlaaaaaaa/cf707148-8a14-4b17-af50-c0c419a06bb2",
        "chchen/Llama-3.1-8B-Instruct-PsyCourse-info-chain-fold9",
        "chanadda/Meta-Llama-3.1-8B-Instruct-pantip",
        "yadayadayada1927/16_model",
        "Cookieeeeeeeeeeeeeee/llama_custom_zero",
        "thaffggg/f11180f1-1b9d-4b3c-8eee-94e554cf0f06",
        "hongngo/612beea2-1e23-46e9-b772-5d201f773304",
        "barc0/induction-run2-gpt4omini-20k-100seeds-barc-llama3.1-8b-instruct-lora64_lr2e-4_epoch3",
        "clembench-playpen/llama-3.1-8B-Instruct-multi-step-collator_playpen_SFT-e3_DFINAL_0.7K-steps",
        "daje/model_2e-4_alpha-8_r-16",
        "Ozaii/Zephyrr",
        "chchen/Llama-3.1-8B-Instruct-PsyCourse-fold3",
        "thalllsssss/00a4666d-12ae-4972-9753-306a02cf9512",
        "nomadrp/tq-llama-sft-belebele",
        "lucy666/llama3.1-8B-Concise",
        "femT-data/llama-3.1-Instruct-finetuned-NER",
        "prxy5607/f59b404a-1d76-4c38-98b7-5a73c0ecea6e"
    ],
    "valid_accuracy": 0.9,
    "test_accuracy": 0.8393574297188755,
    "weights": [
        1.2300779948432943,
        -0.17180457620484754,
        1.3288405659956692,
        0.43837357105994024,
        0.41942312076831223,
        -0.20754194553805555,
        -0.2027692997232542,
        0.18749798153209407,
        0.088625464657818,
        0.022481576036222736,
        -0.011815628419709888,
        -0.09602290143225857,
        0.25456758237959454,
        0.17578929099299886,
        -0.27817001994730245,
        0.315281631353844,
        0.903688574773489,
        0.3260184711562352,
        -0.3591300727089399,
        0.030935482419803716
    ]
}