{
    "task": "multistep_arithmetic",
    "expert_name": [
        "daje/model_5e-05_alpha-128_r-256",
        "LangAGI-Lab/Meta-Llama-3.1-8B-Instruct-WM-bootstrapped-16k-adapter",
        "datlaaaaaaa/cf707148-8a14-4b17-af50-c0c419a06bb2",
        "chchen/Llama-3.1-8B-Instruct-PsyCourse-info-chain-fold9",
        "chanadda/Meta-Llama-3.1-8B-Instruct-pantip"
    ],
    "valid_accuracy": 0.15,
    "test_accuracy": 0.19666666666666666,
    "weights": [
        0.10913550034445527,
        0.1345290589088041,
        1.1300805654831911,
        1.233048467600903,
        0.9144736468433989
    ]
}