{
    "task": "xnli_hi",
    "expert_name": [
        "tanatapanun/Meta-Llama-3.1-8B-Instruct-NoteChat-32r-train-dataset-1-epochs-document-prompt-token-4096",
        "leedahyeon/0221_all_llama31_docs_cp3500",
        "minhtrannnn/0d5d4d02-c5c0-4607-b69a-0ddd8845e6f7",
        "robiulawaldev/da92a142-8a96-438e-80b3-13cf5e027f66",
        "gotzmann/1JV44C2nd"
    ],
    "valid_accuracy": 0.35,
    "test_accuracy": 0.5456,
    "weights": [
        0.6858074824374332,
        0.1531299490990231,
        1.0116510709603665,
        0.4891650779063721,
        0.6230718604689448
    ]
}