{
    "task": "multistep_arithmetic",
    "expert_name": [
        "r-three/lora_baseline_lr3e-4_step400_rank64_multistep_arithmetic",
        "leedahyeon/0221_gamsa_test_cp3000",
        "phungkhaccuong/afbdf303-5ec3-cb90-b17b-283c6f8ad70b",
        "CounterNarratives/Meta-Llama-3.1-8B-Instruct_english_premises_a",
        "britojr/llama3.1-sec10q_v2",
        "Atharva-07/classification_task",
        "aleegis10/8ed9fe91-c2b5-42ca-8efb-927b4c8fbf45",
        "robiulawaldev/da92a142-8a96-438e-80b3-13cf5e027f66",
        "LangAGI-Lab/Meta-Llama-3.1-8B-Instruct-WM-acctree-16k-75-adapter-new",
        "clembench-playpen/Llama-3-Clembench-Runs-Successful-Episodes_Top_10_Models_Individual_QA_adapted_image_game"
    ],
    "valid_accuracy": 0.15,
    "test_accuracy": 0.205,
    "weights": [
        0.8951107996756495,
        0.6415849539398196,
        0.48739597340029256,
        0.0345494485545075,
        -0.10982152778939938,
        0.023669497583572705,
        -0.02035803073579903,
        0.049741171302550624,
        0.07709637812181046,
        0.070341336109227
    ]
}