{
    "task": "ade_corpus_v2",
    "expert_name": [
        "shared_space/lora_baseline_10/lora_baseline_10_lr3e-4_step100_rank64_ade_corpus_v2/final_model",
        "tanatapanun/Meta-Llama-3.1-8B-Instruct-NoteChat-32r-train-dataset-1-epochs-document-prompt-token-4096",
        "leedahyeon/0221_all_llama31_docs_cp3500",
        "minhtrannnn/0d5d4d02-c5c0-4607-b69a-0ddd8845e6f7",
        "robiulawaldev/da92a142-8a96-438e-80b3-13cf5e027f66",
        "gotzmann/1JV44C2nd",
        "chchen/Llama-3.1-8B-Instruct-PsyCourse-doc-info-fold8",
        "daje/model_2e-4",
        "laquythang/07d7800a-5441-44b2-8e4b-5b1f2fb61a61",
        "prxy5606/98345738-30aa-41c4-bf69-2392a1ce4d0a",
        "LangAGI-Lab/Meta-Llama-3.1-8B-Instruct-WM-bootstrapped-16k-adapter",
        "myhaaaaaaa/2bd8eab3-2f15-4917-83d4-5245c3b84852",
        "CharlesLi/llama_3_unsafe_helpful",
        "mohmzm/llama_3_1_8b_instruct_document_relevance_test",
        "chchen/Llama-3.1-8B-Instruct-SAA-700",
        "GaetanMichelet/Llama-31-8B_task-2_180-samples_config-1_full",
        "EdBergJr/tablets_baha_arabic",
        "GaetanMichelet/Llama-31-8B_task-1_60-samples_config-1_full_auto",
        "nomadrp/tq-6-langs",
        "0x1202/0fa06e19-bb47-4f8b-9cc3-fa3e8c3c0982",
        "nhung03/8807e2a5-ff05-45b2-ab4b-a170e19c24b6",
        "npark95/qlora_llama3_0shot",
        "clembench-playpen/meta-llama-Meta-Llama-3.1-8B-Instruct_SFT_E1_D60006",
        "RoeReRe/Meta-LLama-3.1-8B-Instruct-Finetuned-Bias-4.5K",
        "estrogen/L3.1-8b-Ink-ep1-adpt",
        "Nevil9/PsyLlama",
        "MoreWrong/studybuddy",
        "clembench-playpen/meta-llama-Meta-Llama-3.1-8B-Instruct_SFT_D90003",
        "clembench-playpen/meta-llama-Meta-Llama-3.1-8B-Instruct_SFT_E1_D90000",
        "diagonalge/4ff3f177-6bb4-406d-b6ba-5fd891aee612"
    ],
    "train+valid_accuracy": 1.0,
    "test_accuracy": 0.8622448979591837,
    "weights": [
        0.4994603241166673,
        -3.310752744362395e-05,
        -6.8257031708550704e-06,
        -7.174921518421797e-06,
        -7.18363491312459e-06,
        -7.360321102380759e-06,
        -7.796567590257266e-06,
        -7.924454622670785e-06,
        -8.09887914380424e-06,
        -6.428843820858955e-06,
        -1.4591883673444007e-05,
        -1.2934582440745238e-05,
        -8.397798445114015e-06,
        -1.4141148378564803e-05,
        -1.4730094711764869e-05,
        -8.90850110584534e-06,
        -8.947066336261694e-06,
        -1.5932344862286175e-05,
        -9.319693713728072e-06,
        -1.5977072858721246e-05,
        -1.5418229717960244e-05,
        -1.4299478669346435e-05,
        -9.48933082007924e-06,
        -1.3636702663534165e-05,
        -1.34141048699106e-05,
        -1.4221975379472717e-05,
        -1.5693250174444786e-05,
        0.00030559111525431534,
        3.548954515839053e-05,
        -1.5142139084754784e-05
    ]
}