{
    "task": "xnli_fr",
    "expert_name": [
        "tanatapanun/Meta-Llama-3.1-8B-Instruct-NoteChat-32r-train-dataset-1-epochs-document-prompt-token-4096",
        "leedahyeon/0221_all_llama31_docs_cp3500",
        "minhtrannnn/0d5d4d02-c5c0-4607-b69a-0ddd8845e6f7",
        "robiulawaldev/da92a142-8a96-438e-80b3-13cf5e027f66",
        "gotzmann/1JV44C2nd"
    ],
    "valid_accuracy": 0.6,
    "test_accuracy": 0.5714,
    "weights": [
        0.5652123820698578,
        0.2575264177330682,
        0.6069318521145186,
        0.5924171402738289,
        -0.0030702244226678077
    ]
}