{
    "task": "glue_mnli",
    "expert_name": [
        "tanatapanun/Meta-Llama-3.1-8B-Instruct-NoteChat-32r-train-dataset-1-epochs-document-prompt-token-4096",
        "leedahyeon/0221_all_llama31_docs_cp3500",
        "minhtrannnn/0d5d4d02-c5c0-4607-b69a-0ddd8845e6f7",
        "robiulawaldev/da92a142-8a96-438e-80b3-13cf5e027f66",
        "gotzmann/1JV44C2nd",
        "chchen/Llama-3.1-8B-Instruct-PsyCourse-doc-info-fold8",
        "daje/model_2e-4",
        "laquythang/07d7800a-5441-44b2-8e4b-5b1f2fb61a61",
        "prxy5606/98345738-30aa-41c4-bf69-2392a1ce4d0a",
        "LangAGI-Lab/Meta-Llama-3.1-8B-Instruct-WM-bootstrapped-16k-adapter",
        "myhaaaaaaa/2bd8eab3-2f15-4917-83d4-5245c3b84852",
        "CharlesLi/llama_3_unsafe_helpful",
        "mohmzm/llama_3_1_8b_instruct_document_relevance_test",
        "chchen/Llama-3.1-8B-Instruct-SAA-700",
        "GaetanMichelet/Llama-31-8B_task-2_180-samples_config-1_full",
        "EdBergJr/tablets_baha_arabic",
        "GaetanMichelet/Llama-31-8B_task-1_60-samples_config-1_full_auto",
        "nomadrp/tq-6-langs",
        "0x1202/0fa06e19-bb47-4f8b-9cc3-fa3e8c3c0982",
        "nhung03/8807e2a5-ff05-45b2-ab4b-a170e19c24b6",
        "npark95/qlora_llama3_0shot",
        "clembench-playpen/meta-llama-Meta-Llama-3.1-8B-Instruct_SFT_E1_D60006",
        "RoeReRe/Meta-LLama-3.1-8B-Instruct-Finetuned-Bias-4.5K",
        "estrogen/L3.1-8b-Ink-ep1-adpt",
        "Nevil9/PsyLlama",
        "MoreWrong/studybuddy",
        "clembench-playpen/meta-llama-Meta-Llama-3.1-8B-Instruct_SFT_D90003",
        "clembench-playpen/meta-llama-Meta-Llama-3.1-8B-Instruct_SFT_E1_D90000",
        "diagonalge/4ff3f177-6bb4-406d-b6ba-5fd891aee612",
        "Kawon/llama3.1-food-finetune_v13_r8"
    ],
    "train+valid_accuracy": 0.9,
    "test_accuracy": 0.7066,
    "weights": [
        0.4253117675008644,
        -0.14917725401803492,
        0.15947432305456236,
        0.1689024458934663,
        0.19068521717351092,
        0.6665839652029464,
        0.503562421310783,
        0.4835417966927675,
        -0.007730095668176238,
        -0.0048243497119182955,
        0.4992544636646213,
        0.3082625801094884,
        0.02375007841963823,
        -0.1559433677318759,
        -0.005815366901489557,
        0.07210652584952028,
        -0.22597355028717914,
        0.6480478306689481,
        0.03730992059306889,
        0.027280572187575396,
        0.02791111406913513,
        -0.025658868106515985,
        0.5347997987303759,
        -0.016881583301167097,
        -0.016818483846244407,
        0.004002657029943585,
        0.015235675803980138,
        -0.004629373443687287,
        0.009624405119777212,
        -0.0028456427961068816
    ]
}