{
    "task": "stackoverflow_questions",
    "expert_name": [
        "r-three/lora_baseline_lr3e-4_step400_rank64_stackoverflow_questions",
        "leedahyeon/0221_gamsa_test_cp3000",
        "phungkhaccuong/afbdf303-5ec3-cb90-b17b-283c6f8ad70b",
        "CounterNarratives/Meta-Llama-3.1-8B-Instruct_english_premises_a",
        "britojr/llama3.1-sec10q_v2"
    ],
    "valid_accuracy": 0.3684210526315789,
    "test_accuracy": 0.24811570584640455,
    "weights": [
        1.0168409765142918,
        -0.005129810880585009,
        0.5255484961608091,
        0.6323520994133706,
        0.5545975919364604
    ]
}