{
    "task": "glue_cola",
    "expert_name": [
        "r-three/lora_baseline_lr3e-4_step400_rank64_glue_cola",
        "leedahyeon/0221_gamsa_test_cp3000",
        "phungkhaccuong/afbdf303-5ec3-cb90-b17b-283c6f8ad70b",
        "CounterNarratives/Meta-Llama-3.1-8B-Instruct_english_premises_a",
        "britojr/llama3.1-sec10q_v2"
    ],
    "valid_accuracy": 0.75,
    "test_accuracy": 0.8107476635514018,
    "weights": [
        1.499261521683297,
        0.796083869934663,
        0.03527614103022721,
        0.0587531839544577,
        0.05516880251642167
    ]
}