{
    "task": "tweet_topic_single",
    "expert_name": [
        "daje/model_5e-05_alpha-128_r-256",
        "LangAGI-Lab/Meta-Llama-3.1-8B-Instruct-WM-bootstrapped-16k-adapter",
        "datlaaaaaaa/cf707148-8a14-4b17-af50-c0c419a06bb2",
        "chchen/Llama-3.1-8B-Instruct-PsyCourse-info-chain-fold9",
        "chanadda/Meta-Llama-3.1-8B-Instruct-pantip"
    ],
    "valid_accuracy": 0.75,
    "test_accuracy": 0.7449249779346867,
    "weights": [
        0.01275566500192256,
        0.7873536493794442,
        0.6180101010739576,
        0.9811893443415106,
        0.786701484715785
    ]
}