{
    "task": "race_high",
    "expert_name": [
        "r-three/lora_baseline_lr3e-4_step400_rank64_race_high",
        "daje/model_5e-05_alpha-128_r-256",
        "LangAGI-Lab/Meta-Llama-3.1-8B-Instruct-WM-bootstrapped-16k-adapter",
        "datlaaaaaaa/cf707148-8a14-4b17-af50-c0c419a06bb2",
        "chchen/Llama-3.1-8B-Instruct-PsyCourse-info-chain-fold9",
        "chanadda/Meta-Llama-3.1-8B-Instruct-pantip",
        "yadayadayada1927/16_model",
        "Cookieeeeeeeeeeeeeee/llama_custom_zero",
        "thaffggg/f11180f1-1b9d-4b3c-8eee-94e554cf0f06",
        "hongngo/612beea2-1e23-46e9-b772-5d201f773304"
    ],
    "valid_accuracy": 0.85,
    "test_accuracy": 0.7627215551743853,
    "weights": [
        0.9015355909725775,
        0.5057811526717014,
        0.7631101767782065,
        -0.21045077195396927,
        0.47011546757851885,
        -0.04647677599013205,
        0.04045335603732417,
        -0.10212175342555582,
        0.5003578823680754,
        0.007278863562786109
    ]
}