{
    "task": "glue_mnli",
    "expert_name": [
        "r-three/lora_baseline_lr3e-4_step400_rank64_glue_mnli",
        "daje/model_5e-05_alpha-128_r-256",
        "LangAGI-Lab/Meta-Llama-3.1-8B-Instruct-WM-bootstrapped-16k-adapter",
        "datlaaaaaaa/cf707148-8a14-4b17-af50-c0c419a06bb2",
        "chchen/Llama-3.1-8B-Instruct-PsyCourse-info-chain-fold9",
        "chanadda/Meta-Llama-3.1-8B-Instruct-pantip",
        "yadayadayada1927/16_model",
        "Cookieeeeeeeeeeeeeee/llama_custom_zero",
        "thaffggg/f11180f1-1b9d-4b3c-8eee-94e554cf0f06",
        "hongngo/612beea2-1e23-46e9-b772-5d201f773304",
        "barc0/induction-run2-gpt4omini-20k-100seeds-barc-llama3.1-8b-instruct-lora64_lr2e-4_epoch3",
        "clembench-playpen/llama-3.1-8B-Instruct-multi-step-collator_playpen_SFT-e3_DFINAL_0.7K-steps",
        "daje/model_2e-4_alpha-8_r-16",
        "Ozaii/Zephyrr",
        "chchen/Llama-3.1-8B-Instruct-PsyCourse-fold3",
        "thalllsssss/00a4666d-12ae-4972-9753-306a02cf9512",
        "nomadrp/tq-llama-sft-belebele",
        "lucy666/llama3.1-8B-Concise",
        "femT-data/llama-3.1-Instruct-finetuned-NER",
        "prxy5607/f59b404a-1d76-4c38-98b7-5a73c0ecea6e",
        "cshbi/fine_tune_output_eie_3.1",
        "Alphatao/9176ae39-6635-4492-ae61-927f06585355",
        "minhtrannnn/3f048b0f-bb1e-4f5d-b68c-679dc5f1dd96",
        "XicoC/llama381binstruct_summarize_short",
        "chchen/Llama-3.1-8B-Instruct-SFT-1000",
        "leedahyeon/0219_all_llama31_cp3500",
        "ciloku/ceee306b-b546-42b7-99ba-fef7fcc1bd26",
        "chauhoang/a7b71eb1-db0f-4c12-ae7f-75544046c341",
        "GaetanMichelet/Llama-31-8B_task-3_180-samples_config-1",
        "Hiranmai49/Llama-3.1-8B-Instruct-contracts-pretrainLlama3.18b"
    ],
    "valid_accuracy": 1.0,
    "test_accuracy": 0.8342,
    "weights": [
        0.8830545184485576,
        0.6133794882993499,
        0.7965702270209103,
        0.452718131775248,
        0.402560658934882,
        0.13055101601991978,
        0.08632350556234183,
        0.6702954441896901,
        -0.060188926158687706,
        0.06776466866236773,
        -0.03276135724503104,
        -0.051331165924546396,
        -0.06761176496447852,
        -0.04994491992408708,
        -0.1331504989796781,
        0.015538044593237798,
        -0.022137600901534188,
        -0.11693464824281317,
        0.012845199937441648,
        -0.019130516192360343,
        0.0007470887783800938,
        -0.1048825193270191,
        0.014936557326801958,
        0.04795284138361236,
        -0.0560173185789635,
        -0.1547831706659475,
        0.02753140598669514,
        -0.023807552917263795,
        -0.016541563626743624,
        -0.017778600590869446
    ]
}