{
    "task": "glue_sst2",
    "expert_name": [
        "r-three/lora_baseline_lr3e-4_step400_rank64_glue_sst2",
        "leedahyeon/0221_gamsa_test_cp3000",
        "phungkhaccuong/afbdf303-5ec3-cb90-b17b-283c6f8ad70b",
        "CounterNarratives/Meta-Llama-3.1-8B-Instruct_english_premises_a",
        "britojr/llama3.1-sec10q_v2"
    ],
    "valid_accuracy": 1.0,
    "test_accuracy": 0.9142,
    "weights": [
        0.6203030625517642,
        0.3223555760106875,
        0.28141750538298516,
        0.5058997799648579,
        -0.03203970351909144
    ]
}