{
    "task": "arc_easy",
    "expert_name": [
        "leedahyeon/0221_gamsa_test_cp3000",
        "phungkhaccuong/afbdf303-5ec3-cb90-b17b-283c6f8ad70b",
        "CounterNarratives/Meta-Llama-3.1-8B-Instruct_english_premises_a",
        "britojr/llama3.1-sec10q_v2",
        "Atharva-07/classification_task"
    ],
    "valid_accuracy": 0.75,
    "test_accuracy": 0.8779461279461279,
    "weights": [
        0.07498470271850993,
        -0.019716174286522888,
        0.4346523853794282,
        0.34778486845532114,
        -0.04022882672627158
    ]
}