{
    "task": "elementary_math_qa_question_only",
    "expert_name": [
        "daje/model_5e-05_alpha-128_r-256",
        "LangAGI-Lab/Meta-Llama-3.1-8B-Instruct-WM-bootstrapped-16k-adapter",
        "datlaaaaaaa/cf707148-8a14-4b17-af50-c0c419a06bb2",
        "chchen/Llama-3.1-8B-Instruct-PsyCourse-info-chain-fold9",
        "chanadda/Meta-Llama-3.1-8B-Instruct-pantip"
    ],
    "valid_accuracy": 0.15,
    "test_accuracy": 0.19245773732119636,
    "weights": [
        -0.0810450430072478,
        0.3663394796355462,
        1.1367731735552684,
        1.0628917283668209,
        0.1567559909888449
    ]
}