{
    "task": "disfl_qa",
    "expert_name": [
        "r-three/lora_baseline_lr3e-4_step400_rank64_disfl_qa",
        "leedahyeon/0221_gamsa_test_cp3000",
        "phungkhaccuong/afbdf303-5ec3-cb90-b17b-283c6f8ad70b",
        "CounterNarratives/Meta-Llama-3.1-8B-Instruct_english_premises_a",
        "britojr/llama3.1-sec10q_v2",
        "Atharva-07/classification_task",
        "aleegis10/8ed9fe91-c2b5-42ca-8efb-927b4c8fbf45",
        "robiulawaldev/da92a142-8a96-438e-80b3-13cf5e027f66",
        "LangAGI-Lab/Meta-Llama-3.1-8B-Instruct-WM-acctree-16k-75-adapter-new",
        "clembench-playpen/Llama-3-Clembench-Runs-Successful-Episodes_Top_10_Models_Individual_QA_adapted_image_game",
        "Yossim/fine_tuned_llama2",
        "duyphu/e1bc4b5a-5af6-4ce2-be2d-622344438659",
        "tanatapanun/Meta-Llama-3.1-8B-Instruct-NoteChat-32r-train-dataset-1-epochs-document-prompt-token-4096",
        "developerssy/Meta-Llama-3.1-8B-skills",
        "ncbateman/65eaec89-ddb3-4b65-866f-c621f95eea55",
        "hansh/hansken_human_hql",
        "minhtrannnn/3f048b0f-bb1e-4f5d-b68c-679dc5f1dd96",
        "nhunglaaaaaaa/8efc2e7d-f7f6-46a4-83bd-bf5ae190a347",
        "datlaaaaaaa/5c74b710-f2b8-45a0-8bbb-8b3c49d26627",
        "mkopecki/chess-lora-adapter-fp-llama-3.1-8b"
    ],
    "valid_accuracy": 0.5,
    "test_accuracy": 0.4175,
    "weights": [
        1.1289138404737753,
        0.3644928209188842,
        -0.29079073774588987,
        -0.09812122228642742,
        0.045993806924115935,
        0.49467895228494313,
        -0.041075452172900144,
        -0.02860237980196436,
        0.014219593470407464,
        -0.11600612740858117,
        -0.04217871153544452,
        0.020626143625858125,
        0.5032127704662243,
        -0.02559512529506325,
        -0.05871348966098672,
        -0.05888664136800807,
        -0.09904752849391309,
        0.015759146928357358,
        0.00821807553722807,
        -0.12653111972739509
    ]
}