{
    "task": "quail",
    "expert_name": [
        "r-three/lora_baseline_lr3e-4_step400_rank64_quail",
        "daje/model_5e-05_alpha-128_r-256",
        "LangAGI-Lab/Meta-Llama-3.1-8B-Instruct-WM-bootstrapped-16k-adapter",
        "datlaaaaaaa/cf707148-8a14-4b17-af50-c0c419a06bb2",
        "chchen/Llama-3.1-8B-Instruct-PsyCourse-info-chain-fold9",
        "chanadda/Meta-Llama-3.1-8B-Instruct-pantip",
        "yadayadayada1927/16_model",
        "Cookieeeeeeeeeeeeeee/llama_custom_zero",
        "thaffggg/f11180f1-1b9d-4b3c-8eee-94e554cf0f06",
        "hongngo/612beea2-1e23-46e9-b772-5d201f773304",
        "barc0/induction-run2-gpt4omini-20k-100seeds-barc-llama3.1-8b-instruct-lora64_lr2e-4_epoch3",
        "clembench-playpen/llama-3.1-8B-Instruct-multi-step-collator_playpen_SFT-e3_DFINAL_0.7K-steps",
        "daje/model_2e-4_alpha-8_r-16",
        "Ozaii/Zephyrr",
        "chchen/Llama-3.1-8B-Instruct-PsyCourse-fold3",
        "thalllsssss/00a4666d-12ae-4972-9753-306a02cf9512",
        "nomadrp/tq-llama-sft-belebele",
        "lucy666/llama3.1-8B-Concise",
        "femT-data/llama-3.1-Instruct-finetuned-NER",
        "prxy5607/f59b404a-1d76-4c38-98b7-5a73c0ecea6e",
        "cshbi/fine_tune_output_eie_3.1",
        "Alphatao/9176ae39-6635-4492-ae61-927f06585355",
        "minhtrannnn/3f048b0f-bb1e-4f5d-b68c-679dc5f1dd96",
        "XicoC/llama381binstruct_summarize_short",
        "chchen/Llama-3.1-8B-Instruct-SFT-1000",
        "leedahyeon/0219_all_llama31_cp3500",
        "ciloku/ceee306b-b546-42b7-99ba-fef7fcc1bd26",
        "chauhoang/a7b71eb1-db0f-4c12-ae7f-75544046c341",
        "GaetanMichelet/Llama-31-8B_task-3_180-samples_config-1",
        "Hiranmai49/Llama-3.1-8B-Instruct-contracts-pretrainLlama3.18b"
    ],
    "valid_accuracy": 0.75,
    "test_accuracy": 0.72,
    "weights": [
        0.9050413739494785,
        0.6725407775700523,
        0.9765601396469957,
        0.5050401650023674,
        0.5005007022987433,
        0.5340537890009717,
        -0.03174408391718373,
        0.003708508074626069,
        0.011038078935681244,
        0.011591519016832579,
        -0.01539012020522094,
        -0.03477506058143371,
        -0.048620397746626846,
        -0.022263084187158295,
        -0.012759652751732006,
        -0.0078070249633747,
        0.006009636191153952,
        -0.015450440178009957,
        -0.01604967446816999,
        -0.019183684534475474,
        0.006491742518748274,
        -0.054869204164045796,
        -0.010686771162412826,
        -0.0025907522150622458,
        -0.03420564638300568,
        -0.004612037794599083,
        -0.03409932733254505,
        0.008322236174910095,
        0.5263804209913253,
        -0.011268761898762835
    ]
}