{
    "task": "xnli_th",
    "expert_name": [
        "r-three/lora_baseline_lr3e-4_step400_rank64_xnli_th",
        "leedahyeon/0221_gamsa_test_cp3000",
        "phungkhaccuong/afbdf303-5ec3-cb90-b17b-283c6f8ad70b",
        "CounterNarratives/Meta-Llama-3.1-8B-Instruct_english_premises_a",
        "britojr/llama3.1-sec10q_v2",
        "Atharva-07/classification_task",
        "aleegis10/8ed9fe91-c2b5-42ca-8efb-927b4c8fbf45",
        "robiulawaldev/da92a142-8a96-438e-80b3-13cf5e027f66",
        "LangAGI-Lab/Meta-Llama-3.1-8B-Instruct-WM-acctree-16k-75-adapter-new",
        "clembench-playpen/Llama-3-Clembench-Runs-Successful-Episodes_Top_10_Models_Individual_QA_adapted_image_game"
    ],
    "valid_accuracy": 0.55,
    "test_accuracy": 0.5924,
    "weights": [
        0.6360533991342789,
        0.32936980789519554,
        0.10787910524132309,
        0.026498163008519853,
        0.05364417643499361,
        -0.041185521928859936,
        0.5123698336301278,
        -0.06303539291990916,
        0.5355476550675953,
        -0.0010629362480616199
    ]
}