{
    "task": "qa_wikidata",
    "expert_name": [
        "r-three/lora_baseline_lr3e-4_step400_rank64_qa_wikidata",
        "daje/model_5e-05_alpha-128_r-256",
        "LangAGI-Lab/Meta-Llama-3.1-8B-Instruct-WM-bootstrapped-16k-adapter",
        "datlaaaaaaa/cf707148-8a14-4b17-af50-c0c419a06bb2",
        "chchen/Llama-3.1-8B-Instruct-PsyCourse-info-chain-fold9",
        "chanadda/Meta-Llama-3.1-8B-Instruct-pantip",
        "yadayadayada1927/16_model",
        "Cookieeeeeeeeeeeeeee/llama_custom_zero",
        "thaffggg/f11180f1-1b9d-4b3c-8eee-94e554cf0f06",
        "hongngo/612beea2-1e23-46e9-b772-5d201f773304",
        "barc0/induction-run2-gpt4omini-20k-100seeds-barc-llama3.1-8b-instruct-lora64_lr2e-4_epoch3",
        "clembench-playpen/llama-3.1-8B-Instruct-multi-step-collator_playpen_SFT-e3_DFINAL_0.7K-steps",
        "daje/model_2e-4_alpha-8_r-16",
        "Ozaii/Zephyrr",
        "chchen/Llama-3.1-8B-Instruct-PsyCourse-fold3",
        "thalllsssss/00a4666d-12ae-4972-9753-306a02cf9512",
        "nomadrp/tq-llama-sft-belebele",
        "lucy666/llama3.1-8B-Concise",
        "femT-data/llama-3.1-Instruct-finetuned-NER",
        "prxy5607/f59b404a-1d76-4c38-98b7-5a73c0ecea6e"
    ],
    "valid_accuracy": 0.9,
    "test_accuracy": 0.7427872860635697,
    "weights": [
        0.7609542085631861,
        0.6184021584060758,
        0.49906991867526107,
        0.3880851686182244,
        0.009554291762749956,
        0.5937525815300913,
        -0.032304513949937115,
        0.025560745936814726,
        0.03658954373084422,
        -0.004664950796320282,
        0.032209830282188774,
        -0.033732460738032016,
        0.010031251871047126,
        -0.013213119715331779,
        -0.014989362011160955,
        0.012508032674854952,
        -0.010596950461638083,
        -0.04515409870008873,
        -0.04672887738837522,
        0.05902897280153724
    ]
}