{
    "task": "anli",
    "expert_name": [
        "r-three/lora_baseline_lr3e-4_step400_rank64_anli",
        "daje/model_5e-05_alpha-128_r-256",
        "LangAGI-Lab/Meta-Llama-3.1-8B-Instruct-WM-bootstrapped-16k-adapter",
        "datlaaaaaaa/cf707148-8a14-4b17-af50-c0c419a06bb2",
        "chchen/Llama-3.1-8B-Instruct-PsyCourse-info-chain-fold9",
        "chanadda/Meta-Llama-3.1-8B-Instruct-pantip",
        "yadayadayada1927/16_model",
        "Cookieeeeeeeeeeeeeee/llama_custom_zero",
        "thaffggg/f11180f1-1b9d-4b3c-8eee-94e554cf0f06",
        "hongngo/612beea2-1e23-46e9-b772-5d201f773304"
    ],
    "valid_accuracy": 0.75,
    "test_accuracy": 0.618,
    "weights": [
        0.8567135581867358,
        0.7705521891808438,
        0.476224084929237,
        0.4237684276457898,
        0.5424719116938312,
        0.4895239264788623,
        0.5048478289309004,
        0.5411161393430529,
        -0.025514635818095144,
        -0.15444540777642435
    ]
}