{
    "task": "clinc_oos",
    "expert_name": [
        "r-three/lora_baseline_lr3e-4_step400_rank64_clinc_oos",
        "daje/model_5e-05_alpha-128_r-256",
        "LangAGI-Lab/Meta-Llama-3.1-8B-Instruct-WM-bootstrapped-16k-adapter",
        "datlaaaaaaa/cf707148-8a14-4b17-af50-c0c419a06bb2",
        "chchen/Llama-3.1-8B-Instruct-PsyCourse-info-chain-fold9"
    ],
    "valid_accuracy": 0.75,
    "test_accuracy": 0.6954,
    "weights": [
        0.7045393969806106,
        0.5613745509150205,
        0.9814031828369737,
        0.4290639324861118,
        0.4556768979724037
    ]
}