{
    "task": "elementary_math_qa_question_only",
    "expert_name": [
        "r-three/lora_baseline_lr3e-4_step400_rank64_elementary_math_qa_question_only",
        "daje/model_5e-05_alpha-128_r-256",
        "LangAGI-Lab/Meta-Llama-3.1-8B-Instruct-WM-bootstrapped-16k-adapter",
        "datlaaaaaaa/cf707148-8a14-4b17-af50-c0c419a06bb2",
        "chchen/Llama-3.1-8B-Instruct-PsyCourse-info-chain-fold9",
        "chanadda/Meta-Llama-3.1-8B-Instruct-pantip",
        "yadayadayada1927/16_model",
        "Cookieeeeeeeeeeeeeee/llama_custom_zero",
        "thaffggg/f11180f1-1b9d-4b3c-8eee-94e554cf0f06",
        "hongngo/612beea2-1e23-46e9-b772-5d201f773304",
        "barc0/induction-run2-gpt4omini-20k-100seeds-barc-llama3.1-8b-instruct-lora64_lr2e-4_epoch3",
        "clembench-playpen/llama-3.1-8B-Instruct-multi-step-collator_playpen_SFT-e3_DFINAL_0.7K-steps",
        "daje/model_2e-4_alpha-8_r-16",
        "Ozaii/Zephyrr",
        "chchen/Llama-3.1-8B-Instruct-PsyCourse-fold3",
        "thalllsssss/00a4666d-12ae-4972-9753-306a02cf9512",
        "nomadrp/tq-llama-sft-belebele",
        "lucy666/llama3.1-8B-Concise",
        "femT-data/llama-3.1-Instruct-finetuned-NER",
        "prxy5607/f59b404a-1d76-4c38-98b7-5a73c0ecea6e",
        "cshbi/fine_tune_output_eie_3.1",
        "Alphatao/9176ae39-6635-4492-ae61-927f06585355",
        "minhtrannnn/3f048b0f-bb1e-4f5d-b68c-679dc5f1dd96",
        "XicoC/llama381binstruct_summarize_short",
        "chchen/Llama-3.1-8B-Instruct-SFT-1000",
        "leedahyeon/0219_all_llama31_cp3500",
        "ciloku/ceee306b-b546-42b7-99ba-fef7fcc1bd26",
        "chauhoang/a7b71eb1-db0f-4c12-ae7f-75544046c341",
        "GaetanMichelet/Llama-31-8B_task-3_180-samples_config-1",
        "Hiranmai49/Llama-3.1-8B-Instruct-contracts-pretrainLlama3.18b"
    ],
    "valid_accuracy": 0.4,
    "test_accuracy": 0.2067620286085826,
    "weights": [
        0.4908556249188371,
        0.49369412009631897,
        0.5141603257796898,
        0.4897850587934032,
        -0.00505358166576345,
        -0.04086920360281047,
        -0.24095535282950406,
        0.02595184246143471,
        0.018360946388219727,
        -0.19336836575199784,
        -0.021600325166182113,
        0.1579287309313803,
        -0.15412950339218692,
        0.1607856481176947,
        0.16138293952945335,
        0.16339273810604893,
        -0.16407154966282939,
        -0.11327696648159176,
        0.18174568972561989,
        0.16940934361517318,
        0.06979081444276394,
        0.3249217208586554,
        0.21987531809458433,
        0.8385771546724485,
        0.006669794672705497,
        -0.002653989367582914,
        0.46134105468208153,
        0.420388423425495,
        0.4962358684660586,
        0.028117866086888283
    ]
}