{
    "task": "twitter_financial_news_sentiment",
    "expert_name": [
        "r-three/lora_baseline_lr3e-4_step400_rank64_twitter_financial_news_sentiment",
        "daje/model_5e-05_alpha-128_r-256",
        "LangAGI-Lab/Meta-Llama-3.1-8B-Instruct-WM-bootstrapped-16k-adapter",
        "datlaaaaaaa/cf707148-8a14-4b17-af50-c0c419a06bb2",
        "chchen/Llama-3.1-8B-Instruct-PsyCourse-info-chain-fold9",
        "chanadda/Meta-Llama-3.1-8B-Instruct-pantip",
        "yadayadayada1927/16_model",
        "Cookieeeeeeeeeeeeeee/llama_custom_zero",
        "thaffggg/f11180f1-1b9d-4b3c-8eee-94e554cf0f06",
        "hongngo/612beea2-1e23-46e9-b772-5d201f773304",
        "barc0/induction-run2-gpt4omini-20k-100seeds-barc-llama3.1-8b-instruct-lora64_lr2e-4_epoch3",
        "clembench-playpen/llama-3.1-8B-Instruct-multi-step-collator_playpen_SFT-e3_DFINAL_0.7K-steps",
        "daje/model_2e-4_alpha-8_r-16",
        "Ozaii/Zephyrr",
        "chchen/Llama-3.1-8B-Instruct-PsyCourse-fold3",
        "thalllsssss/00a4666d-12ae-4972-9753-306a02cf9512",
        "nomadrp/tq-llama-sft-belebele",
        "lucy666/llama3.1-8B-Concise",
        "femT-data/llama-3.1-Instruct-finetuned-NER",
        "prxy5607/f59b404a-1d76-4c38-98b7-5a73c0ecea6e"
    ],
    "valid_accuracy": 0.8,
    "test_accuracy": 0.806282722513089,
    "weights": [
        0.8644498070471552,
        0.7652858018945163,
        0.9319531985010497,
        0.4921597728055971,
        -0.06840479828972405,
        -0.3604348459064994,
        -0.03879715498059206,
        -0.2885346233909556,
        0.5978133060399419,
        0.2822850785538853,
        -0.12573373699035512,
        -0.15030887897153003,
        -0.11451481281106696,
        0.1766298207989731,
        0.6900315568617316,
        0.04601252212404217,
        -0.05226151344120115,
        0.446037893901327,
        -0.13306825225590035,
        0.013801737156085712
    ]
}