{
    "task": "arc_easy",
    "expert_name": [
        "r-three/lora_baseline_lr3e-4_step400_rank64_arc_easy",
        "daje/model_5e-05_alpha-128_r-256",
        "LangAGI-Lab/Meta-Llama-3.1-8B-Instruct-WM-bootstrapped-16k-adapter",
        "datlaaaaaaa/cf707148-8a14-4b17-af50-c0c419a06bb2",
        "chchen/Llama-3.1-8B-Instruct-PsyCourse-info-chain-fold9",
        "chanadda/Meta-Llama-3.1-8B-Instruct-pantip",
        "yadayadayada1927/16_model",
        "Cookieeeeeeeeeeeeeee/llama_custom_zero",
        "thaffggg/f11180f1-1b9d-4b3c-8eee-94e554cf0f06",
        "hongngo/612beea2-1e23-46e9-b772-5d201f773304"
    ],
    "valid_accuracy": 0.8,
    "test_accuracy": 0.8813131313131313,
    "weights": [
        0.7006158290421406,
        0.35804913701393604,
        0.5070316336688334,
        0.5006189708239216,
        -0.010103539340629141,
        -0.04118236643234477,
        -0.013877772091096236,
        -0.00012969100676324868,
        -0.0006259311873847477,
        -0.026206848941356345
    ]
}