{
    "task": "glue_cola",
    "expert_name": [
        "tanatapanun/Meta-Llama-3.1-8B-Instruct-NoteChat-32r-train-dataset-1-epochs-document-prompt-token-4096",
        "leedahyeon/0221_all_llama31_docs_cp3500",
        "minhtrannnn/0d5d4d02-c5c0-4607-b69a-0ddd8845e6f7",
        "robiulawaldev/da92a142-8a96-438e-80b3-13cf5e027f66",
        "gotzmann/1JV44C2nd",
        "chchen/Llama-3.1-8B-Instruct-PsyCourse-doc-info-fold8",
        "daje/model_2e-4",
        "laquythang/07d7800a-5441-44b2-8e4b-5b1f2fb61a61",
        "prxy5606/98345738-30aa-41c4-bf69-2392a1ce4d0a",
        "LangAGI-Lab/Meta-Llama-3.1-8B-Instruct-WM-bootstrapped-16k-adapter",
        "myhaaaaaaa/2bd8eab3-2f15-4917-83d4-5245c3b84852",
        "CharlesLi/llama_3_unsafe_helpful",
        "mohmzm/llama_3_1_8b_instruct_document_relevance_test",
        "chchen/Llama-3.1-8B-Instruct-SAA-700",
        "GaetanMichelet/Llama-31-8B_task-2_180-samples_config-1_full",
        "EdBergJr/tablets_baha_arabic",
        "GaetanMichelet/Llama-31-8B_task-1_60-samples_config-1_full_auto",
        "nomadrp/tq-6-langs",
        "0x1202/0fa06e19-bb47-4f8b-9cc3-fa3e8c3c0982",
        "nhung03/8807e2a5-ff05-45b2-ab4b-a170e19c24b6"
    ],
    "valid_accuracy": 0.6,
    "test_accuracy": 0.8154205607476636,
    "weights": [
        0.4778192111652012,
        -0.22794909027742713,
        -0.002664672174071198,
        0.51845130647863,
        -0.008153371347674064,
        -0.00018054845954066859,
        -0.014699777962968655,
        0.753665370267827,
        -0.0021091844613213935,
        -0.25591319253907313,
        0.5630560687538608,
        0.47858910190602727,
        0.07711698880051936,
        0.5106832146499837,
        -0.011232488668694151,
        -0.009397903043175388,
        -0.0027851594041824112,
        -0.018043120699561675,
        -0.004929236907921981,
        -0.0028592765996538123
    ]
}