{
    "task": "web_of_lies",
    "expert_name": [
        "tanatapanun/Meta-Llama-3.1-8B-Instruct-NoteChat-32r-train-dataset-1-epochs-document-prompt-token-4096",
        "leedahyeon/0221_all_llama31_docs_cp3500",
        "minhtrannnn/0d5d4d02-c5c0-4607-b69a-0ddd8845e6f7",
        "robiulawaldev/da92a142-8a96-438e-80b3-13cf5e027f66",
        "gotzmann/1JV44C2nd"
    ],
    "valid_accuracy": 0.6,
    "test_accuracy": 0.5285234899328859,
    "weights": [
        -0.06881028703400072,
        0.47122275170303635,
        0.22897044201156028,
        0.4192855517647762,
        0.011128021009820892
    ]
}