{
    "task": "boolean_expressions",
    "expert_name": [
        "r-three/lora_baseline_lr3e-4_step400_rank64_boolean_expressions",
        "tanatapanun/Meta-Llama-3.1-8B-Instruct-NoteChat-32r-train-dataset-1-epochs-document-prompt-token-4096",
        "leedahyeon/0221_all_llama31_docs_cp3500",
        "minhtrannnn/0d5d4d02-c5c0-4607-b69a-0ddd8845e6f7",
        "robiulawaldev/da92a142-8a96-438e-80b3-13cf5e027f66",
        "gotzmann/1JV44C2nd",
        "chchen/Llama-3.1-8B-Instruct-PsyCourse-doc-info-fold8",
        "daje/model_2e-4",
        "laquythang/07d7800a-5441-44b2-8e4b-5b1f2fb61a61",
        "prxy5606/98345738-30aa-41c4-bf69-2392a1ce4d0a"
    ],
    "valid_accuracy": 0.8,
    "test_accuracy": 0.815,
    "weights": [
        0.7466249454821855,
        0.5280377459760647,
        0.9435292442742818,
        -0.02548781171069258,
        -0.06738035565442717,
        -0.055157712535887894,
        0.5386089884609583,
        -0.09811386301321007,
        -0.011208095369531575,
        -0.10705736601786185
    ]
}