{
    "task": "multistep_arithmetic",
    "expert_name": [
        "r-three/lora_baseline_lr3e-4_step400_rank64_multistep_arithmetic",
        "tanatapanun/Meta-Llama-3.1-8B-Instruct-NoteChat-32r-train-dataset-1-epochs-document-prompt-token-4096",
        "leedahyeon/0221_all_llama31_docs_cp3500",
        "minhtrannnn/0d5d4d02-c5c0-4607-b69a-0ddd8845e6f7",
        "robiulawaldev/da92a142-8a96-438e-80b3-13cf5e027f66",
        "gotzmann/1JV44C2nd",
        "chchen/Llama-3.1-8B-Instruct-PsyCourse-doc-info-fold8",
        "daje/model_2e-4",
        "laquythang/07d7800a-5441-44b2-8e4b-5b1f2fb61a61",
        "prxy5606/98345738-30aa-41c4-bf69-2392a1ce4d0a",
        "LangAGI-Lab/Meta-Llama-3.1-8B-Instruct-WM-bootstrapped-16k-adapter",
        "myhaaaaaaa/2bd8eab3-2f15-4917-83d4-5245c3b84852",
        "CharlesLi/llama_3_unsafe_helpful",
        "mohmzm/llama_3_1_8b_instruct_document_relevance_test",
        "chchen/Llama-3.1-8B-Instruct-SAA-700",
        "GaetanMichelet/Llama-31-8B_task-2_180-samples_config-1_full",
        "EdBergJr/tablets_baha_arabic",
        "GaetanMichelet/Llama-31-8B_task-1_60-samples_config-1_full_auto",
        "nomadrp/tq-6-langs",
        "0x1202/0fa06e19-bb47-4f8b-9cc3-fa3e8c3c0982",
        "nhung03/8807e2a5-ff05-45b2-ab4b-a170e19c24b6",
        "npark95/qlora_llama3_0shot",
        "clembench-playpen/meta-llama-Meta-Llama-3.1-8B-Instruct_SFT_E1_D60006",
        "RoeReRe/Meta-LLama-3.1-8B-Instruct-Finetuned-Bias-4.5K",
        "estrogen/L3.1-8b-Ink-ep1-adpt",
        "Nevil9/PsyLlama",
        "MoreWrong/studybuddy",
        "clembench-playpen/meta-llama-Meta-Llama-3.1-8B-Instruct_SFT_D90003",
        "clembench-playpen/meta-llama-Meta-Llama-3.1-8B-Instruct_SFT_E1_D90000",
        "diagonalge/4ff3f177-6bb4-406d-b6ba-5fd891aee612"
    ],
    "valid_accuracy": 0.15,
    "test_accuracy": 0.22333333333333333,
    "weights": [
        1.172865920363679,
        0.6104998956212334,
        0.39368463953013577,
        0.979905173827879,
        0.1380683611105279,
        0.5069932791533727,
        -0.04790366192752834,
        0.47785545609846763,
        0.5279944392079021,
        -0.12597737533996112,
        0.0014621126458340752,
        0.48070811728904267,
        0.5210583020719777,
        -0.19092669492412653,
        0.4980185747627765,
        0.514185287149374,
        0.5093016893094454,
        -0.09545612408115146,
        0.5592093446628404,
        0.17789086197117426,
        0.32642753985521705,
        0.574384032421689,
        0.24296099428404733,
        0.26132431096243247,
        0.047029115045258724,
        0.11622928599290534,
        0.10769005940754503,
        -0.05950421555149098,
        -0.005453797439966235,
        1.0239481433837934
    ]
}