{
    "task": "glue_mrpc",
    "expert_name": [
        "r-three/lora_baseline_lr3e-4_step400_rank64_glue_mrpc",
        "daje/model_5e-05_alpha-128_r-256",
        "LangAGI-Lab/Meta-Llama-3.1-8B-Instruct-WM-bootstrapped-16k-adapter",
        "datlaaaaaaa/cf707148-8a14-4b17-af50-c0c419a06bb2",
        "chchen/Llama-3.1-8B-Instruct-PsyCourse-info-chain-fold9",
        "chanadda/Meta-Llama-3.1-8B-Instruct-pantip",
        "yadayadayada1927/16_model",
        "Cookieeeeeeeeeeeeeee/llama_custom_zero",
        "thaffggg/f11180f1-1b9d-4b3c-8eee-94e554cf0f06",
        "hongngo/612beea2-1e23-46e9-b772-5d201f773304",
        "barc0/induction-run2-gpt4omini-20k-100seeds-barc-llama3.1-8b-instruct-lora64_lr2e-4_epoch3",
        "clembench-playpen/llama-3.1-8B-Instruct-multi-step-collator_playpen_SFT-e3_DFINAL_0.7K-steps",
        "daje/model_2e-4_alpha-8_r-16",
        "Ozaii/Zephyrr",
        "chchen/Llama-3.1-8B-Instruct-PsyCourse-fold3",
        "thalllsssss/00a4666d-12ae-4972-9753-306a02cf9512",
        "nomadrp/tq-llama-sft-belebele",
        "lucy666/llama3.1-8B-Concise",
        "femT-data/llama-3.1-Instruct-finetuned-NER",
        "prxy5607/f59b404a-1d76-4c38-98b7-5a73c0ecea6e"
    ],
    "valid_accuracy": 0.65,
    "test_accuracy": 0.7634782608695653,
    "weights": [
        0.7093894820872672,
        0.41055421963982847,
        -0.06934778052056319,
        0.4922610591877874,
        0.5050412508705174,
        -0.027299279574929634,
        -0.03571259738177824,
        -0.007094815508358474,
        0.00026153734176915903,
        -0.005528076294063152,
        -0.08167934753251721,
        0.08719096042534408,
        -0.005100769157964567,
        -0.023850433542995885,
        -0.0728373176609151,
        -0.047648159621300444,
        -0.018825898182885364,
        -0.014768432314485207,
        0.0036693899249968325,
        -0.022666890152441107
    ]
}