{
    "task": "ade_corpus_v2",
    "expert_name": [
        "leedahyeon/0221_gamsa_test_cp3000",
        "phungkhaccuong/afbdf303-5ec3-cb90-b17b-283c6f8ad70b",
        "CounterNarratives/Meta-Llama-3.1-8B-Instruct_english_premises_a",
        "britojr/llama3.1-sec10q_v2",
        "Atharva-07/classification_task",
        "aleegis10/8ed9fe91-c2b5-42ca-8efb-927b4c8fbf45",
        "robiulawaldev/da92a142-8a96-438e-80b3-13cf5e027f66",
        "LangAGI-Lab/Meta-Llama-3.1-8B-Instruct-WM-acctree-16k-75-adapter-new",
        "clembench-playpen/Llama-3-Clembench-Runs-Successful-Episodes_Top_10_Models_Individual_QA_adapted_image_game",
        "Yossim/fine_tuned_llama2"
    ],
    "valid_accuracy": 0.65,
    "test_accuracy": 0.7334183673469388,
    "weights": [
        0.07128798042701157,
        0.13713820219009104,
        0.019513830924239584,
        -0.0021422656644638936,
        0.13290626127623667,
        -0.011711020711320675,
        0.10650480493961657,
        0.12851352337701014,
        -0.03742107339391332,
        0.6481771772914261
    ]
}