{
    "task": "toxic_chat",
    "expert_name": [
        "daje/model_0.0002_alpha-32_r-64",
        "aseratus1/80dde36f-b140-4e57-a010-bebb9584c30b",
        "Tomlord/Llama-3.1-8B-Instruct-LoRA-Hp-adk",
        "clembench-playpen/llama-3.1-8B-Instruct-rehearsal-steps_playpen_SFT-e3_DFINAL_0.93K-steps",
        "faridlazuarda/valadapt-llama-3.1-8B-it-german"
    ],
    "valid_accuracy": 0.95,
    "test_accuracy": 0.8386,
    "weights": [
        0.03735249770469418,
        -0.014611736029081522,
        -0.1240039654337064,
        0.4444619264577533,
        0.5009333574033824
    ]
}