{
    "task": "boolean_expressions",
    "expert_name": [
        "daje/model_5e-05_alpha-128_r-256",
        "LangAGI-Lab/Meta-Llama-3.1-8B-Instruct-WM-bootstrapped-16k-adapter",
        "datlaaaaaaa/cf707148-8a14-4b17-af50-c0c419a06bb2",
        "chchen/Llama-3.1-8B-Instruct-PsyCourse-info-chain-fold9",
        "chanadda/Meta-Llama-3.1-8B-Instruct-pantip"
    ],
    "valid_accuracy": 0.65,
    "test_accuracy": 0.703,
    "weights": [
        0.18196366922139398,
        1.1693494440663086,
        0.9418709402255964,
        0.755379454870612,
        -0.14538174421254488
    ]
}