{
    "task": "mmlu_pro",
    "expert_name": [
        "r-three/lora_baseline_lr3e-4_step400_rank64_mmlu_pro",
        "tanatapanun/Meta-Llama-3.1-8B-Instruct-NoteChat-32r-train-dataset-1-epochs-document-prompt-token-4096",
        "leedahyeon/0221_all_llama31_docs_cp3500",
        "minhtrannnn/0d5d4d02-c5c0-4607-b69a-0ddd8845e6f7",
        "robiulawaldev/da92a142-8a96-438e-80b3-13cf5e027f66",
        "gotzmann/1JV44C2nd",
        "chchen/Llama-3.1-8B-Instruct-PsyCourse-doc-info-fold8",
        "daje/model_2e-4",
        "laquythang/07d7800a-5441-44b2-8e4b-5b1f2fb61a61",
        "prxy5606/98345738-30aa-41c4-bf69-2392a1ce4d0a",
        "LangAGI-Lab/Meta-Llama-3.1-8B-Instruct-WM-bootstrapped-16k-adapter",
        "myhaaaaaaa/2bd8eab3-2f15-4917-83d4-5245c3b84852",
        "CharlesLi/llama_3_unsafe_helpful",
        "mohmzm/llama_3_1_8b_instruct_document_relevance_test",
        "chchen/Llama-3.1-8B-Instruct-SAA-700",
        "GaetanMichelet/Llama-31-8B_task-2_180-samples_config-1_full",
        "EdBergJr/tablets_baha_arabic",
        "GaetanMichelet/Llama-31-8B_task-1_60-samples_config-1_full_auto",
        "nomadrp/tq-6-langs",
        "0x1202/0fa06e19-bb47-4f8b-9cc3-fa3e8c3c0982",
        "nhung03/8807e2a5-ff05-45b2-ab4b-a170e19c24b6",
        "npark95/qlora_llama3_0shot",
        "clembench-playpen/meta-llama-Meta-Llama-3.1-8B-Instruct_SFT_E1_D60006",
        "RoeReRe/Meta-LLama-3.1-8B-Instruct-Finetuned-Bias-4.5K",
        "estrogen/L3.1-8b-Ink-ep1-adpt",
        "Nevil9/PsyLlama",
        "MoreWrong/studybuddy",
        "clembench-playpen/meta-llama-Meta-Llama-3.1-8B-Instruct_SFT_D90003",
        "clembench-playpen/meta-llama-Meta-Llama-3.1-8B-Instruct_SFT_E1_D90000",
        "diagonalge/4ff3f177-6bb4-406d-b6ba-5fd891aee612"
    ],
    "valid_accuracy": 0.25,
    "test_accuracy": 0.19684385382059802,
    "weights": [
        1.1807822363866995,
        0.6256641970859833,
        0.23321864681089532,
        -0.2903781388583519,
        -0.16238058903815425,
        0.04082088239873453,
        -0.6027894075973996,
        -0.13237631560516677,
        -0.18536307325590293,
        -0.25801691997709475,
        0.04269367951596278,
        0.08130935827790199,
        0.43891816687750346,
        -0.07086504538606711,
        0.16549778394247536,
        -0.27572431074704234,
        -0.03806395594780008,
        0.34396650154995134,
        -0.4301228648851964,
        0.09548470206448238,
        0.06409168350081562,
        0.7586537382168239,
        -0.14117601413609615,
        -0.38304084874887084,
        -0.12805431192603078,
        -0.21375893752603853,
        -0.4357215207469397,
        0.09187905991310831,
        0.11047452362828658,
        -0.15686754287004803
    ]
}