{
    "task": "multistep_arithmetic",
    "expert_name": [
        "tanatapanun/Meta-Llama-3.1-8B-Instruct-NoteChat-32r-train-dataset-1-epochs-document-prompt-token-4096",
        "leedahyeon/0221_all_llama31_docs_cp3500",
        "minhtrannnn/0d5d4d02-c5c0-4607-b69a-0ddd8845e6f7",
        "robiulawaldev/da92a142-8a96-438e-80b3-13cf5e027f66",
        "gotzmann/1JV44C2nd"
    ],
    "valid_accuracy": 0.15,
    "test_accuracy": 0.165,
    "weights": [
        -0.4614006819178496,
        0.5957238072503229,
        1.3631851985733383,
        0.8094306360564282,
        1.498359356571617
    ]
}