{
    "task": "sports_understanding",
    "expert_name": [
        "tanatapanun/Meta-Llama-3.1-8B-Instruct-NoteChat-32r-train-dataset-1-epochs-document-prompt-token-4096",
        "leedahyeon/0221_all_llama31_docs_cp3500",
        "minhtrannnn/0d5d4d02-c5c0-4607-b69a-0ddd8845e6f7",
        "robiulawaldev/da92a142-8a96-438e-80b3-13cf5e027f66",
        "gotzmann/1JV44C2nd"
    ],
    "valid_accuracy": 0.6,
    "test_accuracy": 0.6854663774403471,
    "weights": [
        1.0081181568371573,
        0.21103433366503296,
        0.513822527463065,
        0.5852234717576925,
        -0.0913387425522709
    ]
}