{
    "task": "glue_mnli",
    "expert_name": [
        "r-three/lora_baseline_10_lr3e-4_step100_rank64_glue_mnli",
        "tanatapanun/Meta-Llama-3.1-8B-Instruct-NoteChat-32r-train-dataset-1-epochs-document-prompt-token-4096",
        "leedahyeon/0221_all_llama31_docs_cp3500",
        "minhtrannnn/0d5d4d02-c5c0-4607-b69a-0ddd8845e6f7",
        "robiulawaldev/da92a142-8a96-438e-80b3-13cf5e027f66",
        "gotzmann/1JV44C2nd",
        "chchen/Llama-3.1-8B-Instruct-PsyCourse-doc-info-fold8",
        "daje/model_2e-4",
        "laquythang/07d7800a-5441-44b2-8e4b-5b1f2fb61a61",
        "prxy5606/98345738-30aa-41c4-bf69-2392a1ce4d0a",
        "LangAGI-Lab/Meta-Llama-3.1-8B-Instruct-WM-bootstrapped-16k-adapter",
        "myhaaaaaaa/2bd8eab3-2f15-4917-83d4-5245c3b84852",
        "CharlesLi/llama_3_unsafe_helpful",
        "mohmzm/llama_3_1_8b_instruct_document_relevance_test",
        "chchen/Llama-3.1-8B-Instruct-SAA-700",
        "GaetanMichelet/Llama-31-8B_task-2_180-samples_config-1_full",
        "EdBergJr/tablets_baha_arabic",
        "GaetanMichelet/Llama-31-8B_task-1_60-samples_config-1_full_auto",
        "nomadrp/tq-6-langs",
        "0x1202/0fa06e19-bb47-4f8b-9cc3-fa3e8c3c0982",
        "nhung03/8807e2a5-ff05-45b2-ab4b-a170e19c24b6",
        "npark95/qlora_llama3_0shot",
        "clembench-playpen/meta-llama-Meta-Llama-3.1-8B-Instruct_SFT_E1_D60006",
        "RoeReRe/Meta-LLama-3.1-8B-Instruct-Finetuned-Bias-4.5K",
        "estrogen/L3.1-8b-Ink-ep1-adpt",
        "Nevil9/PsyLlama",
        "MoreWrong/studybuddy",
        "clembench-playpen/meta-llama-Meta-Llama-3.1-8B-Instruct_SFT_D90003",
        "clembench-playpen/meta-llama-Meta-Llama-3.1-8B-Instruct_SFT_E1_D90000",
        "diagonalge/4ff3f177-6bb4-406d-b6ba-5fd891aee612"
    ],
    "train+valid_accuracy": 1.0,
    "test_accuracy": 0.703,
    "weights": [
        0.4993726134253211,
        7.426508976621104e-07,
        0.5022158201196283,
        -2.8084577633147197e-05,
        2.0514942658195365e-05,
        9.945394890970721e-06,
        9.969910713334865e-06,
        1.0146962246856349e-05,
        1.0704331560568051e-05,
        1.1062111750540177e-05,
        1.4752320531705751e-05,
        7.0657830619833346e-06,
        7.071412073675291e-06,
        0.0003734372625975159,
        7.100989626855611e-06,
        8.93625711252722e-06,
        7.108562614148545e-06,
        7.2848768732441985e-06,
        7.058721191693921e-06,
        7.143152792399606e-06,
        7.127086008554751e-06,
        7.1335345531061915e-06,
        9.726521086805624e-05,
        0.0004807446243012039,
        0.00024955333110774914,
        0.00023511022412809658,
        0.00015631536595364157,
        -0.000533167114876102,
        -0.0003627011533317216,
        7.865205936760243e-05
    ]
}