{
    "task": "twitter_complaints",
    "expert_name": [
        "r-three/lora_baseline_lr3e-4_step400_rank64_twitter_complaints",
        "leedahyeon/0221_gamsa_test_cp3000",
        "phungkhaccuong/afbdf303-5ec3-cb90-b17b-283c6f8ad70b",
        "CounterNarratives/Meta-Llama-3.1-8B-Instruct_english_premises_a",
        "britojr/llama3.1-sec10q_v2"
    ],
    "valid_accuracy": 1.0,
    "test_accuracy": 0.9101449275362319,
    "weights": [
        0.835096873968185,
        5.3293975748236894e-05,
        0.020690624944181328,
        0.12676628944156787,
        -0.0006422686494160186
    ]
}