{
    "task": "formal_fallacies_syllogisms_negation",
    "expert_name": [
        "r-three/lora_baseline_lr3e-4_step400_rank64_formal_fallacies_syllogisms_negation",
        "daje/model_5e-05_alpha-128_r-256",
        "LangAGI-Lab/Meta-Llama-3.1-8B-Instruct-WM-bootstrapped-16k-adapter",
        "datlaaaaaaa/cf707148-8a14-4b17-af50-c0c419a06bb2",
        "chchen/Llama-3.1-8B-Instruct-PsyCourse-info-chain-fold9",
        "chanadda/Meta-Llama-3.1-8B-Instruct-pantip",
        "yadayadayada1927/16_model",
        "Cookieeeeeeeeeeeeeee/llama_custom_zero",
        "thaffggg/f11180f1-1b9d-4b3c-8eee-94e554cf0f06",
        "hongngo/612beea2-1e23-46e9-b772-5d201f773304",
        "barc0/induction-run2-gpt4omini-20k-100seeds-barc-llama3.1-8b-instruct-lora64_lr2e-4_epoch3",
        "clembench-playpen/llama-3.1-8B-Instruct-multi-step-collator_playpen_SFT-e3_DFINAL_0.7K-steps",
        "daje/model_2e-4_alpha-8_r-16",
        "Ozaii/Zephyrr",
        "chchen/Llama-3.1-8B-Instruct-PsyCourse-fold3",
        "thalllsssss/00a4666d-12ae-4972-9753-306a02cf9512",
        "nomadrp/tq-llama-sft-belebele",
        "lucy666/llama3.1-8B-Concise",
        "femT-data/llama-3.1-Instruct-finetuned-NER",
        "prxy5607/f59b404a-1d76-4c38-98b7-5a73c0ecea6e"
    ],
    "valid_accuracy": 0.6,
    "test_accuracy": 0.5852112676056338,
    "weights": [
        0.9954992021394258,
        0.5979515595944324,
        -0.017813027133876908,
        -0.01849867966071651,
        -0.01901350981083566,
        -0.01640067487722402,
        -0.008814196644407715,
        -0.011373334140705908,
        0.022805372613372232,
        -0.007587512396391552,
        -0.01179679237846444,
        -0.017910908211220555,
        -0.014976438433315267,
        0.02200420668650802,
        -0.018222553001952652,
        -0.012051330621965953,
        -0.017917856344021377,
        -0.015250300116991753,
        -0.05349602663507217,
        0.4962052262473917
    ]
}