{
    "task": "banking77",
    "expert_name": [
        "daje/model_5e-05_alpha-128_r-256",
        "LangAGI-Lab/Meta-Llama-3.1-8B-Instruct-WM-bootstrapped-16k-adapter",
        "datlaaaaaaa/cf707148-8a14-4b17-af50-c0c419a06bb2",
        "chchen/Llama-3.1-8B-Instruct-PsyCourse-info-chain-fold9",
        "chanadda/Meta-Llama-3.1-8B-Instruct-pantip",
        "yadayadayada1927/16_model",
        "Cookieeeeeeeeeeeeeee/llama_custom_zero",
        "thaffggg/f11180f1-1b9d-4b3c-8eee-94e554cf0f06",
        "hongngo/612beea2-1e23-46e9-b772-5d201f773304",
        "barc0/induction-run2-gpt4omini-20k-100seeds-barc-llama3.1-8b-instruct-lora64_lr2e-4_epoch3",
        "clembench-playpen/llama-3.1-8B-Instruct-multi-step-collator_playpen_SFT-e3_DFINAL_0.7K-steps",
        "daje/model_2e-4_alpha-8_r-16",
        "Ozaii/Zephyrr",
        "chchen/Llama-3.1-8B-Instruct-PsyCourse-fold3",
        "thalllsssss/00a4666d-12ae-4972-9753-306a02cf9512",
        "nomadrp/tq-llama-sft-belebele",
        "lucy666/llama3.1-8B-Concise",
        "femT-data/llama-3.1-Instruct-finetuned-NER",
        "prxy5607/f59b404a-1d76-4c38-98b7-5a73c0ecea6e",
        "cshbi/fine_tune_output_eie_3.1",
        "Alphatao/9176ae39-6635-4492-ae61-927f06585355",
        "minhtrannnn/3f048b0f-bb1e-4f5d-b68c-679dc5f1dd96",
        "XicoC/llama381binstruct_summarize_short",
        "chchen/Llama-3.1-8B-Instruct-SFT-1000",
        "leedahyeon/0219_all_llama31_cp3500",
        "ciloku/ceee306b-b546-42b7-99ba-fef7fcc1bd26",
        "chauhoang/a7b71eb1-db0f-4c12-ae7f-75544046c341",
        "GaetanMichelet/Llama-31-8B_task-3_180-samples_config-1",
        "Hiranmai49/Llama-3.1-8B-Instruct-contracts-pretrainLlama3.18b",
        "nhungphammmmm/02e0c6ce-07ec-4fa6-b963-1642c8120d72"
    ],
    "valid_accuracy": 0.3,
    "test_accuracy": 0.24155844155844156,
    "weights": [
        -0.017550059514240265,
        0.05182073371166467,
        0.0862242643608988,
        0.07485127025659005,
        -0.06436726668175517,
        0.03848477018409494,
        0.03590976336483928,
        -0.19615708897545678,
        0.10436469289857601,
        -0.013483644786145742,
        0.2721449264817746,
        0.2753997373536893,
        0.2899917079451236,
        0.838975537569137,
        0.49352900031365626,
        0.47632152887079543,
        0.09778850239703266,
        0.5329393625255625,
        0.5098196369826309,
        -0.02922001468959587,
        0.015414882956873169,
        0.00856356328770076,
        -0.003716983102677608,
        0.4966867231457613,
        -0.018067090136196857,
        0.027564555392378585,
        0.5418190181863646,
        0.5199253577284421,
        -0.018030874180309922,
        0.0030696791667473838
    ]
}