{
    "task": "multistep_arithmetic",
    "expert_name": [
        "r-three/lora_baseline_lr3e-4_step400_rank64_multistep_arithmetic",
        "daje/model_5e-05_alpha-128_r-256",
        "LangAGI-Lab/Meta-Llama-3.1-8B-Instruct-WM-bootstrapped-16k-adapter",
        "datlaaaaaaa/cf707148-8a14-4b17-af50-c0c419a06bb2",
        "chchen/Llama-3.1-8B-Instruct-PsyCourse-info-chain-fold9",
        "chanadda/Meta-Llama-3.1-8B-Instruct-pantip",
        "yadayadayada1927/16_model",
        "Cookieeeeeeeeeeeeeee/llama_custom_zero",
        "thaffggg/f11180f1-1b9d-4b3c-8eee-94e554cf0f06",
        "hongngo/612beea2-1e23-46e9-b772-5d201f773304",
        "barc0/induction-run2-gpt4omini-20k-100seeds-barc-llama3.1-8b-instruct-lora64_lr2e-4_epoch3",
        "clembench-playpen/llama-3.1-8B-Instruct-multi-step-collator_playpen_SFT-e3_DFINAL_0.7K-steps",
        "daje/model_2e-4_alpha-8_r-16",
        "Ozaii/Zephyrr",
        "chchen/Llama-3.1-8B-Instruct-PsyCourse-fold3",
        "thalllsssss/00a4666d-12ae-4972-9753-306a02cf9512",
        "nomadrp/tq-llama-sft-belebele",
        "lucy666/llama3.1-8B-Concise",
        "femT-data/llama-3.1-Instruct-finetuned-NER",
        "prxy5607/f59b404a-1d76-4c38-98b7-5a73c0ecea6e",
        "cshbi/fine_tune_output_eie_3.1",
        "Alphatao/9176ae39-6635-4492-ae61-927f06585355",
        "minhtrannnn/3f048b0f-bb1e-4f5d-b68c-679dc5f1dd96",
        "XicoC/llama381binstruct_summarize_short",
        "chchen/Llama-3.1-8B-Instruct-SFT-1000",
        "leedahyeon/0219_all_llama31_cp3500",
        "ciloku/ceee306b-b546-42b7-99ba-fef7fcc1bd26",
        "chauhoang/a7b71eb1-db0f-4c12-ae7f-75544046c341",
        "GaetanMichelet/Llama-31-8B_task-3_180-samples_config-1",
        "Hiranmai49/Llama-3.1-8B-Instruct-contracts-pretrainLlama3.18b"
    ],
    "valid_accuracy": 0.15,
    "test_accuracy": 0.21166666666666667,
    "weights": [
        1.3719058563012134,
        0.08906259940081246,
        0.8101768915966281,
        0.6893542428142073,
        0.7396500459579646,
        0.6041889905289566,
        -0.2813323626428785,
        0.21949138514329247,
        0.972082200293634,
        0.49332160485654186,
        -0.3459681718400838,
        0.29484203985422863,
        0.6593452920261698,
        0.4721108137146248,
        0.958999382103405,
        0.0436435014561097,
        0.02133307816765384,
        0.04802305953708647,
        -0.32834159775066135,
        0.29267936658349125,
        0.06352944239451085,
        -0.09042572887309054,
        -0.26524099447147453,
        -0.10486139907408794,
        -0.035488842712631474,
        -0.2844654503146227,
        0.37510240384101645,
        0.02991631641199977,
        0.26556787028759987,
        -0.12294287537966464
    ]
}