{
    "task": "twitter_complaints",
    "expert_name": [
        "r-three/lora_baseline_lr3e-4_step400_rank64_twitter_complaints",
        "leedahyeon/0221_gamsa_test_cp3000",
        "phungkhaccuong/afbdf303-5ec3-cb90-b17b-283c6f8ad70b",
        "CounterNarratives/Meta-Llama-3.1-8B-Instruct_english_premises_a",
        "britojr/llama3.1-sec10q_v2",
        "Atharva-07/classification_task",
        "aleegis10/8ed9fe91-c2b5-42ca-8efb-927b4c8fbf45",
        "robiulawaldev/da92a142-8a96-438e-80b3-13cf5e027f66",
        "LangAGI-Lab/Meta-Llama-3.1-8B-Instruct-WM-acctree-16k-75-adapter-new",
        "clembench-playpen/Llama-3-Clembench-Runs-Successful-Episodes_Top_10_Models_Individual_QA_adapted_image_game",
        "Yossim/fine_tuned_llama2",
        "duyphu/e1bc4b5a-5af6-4ce2-be2d-622344438659",
        "tanatapanun/Meta-Llama-3.1-8B-Instruct-NoteChat-32r-train-dataset-1-epochs-document-prompt-token-4096",
        "developerssy/Meta-Llama-3.1-8B-skills",
        "ncbateman/65eaec89-ddb3-4b65-866f-c621f95eea55",
        "hansh/hansken_human_hql",
        "minhtrannnn/3f048b0f-bb1e-4f5d-b68c-679dc5f1dd96",
        "nhunglaaaaaaa/8efc2e7d-f7f6-46a4-83bd-bf5ae190a347",
        "datlaaaaaaa/5c74b710-f2b8-45a0-8bbb-8b3c49d26627",
        "mkopecki/chess-lora-adapter-fp-llama-3.1-8b"
    ],
    "valid_accuracy": 1.0,
    "test_accuracy": 0.9101449275362319,
    "weights": [
        0.7518662967936381,
        -0.003095811811953169,
        -0.09275613638995711,
        0.34566726638558887,
        0.002166803574134714,
        0.3163615701837446,
        0.025340692721676994,
        0.09678450205852329,
        -0.050523948279141064,
        -0.04444774424158747,
        0.007952893462234416,
        0.000774168966118303,
        0.011635929404636397,
        -0.01274036816542559,
        -0.005081959859568541,
        -0.0019843999218434605,
        0.03176630859891418,
        -0.010542976647266637,
        0.018457364660428854,
        -0.002393717769406304
    ]
}