{
    "task": "ade_corpus_v2",
    "expert_name": [
        "r-three/lora_baseline_lr3e-4_step400_rank64_ade_corpus_v2",
        "leedahyeon/0221_gamsa_test_cp3000",
        "phungkhaccuong/afbdf303-5ec3-cb90-b17b-283c6f8ad70b",
        "CounterNarratives/Meta-Llama-3.1-8B-Instruct_english_premises_a",
        "britojr/llama3.1-sec10q_v2",
        "Atharva-07/classification_task",
        "aleegis10/8ed9fe91-c2b5-42ca-8efb-927b4c8fbf45",
        "robiulawaldev/da92a142-8a96-438e-80b3-13cf5e027f66",
        "LangAGI-Lab/Meta-Llama-3.1-8B-Instruct-WM-acctree-16k-75-adapter-new",
        "clembench-playpen/Llama-3-Clembench-Runs-Successful-Episodes_Top_10_Models_Individual_QA_adapted_image_game",
        "Yossim/fine_tuned_llama2",
        "duyphu/e1bc4b5a-5af6-4ce2-be2d-622344438659",
        "tanatapanun/Meta-Llama-3.1-8B-Instruct-NoteChat-32r-train-dataset-1-epochs-document-prompt-token-4096",
        "developerssy/Meta-Llama-3.1-8B-skills",
        "ncbateman/65eaec89-ddb3-4b65-866f-c621f95eea55",
        "hansh/hansken_human_hql",
        "minhtrannnn/3f048b0f-bb1e-4f5d-b68c-679dc5f1dd96",
        "nhunglaaaaaaa/8efc2e7d-f7f6-46a4-83bd-bf5ae190a347",
        "datlaaaaaaa/5c74b710-f2b8-45a0-8bbb-8b3c49d26627",
        "mkopecki/chess-lora-adapter-fp-llama-3.1-8b"
    ],
    "valid_accuracy": 0.8,
    "test_accuracy": 0.8869047619047619,
    "weights": [
        1.0342872627957875,
        0.40290835550513054,
        0.5179020243544195,
        -0.05566409784064646,
        -0.1273709391995541,
        -0.03725114529223439,
        -0.07507577163906946,
        0.002082540435343012,
        -0.07955806266193037,
        -0.09573499892343508,
        -0.04745725883344301,
        -0.05209290481219528,
        -0.0335516711572405,
        -0.01978666764838509,
        -0.04830214372592625,
        0.005872909413391763,
        0.054940592814169235,
        0.0042490243933109165,
        -0.022007293192553696,
        -0.11332626525004719
    ]
}