{
    "task": "twitter_financial_news_sentiment",
    "expert_name": [
        "r-three/lora_baseline_lr3e-4_step400_rank64_twitter_financial_news_sentiment",
        "tanatapanun/Meta-Llama-3.1-8B-Instruct-NoteChat-32r-train-dataset-1-epochs-document-prompt-token-4096",
        "leedahyeon/0221_all_llama31_docs_cp3500",
        "minhtrannnn/0d5d4d02-c5c0-4607-b69a-0ddd8845e6f7",
        "robiulawaldev/da92a142-8a96-438e-80b3-13cf5e027f66",
        "gotzmann/1JV44C2nd",
        "chchen/Llama-3.1-8B-Instruct-PsyCourse-doc-info-fold8",
        "daje/model_2e-4",
        "laquythang/07d7800a-5441-44b2-8e4b-5b1f2fb61a61",
        "prxy5606/98345738-30aa-41c4-bf69-2392a1ce4d0a"
    ],
    "valid_accuracy": 0.8,
    "test_accuracy": 0.7884816753926701,
    "weights": [
        0.9346323477243612,
        0.07076911750661967,
        0.7496667564873882,
        -0.29400731323138196,
        0.5399240217815849,
        0.024945994100537935,
        0.5889624851247627,
        0.09328968440082065,
        -0.07287813316625413,
        -0.5704135204148407
    ]
}