{
    "task": "circa",
    "expert_name": [
        "daje/model_0.0002_alpha-32_r-64",
        "aseratus1/80dde36f-b140-4e57-a010-bebb9584c30b",
        "Tomlord/Llama-3.1-8B-Instruct-LoRA-Hp-adk",
        "clembench-playpen/llama-3.1-8B-Instruct-rehearsal-steps_playpen_SFT-e3_DFINAL_0.93K-steps",
        "faridlazuarda/valadapt-llama-3.1-8B-it-german"
    ],
    "valid_accuracy": 0.1,
    "test_accuracy": 0.16136562591187628,
    "weights": [
        0.018358627969233057,
        -0.01769548659082339,
        -0.02518158506899715,
        -0.0011109413328639042,
        0.021073005933316916
    ]
}