{
    "task": "sciq",
    "expert_name": [
        "r-three/lora_baseline_lr3e-4_step400_rank64_sciq",
        "daje/model_5e-05_alpha-128_r-256",
        "LangAGI-Lab/Meta-Llama-3.1-8B-Instruct-WM-bootstrapped-16k-adapter",
        "datlaaaaaaa/cf707148-8a14-4b17-af50-c0c419a06bb2",
        "chchen/Llama-3.1-8B-Instruct-PsyCourse-info-chain-fold9",
        "chanadda/Meta-Llama-3.1-8B-Instruct-pantip",
        "yadayadayada1927/16_model",
        "Cookieeeeeeeeeeeeeee/llama_custom_zero",
        "thaffggg/f11180f1-1b9d-4b3c-8eee-94e554cf0f06",
        "hongngo/612beea2-1e23-46e9-b772-5d201f773304",
        "barc0/induction-run2-gpt4omini-20k-100seeds-barc-llama3.1-8b-instruct-lora64_lr2e-4_epoch3",
        "clembench-playpen/llama-3.1-8B-Instruct-multi-step-collator_playpen_SFT-e3_DFINAL_0.7K-steps",
        "daje/model_2e-4_alpha-8_r-16",
        "Ozaii/Zephyrr",
        "chchen/Llama-3.1-8B-Instruct-PsyCourse-fold3",
        "thalllsssss/00a4666d-12ae-4972-9753-306a02cf9512",
        "nomadrp/tq-llama-sft-belebele",
        "lucy666/llama3.1-8B-Concise",
        "femT-data/llama-3.1-Instruct-finetuned-NER",
        "prxy5607/f59b404a-1d76-4c38-98b7-5a73c0ecea6e"
    ],
    "valid_accuracy": 0.45,
    "test_accuracy": 0.442,
    "weights": [
        1.4108941393886842,
        -0.09130421903376354,
        1.3018729520299364,
        -0.026663793471478826,
        0.0541450840161254,
        0.264530625441437,
        0.3543803601147278,
        0.15443373235596278,
        0.19975623695266131,
        0.17500082798315744,
        -0.01431611352160865,
        0.011720419649333118,
        -0.31137035241717304,
        0.4866994204803836,
        0.4669849594966203,
        0.14567266781710253,
        0.625122935836861,
        0.705900143283609,
        0.35511366522741233,
        -0.030578033887826213
    ]
}