{
    "task": "circa",
    "expert_name": [
        "r-three/lora_baseline_lr3e-4_step400_rank64_circa",
        "leedahyeon/0221_gamsa_test_cp3000",
        "phungkhaccuong/afbdf303-5ec3-cb90-b17b-283c6f8ad70b",
        "CounterNarratives/Meta-Llama-3.1-8B-Instruct_english_premises_a",
        "britojr/llama3.1-sec10q_v2"
    ],
    "valid_accuracy": 0.85,
    "test_accuracy": 0.8141231397723957,
    "weights": [
        0.8438248858632797,
        0.2803247085782331,
        -0.02245585972828775,
        0.0018099373738232382,
        0.23243276956480957
    ]
}