{
    "task": "anli",
    "expert_name": [
        "r-three/lora_baseline_lr3e-4_step400_rank64_anli",
        "leedahyeon/0221_gamsa_test_cp3000",
        "phungkhaccuong/afbdf303-5ec3-cb90-b17b-283c6f8ad70b",
        "CounterNarratives/Meta-Llama-3.1-8B-Instruct_english_premises_a",
        "britojr/llama3.1-sec10q_v2",
        "Atharva-07/classification_task",
        "aleegis10/8ed9fe91-c2b5-42ca-8efb-927b4c8fbf45",
        "robiulawaldev/da92a142-8a96-438e-80b3-13cf5e027f66",
        "LangAGI-Lab/Meta-Llama-3.1-8B-Instruct-WM-acctree-16k-75-adapter-new",
        "clembench-playpen/Llama-3-Clembench-Runs-Successful-Episodes_Top_10_Models_Individual_QA_adapted_image_game",
        "Yossim/fine_tuned_llama2",
        "duyphu/e1bc4b5a-5af6-4ce2-be2d-622344438659",
        "tanatapanun/Meta-Llama-3.1-8B-Instruct-NoteChat-32r-train-dataset-1-epochs-document-prompt-token-4096",
        "developerssy/Meta-Llama-3.1-8B-skills",
        "ncbateman/65eaec89-ddb3-4b65-866f-c621f95eea55",
        "hansh/hansken_human_hql",
        "minhtrannnn/3f048b0f-bb1e-4f5d-b68c-679dc5f1dd96",
        "nhunglaaaaaaa/8efc2e7d-f7f6-46a4-83bd-bf5ae190a347",
        "datlaaaaaaa/5c74b710-f2b8-45a0-8bbb-8b3c49d26627",
        "mkopecki/chess-lora-adapter-fp-llama-3.1-8b"
    ],
    "valid_accuracy": 0.55,
    "test_accuracy": 0.575,
    "weights": [
        0.7017150292190624,
        0.3065864972729804,
        -0.2102551612363307,
        0.49153322036354385,
        0.06147041212098665,
        0.03780718464576817,
        -0.04161340003807318,
        -0.035793958760566985,
        -0.06554323738266861,
        -0.12766980478346257,
        0.49887066666518487,
        0.42017035630721705,
        -0.05639562324405515,
        0.09311597099407158,
        -0.08037858520285958,
        -0.12315497686581577,
        -0.10454778735644778,
        0.4614886337345807,
        -0.01726899236002989,
        -0.04415858564366745
    ]
}