{
    "task": "xnli_hi",
    "expert_name": [
        "daje/model_5e-05_alpha-128_r-256",
        "LangAGI-Lab/Meta-Llama-3.1-8B-Instruct-WM-bootstrapped-16k-adapter",
        "datlaaaaaaa/cf707148-8a14-4b17-af50-c0c419a06bb2",
        "chchen/Llama-3.1-8B-Instruct-PsyCourse-info-chain-fold9",
        "chanadda/Meta-Llama-3.1-8B-Instruct-pantip",
        "yadayadayada1927/16_model",
        "Cookieeeeeeeeeeeeeee/llama_custom_zero",
        "thaffggg/f11180f1-1b9d-4b3c-8eee-94e554cf0f06",
        "hongngo/612beea2-1e23-46e9-b772-5d201f773304",
        "barc0/induction-run2-gpt4omini-20k-100seeds-barc-llama3.1-8b-instruct-lora64_lr2e-4_epoch3"
    ],
    "valid_accuracy": 0.45,
    "test_accuracy": 0.4898,
    "weights": [
        0.0006335425825666459,
        0.0013781348022634116,
        0.5212962508411595,
        0.4993494931782711,
        -0.0007284164933370612,
        0.49881688788964906,
        -0.0025438818651253615,
        -0.0003517452544027008,
        -2.2412398545724392e-05,
        0.008093291292979964
    ]
}