{
    "task": "qa_wikidata",
    "expert_name": [
        "daje/model_5e-05_alpha-128_r-256",
        "LangAGI-Lab/Meta-Llama-3.1-8B-Instruct-WM-bootstrapped-16k-adapter",
        "datlaaaaaaa/cf707148-8a14-4b17-af50-c0c419a06bb2",
        "chchen/Llama-3.1-8B-Instruct-PsyCourse-info-chain-fold9",
        "chanadda/Meta-Llama-3.1-8B-Instruct-pantip"
    ],
    "valid_accuracy": 0.8,
    "test_accuracy": 0.6894865525672371,
    "weights": [
        -0.8087302030027962,
        0.6092975337947274,
        0.9188795805326507,
        -0.013012877518927699,
        0.6791711236421403
    ]
}