{
    "task": "super_glue_boolq",
    "expert_name": [
        "leedahyeon/0221_gamsa_test_cp3000",
        "phungkhaccuong/afbdf303-5ec3-cb90-b17b-283c6f8ad70b",
        "CounterNarratives/Meta-Llama-3.1-8B-Instruct_english_premises_a",
        "britojr/llama3.1-sec10q_v2",
        "Atharva-07/classification_task",
        "aleegis10/8ed9fe91-c2b5-42ca-8efb-927b4c8fbf45",
        "robiulawaldev/da92a142-8a96-438e-80b3-13cf5e027f66",
        "LangAGI-Lab/Meta-Llama-3.1-8B-Instruct-WM-acctree-16k-75-adapter-new",
        "clembench-playpen/Llama-3-Clembench-Runs-Successful-Episodes_Top_10_Models_Individual_QA_adapted_image_game",
        "Yossim/fine_tuned_llama2"
    ],
    "valid_accuracy": 0.85,
    "test_accuracy": 0.855779427359491,
    "weights": [
        0.015071811951217507,
        -0.0258537169564066,
        0.46014214170460804,
        0.46477671126379405,
        0.5642930763715265,
        -0.033174423823175606,
        0.502614003764193,
        0.008544196165537728,
        0.01451192037787023,
        0.005096508152374241
    ]
}