{
    "task": "super_glue_copa",
    "expert_name": [
        "r-three/lora_baseline_lr3e-4_step400_rank64_super_glue_copa",
        "tanatapanun/Meta-Llama-3.1-8B-Instruct-NoteChat-32r-train-dataset-1-epochs-document-prompt-token-4096",
        "leedahyeon/0221_all_llama31_docs_cp3500",
        "minhtrannnn/0d5d4d02-c5c0-4607-b69a-0ddd8845e6f7",
        "robiulawaldev/da92a142-8a96-438e-80b3-13cf5e027f66"
    ],
    "valid_accuracy": 1.0,
    "test_accuracy": 0.975,
    "weights": [
        0.570359311348034,
        0.18032237484181718,
        0.1446091542571663,
        -0.01468112044579829,
        -0.02992507564557715
    ]
}