{
    "task": "mnist_ascii",
    "expert_name": [
        "tanatapanun/Meta-Llama-3.1-8B-Instruct-NoteChat-32r-train-dataset-1-epochs-document-prompt-token-4096",
        "leedahyeon/0221_all_llama31_docs_cp3500",
        "minhtrannnn/0d5d4d02-c5c0-4607-b69a-0ddd8845e6f7",
        "robiulawaldev/da92a142-8a96-438e-80b3-13cf5e027f66",
        "gotzmann/1JV44C2nd"
    ],
    "valid_accuracy": 0.05,
    "test_accuracy": 0.1084,
    "weights": [
        0.29308400893433534,
        -0.3113074741200372,
        -0.02080989549717831,
        0.9378762485384793,
        -0.0083352401842724
    ]
}