{
    "task": "super_glue_wsc",
    "expert_name": [
        "leedahyeon/0221_gamsa_test_cp3000",
        "phungkhaccuong/afbdf303-5ec3-cb90-b17b-283c6f8ad70b",
        "CounterNarratives/Meta-Llama-3.1-8B-Instruct_english_premises_a",
        "britojr/llama3.1-sec10q_v2",
        "Atharva-07/classification_task",
        "aleegis10/8ed9fe91-c2b5-42ca-8efb-927b4c8fbf45",
        "robiulawaldev/da92a142-8a96-438e-80b3-13cf5e027f66",
        "LangAGI-Lab/Meta-Llama-3.1-8B-Instruct-WM-acctree-16k-75-adapter-new",
        "clembench-playpen/Llama-3-Clembench-Runs-Successful-Episodes_Top_10_Models_Individual_QA_adapted_image_game",
        "Yossim/fine_tuned_llama2",
        "duyphu/e1bc4b5a-5af6-4ce2-be2d-622344438659",
        "tanatapanun/Meta-Llama-3.1-8B-Instruct-NoteChat-32r-train-dataset-1-epochs-document-prompt-token-4096",
        "developerssy/Meta-Llama-3.1-8B-skills",
        "ncbateman/65eaec89-ddb3-4b65-866f-c621f95eea55",
        "hansh/hansken_human_hql",
        "minhtrannnn/3f048b0f-bb1e-4f5d-b68c-679dc5f1dd96",
        "nhunglaaaaaaa/8efc2e7d-f7f6-46a4-83bd-bf5ae190a347",
        "datlaaaaaaa/5c74b710-f2b8-45a0-8bbb-8b3c49d26627",
        "mkopecki/chess-lora-adapter-fp-llama-3.1-8b",
        "llm-wizard/llama381binstruct_summarize",
        "duyphu/4ecd8066-f334-4600-a146-3ec7b56f98be",
        "clembench-playpen/meta-llama-Meta-Llama-3.1-8B-Instruct_SFT_E1_DM002",
        "CharlesLi/llama_3_gsm8k_cot_simplest",
        "mohmzm/llama_3_1_8B_doc_rel_v0.1",
        "faridlazuarda/valadapt-llama-3.1-8B-it-bengali",
        "GaetanMichelet/Llama-31-8B_task-2_60-samples_config-1",
        "RAG-Gym/ReSearch-HotpotQA-SFT",
        "clembench-playpen/llama-3.1-8B-Instruct_playpen_ablation_SFT_DFINAL_0.4K-steps",
        "tanatapanun/Meta-Llama-3.1-8B-Instruct-NoteChat-32r-train-dataset-1-epochs-document-prompt-token-1024",
        "clembench-playpen/meta-llama-Meta-Llama-3.1-8B-Instruct_SFT_D90018"
    ],
    "valid_accuracy": 0.65,
    "test_accuracy": 0.5178571428571429,
    "weights": [
        0.03091215476487093,
        0.4616867113994188,
        0.17728092941433962,
        0.36082820320826703,
        0.9191214454838538,
        -0.11813034739859854,
        0.562081794294483,
        -0.25228508748339634,
        0.07744748059973387,
        -0.23130274809752355,
        -0.02041835470422876,
        0.5500178629155691,
        0.5070611821492419,
        0.008460966507894515,
        -0.001735617167674852,
        0.5170859473447375,
        0.5011928953846506,
        0.5079454520298808,
        -0.013927565514522764,
        -0.003300197548126248,
        -0.003105437078572127,
        -0.009580857097804296,
        -0.018491320338066098,
        -0.02374942765078603,
        0.49955423783525055,
        -0.004338852519798905,
        -0.0022419844062898466,
        0.5033828627939132,
        -0.007892773198088216,
        -0.0036212452850488087
    ]
}