{
    "task": "web_of_lies",
    "expert_name": [
        "r-three/lora_baseline_10_lr3e-4_step100_rank64_web_of_lies",
        "tanatapanun/Meta-Llama-3.1-8B-Instruct-NoteChat-32r-train-dataset-1-epochs-document-prompt-token-4096",
        "leedahyeon/0221_all_llama31_docs_cp3500",
        "minhtrannnn/0d5d4d02-c5c0-4607-b69a-0ddd8845e6f7",
        "robiulawaldev/da92a142-8a96-438e-80b3-13cf5e027f66",
        "gotzmann/1JV44C2nd",
        "chchen/Llama-3.1-8B-Instruct-PsyCourse-doc-info-fold8",
        "daje/model_2e-4",
        "laquythang/07d7800a-5441-44b2-8e4b-5b1f2fb61a61",
        "prxy5606/98345738-30aa-41c4-bf69-2392a1ce4d0a",
        "LangAGI-Lab/Meta-Llama-3.1-8B-Instruct-WM-bootstrapped-16k-adapter",
        "myhaaaaaaa/2bd8eab3-2f15-4917-83d4-5245c3b84852",
        "CharlesLi/llama_3_unsafe_helpful",
        "mohmzm/llama_3_1_8b_instruct_document_relevance_test",
        "chchen/Llama-3.1-8B-Instruct-SAA-700",
        "GaetanMichelet/Llama-31-8B_task-2_180-samples_config-1_full",
        "EdBergJr/tablets_baha_arabic",
        "GaetanMichelet/Llama-31-8B_task-1_60-samples_config-1_full_auto",
        "nomadrp/tq-6-langs",
        "0x1202/0fa06e19-bb47-4f8b-9cc3-fa3e8c3c0982",
        "nhung03/8807e2a5-ff05-45b2-ab4b-a170e19c24b6",
        "npark95/qlora_llama3_0shot",
        "clembench-playpen/meta-llama-Meta-Llama-3.1-8B-Instruct_SFT_E1_D60006",
        "RoeReRe/Meta-LLama-3.1-8B-Instruct-Finetuned-Bias-4.5K",
        "estrogen/L3.1-8b-Ink-ep1-adpt",
        "Nevil9/PsyLlama",
        "MoreWrong/studybuddy",
        "clembench-playpen/meta-llama-Meta-Llama-3.1-8B-Instruct_SFT_D90003",
        "clembench-playpen/meta-llama-Meta-Llama-3.1-8B-Instruct_SFT_E1_D90000",
        "diagonalge/4ff3f177-6bb4-406d-b6ba-5fd891aee612"
    ],
    "train+valid_accuracy": 1.0,
    "test_accuracy": 0.5587248322147651,
    "weights": [
        0.47277853008548465,
        0.4998314571273705,
        0.5000077015254272,
        -0.027419939344456072,
        0.00018821197689945603,
        6.056289637468068e-05,
        3.1072665609618946e-05,
        0.0002647467023149655,
        -2.761701976585268e-05,
        -3.762015767174685e-05,
        -3.680470427825993e-05,
        -3.95569939657847e-05,
        -4.1393067523237817e-05,
        2.2421280689332635e-05,
        -4.737655270993844e-05,
        -3.628349666102192e-05,
        -4.037999127122998e-05,
        -3.6815113692241527e-05,
        -4.031884502114769e-05,
        -4.570205965171167e-05,
        -4.4462508732523226e-05,
        -4.7369197259040665e-05,
        -5.2330226556307543e-05,
        -6.556442936034604e-05,
        0.001754635470128206,
        0.006116138261558496,
        1.8284431917962076e-05,
        -0.001964402390776957,
        -0.022674037011653186,
        -4.005956616482635e-05
    ]
}