{
    "task": "tracking_shuffled_objects",
    "expert_name": [
        "tanatapanun/Meta-Llama-3.1-8B-Instruct-NoteChat-32r-train-dataset-1-epochs-document-prompt-token-4096",
        "leedahyeon/0221_all_llama31_docs_cp3500",
        "minhtrannnn/0d5d4d02-c5c0-4607-b69a-0ddd8845e6f7",
        "robiulawaldev/da92a142-8a96-438e-80b3-13cf5e027f66",
        "gotzmann/1JV44C2nd"
    ],
    "valid_accuracy": 0.1,
    "test_accuracy": 0.2,
    "weights": [
        0.9989974340231107,
        -0.009449552304690734,
        -0.14888318170215437,
        0.6385258858288025,
        0.6501980846257318
    ]
}