{
    "task": "unarxive_imrad_clf",
    "expert_name": [
        "leedahyeon/0221_gamsa_test_cp3000",
        "phungkhaccuong/afbdf303-5ec3-cb90-b17b-283c6f8ad70b",
        "CounterNarratives/Meta-Llama-3.1-8B-Instruct_english_premises_a",
        "britojr/llama3.1-sec10q_v2",
        "Atharva-07/classification_task"
    ],
    "valid_accuracy": 0.4,
    "test_accuracy": 0.3716121260791006,
    "weights": [
        -0.06540177353576655,
        0.01888106866731572,
        -0.06773054803068024,
        0.5824762861360973,
        -0.03469251770330272
    ]
}