{
    "task": "unarxive_imrad_clf",
    "expert_name": [
        "daje/model_5e-05_alpha-128_r-256",
        "LangAGI-Lab/Meta-Llama-3.1-8B-Instruct-WM-bootstrapped-16k-adapter",
        "datlaaaaaaa/cf707148-8a14-4b17-af50-c0c419a06bb2",
        "chchen/Llama-3.1-8B-Instruct-PsyCourse-info-chain-fold9",
        "chanadda/Meta-Llama-3.1-8B-Instruct-pantip"
    ],
    "valid_accuracy": 0.3,
    "test_accuracy": 0.37442280666532823,
    "weights": [
        0.0037213709310954407,
        -0.0719512648762458,
        1.3561283277598006,
        0.2805037171986431,
        0.7353423764378096
    ]
}