{
    "task": "clinc_oos",
    "expert_name": [
        "r-three/lora_baseline_lr3e-4_step400_rank64_clinc_oos",
        "leedahyeon/0221_gamsa_test_cp3000",
        "phungkhaccuong/afbdf303-5ec3-cb90-b17b-283c6f8ad70b",
        "CounterNarratives/Meta-Llama-3.1-8B-Instruct_english_premises_a",
        "britojr/llama3.1-sec10q_v2"
    ],
    "valid_accuracy": 0.75,
    "test_accuracy": 0.7022,
    "weights": [
        0.7914342968495236,
        0.3222404730598601,
        -0.006031183802759077,
        -0.02007946695971937,
        -0.04448671086730875
    ]
}