{
    "task": "super_glue_wic",
    "expert_name": [
        "r-three/lora_baseline_lr3e-4_step400_rank64_super_glue_wic",
        "leedahyeon/0221_gamsa_test_cp3000",
        "phungkhaccuong/afbdf303-5ec3-cb90-b17b-283c6f8ad70b",
        "CounterNarratives/Meta-Llama-3.1-8B-Instruct_english_premises_a",
        "britojr/llama3.1-sec10q_v2"
    ],
    "valid_accuracy": 0.7,
    "test_accuracy": 0.7219152854511971,
    "weights": [
        1.0005716615091524,
        0.642911893382085,
        0.047579623067845925,
        -0.15484534578976514,
        -0.13552601633971703
    ]
}