{
    "task": "tracking_shuffled_objects",
    "expert_name": [
        "r-three/lora_baseline_lr3e-4_step400_rank64_tracking_shuffled_objects",
        "tanatapanun/Meta-Llama-3.1-8B-Instruct-NoteChat-32r-train-dataset-1-epochs-document-prompt-token-4096",
        "leedahyeon/0221_all_llama31_docs_cp3500",
        "minhtrannnn/0d5d4d02-c5c0-4607-b69a-0ddd8845e6f7",
        "robiulawaldev/da92a142-8a96-438e-80b3-13cf5e027f66",
        "gotzmann/1JV44C2nd",
        "chchen/Llama-3.1-8B-Instruct-PsyCourse-doc-info-fold8",
        "daje/model_2e-4",
        "laquythang/07d7800a-5441-44b2-8e4b-5b1f2fb61a61",
        "prxy5606/98345738-30aa-41c4-bf69-2392a1ce4d0a",
        "LangAGI-Lab/Meta-Llama-3.1-8B-Instruct-WM-bootstrapped-16k-adapter",
        "myhaaaaaaa/2bd8eab3-2f15-4917-83d4-5245c3b84852",
        "CharlesLi/llama_3_unsafe_helpful",
        "mohmzm/llama_3_1_8b_instruct_document_relevance_test",
        "chchen/Llama-3.1-8B-Instruct-SAA-700",
        "GaetanMichelet/Llama-31-8B_task-2_180-samples_config-1_full",
        "EdBergJr/tablets_baha_arabic",
        "GaetanMichelet/Llama-31-8B_task-1_60-samples_config-1_full_auto",
        "nomadrp/tq-6-langs",
        "0x1202/0fa06e19-bb47-4f8b-9cc3-fa3e8c3c0982",
        "nhung03/8807e2a5-ff05-45b2-ab4b-a170e19c24b6",
        "npark95/qlora_llama3_0shot",
        "clembench-playpen/meta-llama-Meta-Llama-3.1-8B-Instruct_SFT_E1_D60006",
        "RoeReRe/Meta-LLama-3.1-8B-Instruct-Finetuned-Bias-4.5K",
        "estrogen/L3.1-8b-Ink-ep1-adpt",
        "Nevil9/PsyLlama",
        "MoreWrong/studybuddy",
        "clembench-playpen/meta-llama-Meta-Llama-3.1-8B-Instruct_SFT_D90003",
        "clembench-playpen/meta-llama-Meta-Llama-3.1-8B-Instruct_SFT_E1_D90000",
        "diagonalge/4ff3f177-6bb4-406d-b6ba-5fd891aee612"
    ],
    "valid_accuracy": 0.45,
    "test_accuracy": 0.2906666666666667,
    "weights": [
        1.0626025307124356,
        0.45097081579556925,
        -0.01443346855319862,
        -0.1671574335183986,
        -0.15781913608875367,
        0.3425320572878223,
        -0.006389318714460582,
        0.004132161529129559,
        0.49706710451565084,
        0.4892769182451042,
        -0.005711544596138057,
        -0.007252963288902989,
        0.5198649274393888,
        -0.07458785730359636,
        -0.02760024310446474,
        -0.018555761432557796,
        -0.043591946107706545,
        -0.022951710545898688,
        -0.014236446763726908,
        -0.021201639126974182,
        -0.013128241677639277,
        0.021041227421140708,
        -0.027952228257133407,
        -0.019007950199108427,
        0.012660170437027697,
        -0.042956026902735554,
        -0.0047781928743335445,
        0.05042605091053534,
        -0.03485270567817244,
        -0.010238074405315366
    ]
}