{
    "task": "anli",
    "expert_name": [
        "r-three/lora_baseline_lr3e-4_step400_rank64_anli",
        "tanatapanun/Meta-Llama-3.1-8B-Instruct-NoteChat-32r-train-dataset-1-epochs-document-prompt-token-4096",
        "leedahyeon/0221_all_llama31_docs_cp3500",
        "minhtrannnn/0d5d4d02-c5c0-4607-b69a-0ddd8845e6f7",
        "robiulawaldev/da92a142-8a96-438e-80b3-13cf5e027f66",
        "gotzmann/1JV44C2nd",
        "chchen/Llama-3.1-8B-Instruct-PsyCourse-doc-info-fold8",
        "daje/model_2e-4",
        "laquythang/07d7800a-5441-44b2-8e4b-5b1f2fb61a61",
        "prxy5606/98345738-30aa-41c4-bf69-2392a1ce4d0a",
        "LangAGI-Lab/Meta-Llama-3.1-8B-Instruct-WM-bootstrapped-16k-adapter",
        "myhaaaaaaa/2bd8eab3-2f15-4917-83d4-5245c3b84852",
        "CharlesLi/llama_3_unsafe_helpful",
        "mohmzm/llama_3_1_8b_instruct_document_relevance_test",
        "chchen/Llama-3.1-8B-Instruct-SAA-700",
        "GaetanMichelet/Llama-31-8B_task-2_180-samples_config-1_full",
        "EdBergJr/tablets_baha_arabic",
        "GaetanMichelet/Llama-31-8B_task-1_60-samples_config-1_full_auto",
        "nomadrp/tq-6-langs",
        "0x1202/0fa06e19-bb47-4f8b-9cc3-fa3e8c3c0982",
        "nhung03/8807e2a5-ff05-45b2-ab4b-a170e19c24b6",
        "npark95/qlora_llama3_0shot",
        "clembench-playpen/meta-llama-Meta-Llama-3.1-8B-Instruct_SFT_E1_D60006",
        "RoeReRe/Meta-LLama-3.1-8B-Instruct-Finetuned-Bias-4.5K",
        "estrogen/L3.1-8b-Ink-ep1-adpt",
        "Nevil9/PsyLlama",
        "MoreWrong/studybuddy",
        "clembench-playpen/meta-llama-Meta-Llama-3.1-8B-Instruct_SFT_D90003",
        "clembench-playpen/meta-llama-Meta-Llama-3.1-8B-Instruct_SFT_E1_D90000",
        "diagonalge/4ff3f177-6bb4-406d-b6ba-5fd891aee612"
    ],
    "valid_accuracy": 0.5,
    "test_accuracy": 0.61,
    "weights": [
        0.8480409206539228,
        0.4797659350740925,
        0.6466540882280614,
        0.4867181838713088,
        -0.08958061607701162,
        -0.010708315318355957,
        -0.0008047735273901489,
        -0.05735832643632656,
        -0.0038017010386366974,
        -0.04938838000191731,
        0.4843469954332126,
        9.43183611660381e-05,
        0.54227228517295,
        -0.02852330041112402,
        -0.009828256999835621,
        -0.03237422651776764,
        0.0006189578701571666,
        -0.03773918416549178,
        -0.01210233777078578,
        -0.012795156208961106,
        0.006690717027593796,
        0.519181449920133,
        -0.04672515641014171,
        -0.10446484779781011,
        -0.13526793878658414,
        0.1873969826852602,
        -0.059534187655096896,
        -0.08256332510408364,
        -0.009588607800277423,
        -0.06416468600664028
    ]
}