{
    "task": "qasc",
    "expert_name": [
        "r-three/lora_baseline_lr3e-4_step400_rank64_qasc",
        "leedahyeon/0221_gamsa_test_cp3000",
        "phungkhaccuong/afbdf303-5ec3-cb90-b17b-283c6f8ad70b",
        "CounterNarratives/Meta-Llama-3.1-8B-Instruct_english_premises_a",
        "britojr/llama3.1-sec10q_v2"
    ],
    "valid_accuracy": 1.0,
    "test_accuracy": 0.9508599508599509,
    "weights": [
        0.9218577198948147,
        0.0808355236182819,
        -0.00792448880805363,
        0.03922865518469237,
        -0.007456434757345834
    ]
}