{
    "task": "glue_qqp",
    "expert_name": [
        "tanatapanun/Meta-Llama-3.1-8B-Instruct-NoteChat-32r-train-dataset-1-epochs-document-prompt-token-4096",
        "leedahyeon/0221_all_llama31_docs_cp3500",
        "minhtrannnn/0d5d4d02-c5c0-4607-b69a-0ddd8845e6f7",
        "robiulawaldev/da92a142-8a96-438e-80b3-13cf5e027f66",
        "gotzmann/1JV44C2nd"
    ],
    "valid_accuracy": 0.65,
    "test_accuracy": 0.7866,
    "weights": [
        0.0011333751975969154,
        -0.0008513020202074224,
        0.0003608456733225523,
        -0.0020982732329581245,
        -0.0003373249403862752
    ]
}