{
    "task": "super_glue_rte",
    "expert_name": [
        "r-three/lora_baseline_lr3e-4_step400_rank64_super_glue_rte",
        "leedahyeon/0221_gamsa_test_cp3000",
        "phungkhaccuong/afbdf303-5ec3-cb90-b17b-283c6f8ad70b",
        "CounterNarratives/Meta-Llama-3.1-8B-Instruct_english_premises_a",
        "britojr/llama3.1-sec10q_v2",
        "Atharva-07/classification_task",
        "aleegis10/8ed9fe91-c2b5-42ca-8efb-927b4c8fbf45",
        "robiulawaldev/da92a142-8a96-438e-80b3-13cf5e027f66",
        "LangAGI-Lab/Meta-Llama-3.1-8B-Instruct-WM-acctree-16k-75-adapter-new",
        "clembench-playpen/Llama-3-Clembench-Runs-Successful-Episodes_Top_10_Models_Individual_QA_adapted_image_game"
    ],
    "valid_accuracy": 0.95,
    "test_accuracy": 0.8152610441767069,
    "weights": [
        1.1827176855461767,
        -0.07770095735061602,
        0.10105111405482599,
        0.2320508395876517,
        0.18079872725255824,
        0.07448275604787225,
        0.049506951264357904,
        0.23636565970619644,
        -0.2618786002616901,
        0.3970458254182368
    ]
}