{
    "task": "glue_qqp",
    "expert_name": [
        "r-three/lora_baseline_lr3e-4_step400_rank64_glue_qqp",
        "leedahyeon/0221_gamsa_test_cp3000",
        "phungkhaccuong/afbdf303-5ec3-cb90-b17b-283c6f8ad70b",
        "CounterNarratives/Meta-Llama-3.1-8B-Instruct_english_premises_a",
        "britojr/llama3.1-sec10q_v2",
        "Atharva-07/classification_task",
        "aleegis10/8ed9fe91-c2b5-42ca-8efb-927b4c8fbf45",
        "robiulawaldev/da92a142-8a96-438e-80b3-13cf5e027f66",
        "LangAGI-Lab/Meta-Llama-3.1-8B-Instruct-WM-acctree-16k-75-adapter-new",
        "clembench-playpen/Llama-3-Clembench-Runs-Successful-Episodes_Top_10_Models_Individual_QA_adapted_image_game"
    ],
    "valid_accuracy": 0.65,
    "test_accuracy": 0.805,
    "weights": [
        0.9830733149219458,
        0.5905564248199839,
        0.7694125180995327,
        -0.11226564611028937,
        -0.3241451508818092,
        0.38829954742954115,
        -0.15541904432055434,
        -0.1166726568511538,
        0.021106683786397594,
        -0.16628821744015823
    ]
}