{
    "task": "clinc_oos",
    "expert_name": [
        "r-three/lora_baseline_lr3e-4_step400_rank64_clinc_oos",
        "tanatapanun/Meta-Llama-3.1-8B-Instruct-NoteChat-32r-train-dataset-1-epochs-document-prompt-token-4096",
        "leedahyeon/0221_all_llama31_docs_cp3500",
        "minhtrannnn/0d5d4d02-c5c0-4607-b69a-0ddd8845e6f7",
        "robiulawaldev/da92a142-8a96-438e-80b3-13cf5e027f66",
        "gotzmann/1JV44C2nd",
        "chchen/Llama-3.1-8B-Instruct-PsyCourse-doc-info-fold8",
        "daje/model_2e-4",
        "laquythang/07d7800a-5441-44b2-8e4b-5b1f2fb61a61",
        "prxy5606/98345738-30aa-41c4-bf69-2392a1ce4d0a",
        "LangAGI-Lab/Meta-Llama-3.1-8B-Instruct-WM-bootstrapped-16k-adapter",
        "myhaaaaaaa/2bd8eab3-2f15-4917-83d4-5245c3b84852",
        "CharlesLi/llama_3_unsafe_helpful",
        "mohmzm/llama_3_1_8b_instruct_document_relevance_test",
        "chchen/Llama-3.1-8B-Instruct-SAA-700",
        "GaetanMichelet/Llama-31-8B_task-2_180-samples_config-1_full",
        "EdBergJr/tablets_baha_arabic",
        "GaetanMichelet/Llama-31-8B_task-1_60-samples_config-1_full_auto",
        "nomadrp/tq-6-langs",
        "0x1202/0fa06e19-bb47-4f8b-9cc3-fa3e8c3c0982"
    ],
    "valid_accuracy": 0.7,
    "test_accuracy": 0.6986,
    "weights": [
        0.7709941260034411,
        -0.20015476781065836,
        0.3919585886698756,
        0.9742829716067258,
        -0.060508664562573054,
        0.5624322947396762,
        0.4745794976454098,
        -0.016353180781718504,
        0.4449873454269971,
        -0.25595360689650093,
        0.732383727865807,
        0.6218704121537322,
        0.002578904386549761,
        -0.038409235457979606,
        -0.07355766268930199,
        0.010068233154303,
        0.5537445294410452,
        0.07742840769369178,
        -0.0415558854689892,
        -0.022249504323029475
    ]
}