{
    "task": "race_high",
    "expert_name": [
        "leedahyeon/0221_gamsa_test_cp3000",
        "phungkhaccuong/afbdf303-5ec3-cb90-b17b-283c6f8ad70b",
        "CounterNarratives/Meta-Llama-3.1-8B-Instruct_english_premises_a",
        "britojr/llama3.1-sec10q_v2",
        "Atharva-07/classification_task"
    ],
    "valid_accuracy": 0.6,
    "test_accuracy": 0.5351629502572899,
    "weights": [
        -0.024439102310633846,
        -0.06266140958515194,
        0.5112024975656974,
        -0.04816400309281487,
        -0.04778354145069821
    ]
}