{
    "task": "tweet_eval_hate",
    "expert_name": [
        "r-three/lora_baseline_10_lr3e-4_step100_rank64_tweet_eval_hate",
        "tanatapanun/Meta-Llama-3.1-8B-Instruct-NoteChat-32r-train-dataset-1-epochs-document-prompt-token-4096",
        "leedahyeon/0221_all_llama31_docs_cp3500",
        "minhtrannnn/0d5d4d02-c5c0-4607-b69a-0ddd8845e6f7",
        "robiulawaldev/da92a142-8a96-438e-80b3-13cf5e027f66",
        "gotzmann/1JV44C2nd",
        "chchen/Llama-3.1-8B-Instruct-PsyCourse-doc-info-fold8",
        "daje/model_2e-4",
        "laquythang/07d7800a-5441-44b2-8e4b-5b1f2fb61a61",
        "prxy5606/98345738-30aa-41c4-bf69-2392a1ce4d0a",
        "LangAGI-Lab/Meta-Llama-3.1-8B-Instruct-WM-bootstrapped-16k-adapter",
        "myhaaaaaaa/2bd8eab3-2f15-4917-83d4-5245c3b84852",
        "CharlesLi/llama_3_unsafe_helpful",
        "mohmzm/llama_3_1_8b_instruct_document_relevance_test",
        "chchen/Llama-3.1-8B-Instruct-SAA-700",
        "GaetanMichelet/Llama-31-8B_task-2_180-samples_config-1_full",
        "EdBergJr/tablets_baha_arabic",
        "GaetanMichelet/Llama-31-8B_task-1_60-samples_config-1_full_auto",
        "nomadrp/tq-6-langs",
        "0x1202/0fa06e19-bb47-4f8b-9cc3-fa3e8c3c0982",
        "nhung03/8807e2a5-ff05-45b2-ab4b-a170e19c24b6",
        "npark95/qlora_llama3_0shot",
        "clembench-playpen/meta-llama-Meta-Llama-3.1-8B-Instruct_SFT_E1_D60006",
        "RoeReRe/Meta-LLama-3.1-8B-Instruct-Finetuned-Bias-4.5K",
        "estrogen/L3.1-8b-Ink-ep1-adpt",
        "Nevil9/PsyLlama",
        "MoreWrong/studybuddy",
        "clembench-playpen/meta-llama-Meta-Llama-3.1-8B-Instruct_SFT_D90003",
        "clembench-playpen/meta-llama-Meta-Llama-3.1-8B-Instruct_SFT_E1_D90000",
        "diagonalge/4ff3f177-6bb4-406d-b6ba-5fd891aee612"
    ],
    "train+valid_accuracy": 1.0,
    "test_accuracy": 0.4612794612794613,
    "weights": [
        0.706972723617014,
        0.5989532275959885,
        0.40096361122493007,
        0.4938702770769003,
        0.00010289847091422914,
        2.8520452766605525e-07,
        -0.00012049516809129775,
        0.5000420302049838,
        -5.6092927846018514e-05,
        -4.736773952050001e-05,
        -5.6328129765324734e-05,
        -5.491525946525668e-05,
        -5.544904044304771e-05,
        0.0001260899798721932,
        -0.00013117460765118497,
        -0.00012337643800769274,
        -0.00019106424480843677,
        0.0010433762261821337,
        -0.0001365209492071946,
        -0.00016632679665297564,
        -0.00013040117201482894,
        -0.00017498310309386697,
        -3.9983460588774145e-05,
        -4.620861181158187e-05,
        -4.317850445052253e-05,
        -4.4576238277451746e-05,
        -0.00032446021468116477,
        -1.662630289961358e-05,
        -4.131822283458529e-06,
        -0.00020448909359841412
    ]
}