{
    "task": "toxic_chat",
    "expert_name": [
        "tanatapanun/Meta-Llama-3.1-8B-Instruct-NoteChat-32r-train-dataset-1-epochs-document-prompt-token-4096",
        "leedahyeon/0221_all_llama31_docs_cp3500",
        "minhtrannnn/0d5d4d02-c5c0-4607-b69a-0ddd8845e6f7",
        "robiulawaldev/da92a142-8a96-438e-80b3-13cf5e027f66",
        "gotzmann/1JV44C2nd",
        "chchen/Llama-3.1-8B-Instruct-PsyCourse-doc-info-fold8",
        "daje/model_2e-4",
        "laquythang/07d7800a-5441-44b2-8e4b-5b1f2fb61a61",
        "prxy5606/98345738-30aa-41c4-bf69-2392a1ce4d0a",
        "LangAGI-Lab/Meta-Llama-3.1-8B-Instruct-WM-bootstrapped-16k-adapter",
        "myhaaaaaaa/2bd8eab3-2f15-4917-83d4-5245c3b84852",
        "CharlesLi/llama_3_unsafe_helpful",
        "mohmzm/llama_3_1_8b_instruct_document_relevance_test",
        "chchen/Llama-3.1-8B-Instruct-SAA-700",
        "GaetanMichelet/Llama-31-8B_task-2_180-samples_config-1_full",
        "EdBergJr/tablets_baha_arabic",
        "GaetanMichelet/Llama-31-8B_task-1_60-samples_config-1_full_auto",
        "nomadrp/tq-6-langs",
        "0x1202/0fa06e19-bb47-4f8b-9cc3-fa3e8c3c0982",
        "nhung03/8807e2a5-ff05-45b2-ab4b-a170e19c24b6",
        "npark95/qlora_llama3_0shot",
        "clembench-playpen/meta-llama-Meta-Llama-3.1-8B-Instruct_SFT_E1_D60006",
        "RoeReRe/Meta-LLama-3.1-8B-Instruct-Finetuned-Bias-4.5K",
        "estrogen/L3.1-8b-Ink-ep1-adpt",
        "Nevil9/PsyLlama",
        "MoreWrong/studybuddy",
        "clembench-playpen/meta-llama-Meta-Llama-3.1-8B-Instruct_SFT_D90003",
        "clembench-playpen/meta-llama-Meta-Llama-3.1-8B-Instruct_SFT_E1_D90000",
        "diagonalge/4ff3f177-6bb4-406d-b6ba-5fd891aee612",
        "Kawon/llama3.1-food-finetune_v13_r8"
    ],
    "train+valid_accuracy": 0.9,
    "test_accuracy": 0.9224,
    "weights": [
        -0.1445958168937726,
        -0.03584610450673303,
        -0.23980563464808705,
        0.28628313205016775,
        0.26298202266452403,
        0.16679298133181963,
        0.119928398173694,
        0.2801021436056474,
        1.0164246230367062,
        0.7452846016255346,
        0.4811365722131846,
        0.1378218301215742,
        0.18000273495880942,
        0.7570998919249983,
        0.7657235548455978,
        -0.20259107727479433,
        0.21657103074951092,
        0.203278071121991,
        -0.14151870450073875,
        0.08068876744960399,
        0.2750372940853964,
        -0.016502874285836924,
        0.7325239909745603,
        -0.012649857463974139,
        -0.016027933402275204,
        0.046386801027108106,
        0.04701215139773898,
        0.5155015794557174,
        -0.172059846071553,
        0.007565568470471268
    ]
}