{
    "task": "tweet_topic_single",
    "expert_name": [
        "daje/model_0.0002_alpha-32_r-64",
        "aseratus1/80dde36f-b140-4e57-a010-bebb9584c30b",
        "Tomlord/Llama-3.1-8B-Instruct-LoRA-Hp-adk",
        "clembench-playpen/llama-3.1-8B-Instruct-rehearsal-steps_playpen_SFT-e3_DFINAL_0.93K-steps",
        "faridlazuarda/valadapt-llama-3.1-8B-it-german"
    ],
    "valid_accuracy": 0.8,
    "test_accuracy": 0.7558105325095617,
    "weights": [
        0.6642119282676953,
        0.5170218316227378,
        -0.12346258011797172,
        0.7238180246623586,
        -0.1293233400504024
    ]
}