{
    "task": "mnist_ascii",
    "expert_name": [
        "leedahyeon/0221_gamsa_test_cp3000",
        "phungkhaccuong/afbdf303-5ec3-cb90-b17b-283c6f8ad70b",
        "CounterNarratives/Meta-Llama-3.1-8B-Instruct_english_premises_a",
        "britojr/llama3.1-sec10q_v2",
        "Atharva-07/classification_task"
    ],
    "valid_accuracy": 0.0,
    "test_accuracy": 0.0974,
    "weights": [
        -0.19240384477197617,
        0.11761178855719215,
        -0.018467365180518933,
        0.2991168495108183,
        1.4874222517054327
    ]
}