{
    "task": "super_glue_copa",
    "expert_name": [
        "r-three/lora_baseline_10_lr3e-4_step100_rank64_super_glue_copa",
        "tanatapanun/Meta-Llama-3.1-8B-Instruct-NoteChat-32r-train-dataset-1-epochs-document-prompt-token-4096",
        "leedahyeon/0221_all_llama31_docs_cp3500",
        "minhtrannnn/0d5d4d02-c5c0-4607-b69a-0ddd8845e6f7",
        "robiulawaldev/da92a142-8a96-438e-80b3-13cf5e027f66",
        "gotzmann/1JV44C2nd",
        "chchen/Llama-3.1-8B-Instruct-PsyCourse-doc-info-fold8",
        "daje/model_2e-4",
        "laquythang/07d7800a-5441-44b2-8e4b-5b1f2fb61a61",
        "prxy5606/98345738-30aa-41c4-bf69-2392a1ce4d0a",
        "LangAGI-Lab/Meta-Llama-3.1-8B-Instruct-WM-bootstrapped-16k-adapter",
        "myhaaaaaaa/2bd8eab3-2f15-4917-83d4-5245c3b84852",
        "CharlesLi/llama_3_unsafe_helpful",
        "mohmzm/llama_3_1_8b_instruct_document_relevance_test",
        "chchen/Llama-3.1-8B-Instruct-SAA-700",
        "GaetanMichelet/Llama-31-8B_task-2_180-samples_config-1_full",
        "EdBergJr/tablets_baha_arabic",
        "GaetanMichelet/Llama-31-8B_task-1_60-samples_config-1_full_auto",
        "nomadrp/tq-6-langs",
        "0x1202/0fa06e19-bb47-4f8b-9cc3-fa3e8c3c0982",
        "nhung03/8807e2a5-ff05-45b2-ab4b-a170e19c24b6",
        "npark95/qlora_llama3_0shot",
        "clembench-playpen/meta-llama-Meta-Llama-3.1-8B-Instruct_SFT_E1_D60006",
        "RoeReRe/Meta-LLama-3.1-8B-Instruct-Finetuned-Bias-4.5K",
        "estrogen/L3.1-8b-Ink-ep1-adpt",
        "Nevil9/PsyLlama",
        "MoreWrong/studybuddy",
        "clembench-playpen/meta-llama-Meta-Llama-3.1-8B-Instruct_SFT_D90003",
        "clembench-playpen/meta-llama-Meta-Llama-3.1-8B-Instruct_SFT_E1_D90000",
        "diagonalge/4ff3f177-6bb4-406d-b6ba-5fd891aee612"
    ],
    "train+valid_accuracy": 1.0,
    "test_accuracy": 0.975,
    "weights": [
        0.5006116335158122,
        0.49418945230478606,
        0.50161143814093,
        -0.00015769742849461066,
        -0.00019695364836455753,
        -0.00010326130111571962,
        -0.0001581536564258558,
        -0.0001570732265490483,
        -0.0001624300268072381,
        -0.0001761155565870704,
        -0.0001593578343926777,
        -0.00016784553712997542,
        -0.0001556706388664676,
        -0.00015565184174380698,
        0.0010759558984488734,
        -0.0001888742957566322,
        -0.0014120951471082908,
        -0.00016091339350408698,
        -0.00014219477287881225,
        0.0010835713869435924,
        -0.00016491180187072721,
        -0.00015960448548708563,
        -0.00016775749640677356,
        -0.000161658199971146,
        -0.0001857551984389153,
        -0.0003160518932093974,
        -0.00015502622125913341,
        -0.001248219972126077,
        -0.00017668792274287004,
        -0.0014260159350672054
    ]
}