{
    "task": "qasc",
    "expert_name": [
        "r-three/lora_baseline_lr3e-4_step400_rank64_qasc",
        "leedahyeon/0221_gamsa_test_cp3000",
        "phungkhaccuong/afbdf303-5ec3-cb90-b17b-283c6f8ad70b",
        "CounterNarratives/Meta-Llama-3.1-8B-Instruct_english_premises_a",
        "britojr/llama3.1-sec10q_v2",
        "Atharva-07/classification_task",
        "aleegis10/8ed9fe91-c2b5-42ca-8efb-927b4c8fbf45",
        "robiulawaldev/da92a142-8a96-438e-80b3-13cf5e027f66",
        "LangAGI-Lab/Meta-Llama-3.1-8B-Instruct-WM-acctree-16k-75-adapter-new",
        "clembench-playpen/Llama-3-Clembench-Runs-Successful-Episodes_Top_10_Models_Individual_QA_adapted_image_game"
    ],
    "valid_accuracy": 1.0,
    "test_accuracy": 0.9176904176904177,
    "weights": [
        0.4897333355721642,
        0.39771062427797715,
        -0.04092786366901064,
        0.5187481409892096,
        0.4969781489800009,
        -0.05158721040889417,
        0.0038417862698859463,
        0.019158528397514488,
        -0.037995578416662804,
        -0.0030669733327851746
    ]
}