{
    "task": "machine_paraphrase_dataset",
    "expert_name": [
        "r-three/lora_baseline_lr3e-4_step400_rank64_machine_paraphrase_dataset",
        "daje/model_5e-05_alpha-128_r-256",
        "LangAGI-Lab/Meta-Llama-3.1-8B-Instruct-WM-bootstrapped-16k-adapter",
        "datlaaaaaaa/cf707148-8a14-4b17-af50-c0c419a06bb2",
        "chchen/Llama-3.1-8B-Instruct-PsyCourse-info-chain-fold9",
        "chanadda/Meta-Llama-3.1-8B-Instruct-pantip",
        "yadayadayada1927/16_model",
        "Cookieeeeeeeeeeeeeee/llama_custom_zero",
        "thaffggg/f11180f1-1b9d-4b3c-8eee-94e554cf0f06",
        "hongngo/612beea2-1e23-46e9-b772-5d201f773304",
        "barc0/induction-run2-gpt4omini-20k-100seeds-barc-llama3.1-8b-instruct-lora64_lr2e-4_epoch3",
        "clembench-playpen/llama-3.1-8B-Instruct-multi-step-collator_playpen_SFT-e3_DFINAL_0.7K-steps",
        "daje/model_2e-4_alpha-8_r-16",
        "Ozaii/Zephyrr",
        "chchen/Llama-3.1-8B-Instruct-PsyCourse-fold3",
        "thalllsssss/00a4666d-12ae-4972-9753-306a02cf9512",
        "nomadrp/tq-llama-sft-belebele",
        "lucy666/llama3.1-8B-Concise",
        "femT-data/llama-3.1-Instruct-finetuned-NER",
        "prxy5607/f59b404a-1d76-4c38-98b7-5a73c0ecea6e"
    ],
    "valid_accuracy": 1.0,
    "test_accuracy": 0.9313862772554511,
    "weights": [
        0.7270883780201334,
        0.4773018218068872,
        -0.0014193628864344959,
        0.2613751217152977,
        0.24716798847075902,
        -0.015081405891318091,
        -0.0773452943627993,
        0.23367566232578205,
        0.0023739096796278683,
        -0.0057600210770582996,
        0.39173464107297107,
        -0.005709892731984934,
        -0.014011750737048332,
        0.39131819515545874,
        0.007015079722789834,
        0.31773117648974936,
        0.001144149491055573,
        -0.029250683642674136,
        -0.025245196618189643,
        0.02499807040665599
    ]
}