{
    "task": "banking77",
    "expert_name": [
        "r-three/lora_baseline_lr3e-4_step400_rank64_banking77",
        "leedahyeon/0221_gamsa_test_cp3000",
        "phungkhaccuong/afbdf303-5ec3-cb90-b17b-283c6f8ad70b",
        "CounterNarratives/Meta-Llama-3.1-8B-Instruct_english_premises_a",
        "britojr/llama3.1-sec10q_v2",
        "Atharva-07/classification_task",
        "aleegis10/8ed9fe91-c2b5-42ca-8efb-927b4c8fbf45",
        "robiulawaldev/da92a142-8a96-438e-80b3-13cf5e027f66",
        "LangAGI-Lab/Meta-Llama-3.1-8B-Instruct-WM-acctree-16k-75-adapter-new",
        "clembench-playpen/Llama-3-Clembench-Runs-Successful-Episodes_Top_10_Models_Individual_QA_adapted_image_game"
    ],
    "valid_accuracy": 0.65,
    "test_accuracy": 0.6762987012987013,
    "weights": [
        0.8692490567590676,
        0.45374882595339744,
        -0.04375148584146198,
        -0.09173846692979136,
        -0.005848393114442827,
        -0.05223448451220704,
        -0.08422268085348426,
        -0.03321473161160051,
        -0.0765299514505697,
        -0.05447799439777431
    ]
}