{
    "task": "circa",
    "expert_name": [
        "r-three/lora_baseline_lr3e-4_step400_rank64_circa",
        "leedahyeon/0221_gamsa_test_cp3000",
        "phungkhaccuong/afbdf303-5ec3-cb90-b17b-283c6f8ad70b",
        "CounterNarratives/Meta-Llama-3.1-8B-Instruct_english_premises_a",
        "britojr/llama3.1-sec10q_v2",
        "Atharva-07/classification_task",
        "aleegis10/8ed9fe91-c2b5-42ca-8efb-927b4c8fbf45",
        "robiulawaldev/da92a142-8a96-438e-80b3-13cf5e027f66",
        "LangAGI-Lab/Meta-Llama-3.1-8B-Instruct-WM-acctree-16k-75-adapter-new",
        "clembench-playpen/Llama-3-Clembench-Runs-Successful-Episodes_Top_10_Models_Individual_QA_adapted_image_game",
        "Yossim/fine_tuned_llama2",
        "duyphu/e1bc4b5a-5af6-4ce2-be2d-622344438659",
        "tanatapanun/Meta-Llama-3.1-8B-Instruct-NoteChat-32r-train-dataset-1-epochs-document-prompt-token-4096",
        "developerssy/Meta-Llama-3.1-8B-skills",
        "ncbateman/65eaec89-ddb3-4b65-866f-c621f95eea55",
        "hansh/hansken_human_hql",
        "minhtrannnn/3f048b0f-bb1e-4f5d-b68c-679dc5f1dd96",
        "nhunglaaaaaaa/8efc2e7d-f7f6-46a4-83bd-bf5ae190a347",
        "datlaaaaaaa/5c74b710-f2b8-45a0-8bbb-8b3c49d26627",
        "mkopecki/chess-lora-adapter-fp-llama-3.1-8b"
    ],
    "valid_accuracy": 0.75,
    "test_accuracy": 0.7878611030055442,
    "weights": [
        0.9035229313914178,
        0.8904697638230821,
        0.1029076558379202,
        -0.008650951081595871,
        0.021708318822821,
        0.04606314962844003,
        -0.00985696065914609,
        7.064526433186134e-05,
        0.002019118164660643,
        0.055598825192016615,
        0.6689241713516625,
        -0.08099474046246849,
        -0.0020497478843497204,
        -0.017900881822838506,
        -0.059524727271747846,
        -0.23468789294825756,
        -0.021993434790884028,
        0.0353053076611141,
        -0.02903917088732827,
        -0.07682100233615739
    ]
}