{
    "task": "glue_qqp",
    "expert_name": [
        "leedahyeon/0221_gamsa_test_cp3000",
        "phungkhaccuong/afbdf303-5ec3-cb90-b17b-283c6f8ad70b",
        "CounterNarratives/Meta-Llama-3.1-8B-Instruct_english_premises_a",
        "britojr/llama3.1-sec10q_v2",
        "Atharva-07/classification_task",
        "aleegis10/8ed9fe91-c2b5-42ca-8efb-927b4c8fbf45",
        "robiulawaldev/da92a142-8a96-438e-80b3-13cf5e027f66",
        "LangAGI-Lab/Meta-Llama-3.1-8B-Instruct-WM-acctree-16k-75-adapter-new",
        "clembench-playpen/Llama-3-Clembench-Runs-Successful-Episodes_Top_10_Models_Individual_QA_adapted_image_game",
        "Yossim/fine_tuned_llama2"
    ],
    "valid_accuracy": 0.65,
    "test_accuracy": 0.7884,
    "weights": [
        0.008871301665893701,
        0.005397780503330061,
        0.052339991820522,
        0.45027214065814153,
        -0.01539862652340213,
        -0.04214354170404533,
        0.04036810291548981,
        0.5286703994983218,
        0.02217271852138553,
        -0.02054627697308045
    ]
}