{
    "task": "arc_easy",
    "expert_name": [
        "r-three/lora_baseline_lr3e-4_step400_rank64_arc_easy",
        "tanatapanun/Meta-Llama-3.1-8B-Instruct-NoteChat-32r-train-dataset-1-epochs-document-prompt-token-4096",
        "leedahyeon/0221_all_llama31_docs_cp3500",
        "minhtrannnn/0d5d4d02-c5c0-4607-b69a-0ddd8845e6f7",
        "robiulawaldev/da92a142-8a96-438e-80b3-13cf5e027f66",
        "gotzmann/1JV44C2nd",
        "chchen/Llama-3.1-8B-Instruct-PsyCourse-doc-info-fold8",
        "daje/model_2e-4",
        "laquythang/07d7800a-5441-44b2-8e4b-5b1f2fb61a61",
        "prxy5606/98345738-30aa-41c4-bf69-2392a1ce4d0a",
        "LangAGI-Lab/Meta-Llama-3.1-8B-Instruct-WM-bootstrapped-16k-adapter",
        "myhaaaaaaa/2bd8eab3-2f15-4917-83d4-5245c3b84852",
        "CharlesLi/llama_3_unsafe_helpful",
        "mohmzm/llama_3_1_8b_instruct_document_relevance_test",
        "chchen/Llama-3.1-8B-Instruct-SAA-700",
        "GaetanMichelet/Llama-31-8B_task-2_180-samples_config-1_full",
        "EdBergJr/tablets_baha_arabic",
        "GaetanMichelet/Llama-31-8B_task-1_60-samples_config-1_full_auto",
        "nomadrp/tq-6-langs",
        "0x1202/0fa06e19-bb47-4f8b-9cc3-fa3e8c3c0982"
    ],
    "valid_accuracy": 0.8,
    "test_accuracy": 0.88510101010101,
    "weights": [
        0.8579685427368149,
        0.4462012469260494,
        0.1616858906394256,
        0.28403122790347934,
        -0.12856508890024787,
        -0.20880537598588614,
        0.39112295017452087,
        -0.11334716267996442,
        0.09660940097612739,
        -0.22890242814724202,
        0.47662414299889283,
        0.1472259352981544,
        0.15683621897860678,
        0.19029259948479038,
        0.11116712388156005,
        0.15087468396414547,
        0.6193578553344784,
        0.5115883966327092,
        -0.07212380216293739,
        -0.0435097686888173
    ]
}