{
    "task": "hyperbaton",
    "expert_name": [
        "r-three/lora_baseline_lr3e-4_step400_rank64_hyperbaton",
        "daje/model_5e-05_alpha-128_r-256",
        "LangAGI-Lab/Meta-Llama-3.1-8B-Instruct-WM-bootstrapped-16k-adapter",
        "datlaaaaaaa/cf707148-8a14-4b17-af50-c0c419a06bb2",
        "chchen/Llama-3.1-8B-Instruct-PsyCourse-info-chain-fold9",
        "chanadda/Meta-Llama-3.1-8B-Instruct-pantip",
        "yadayadayada1927/16_model",
        "Cookieeeeeeeeeeeeeee/llama_custom_zero",
        "thaffggg/f11180f1-1b9d-4b3c-8eee-94e554cf0f06",
        "hongngo/612beea2-1e23-46e9-b772-5d201f773304"
    ],
    "valid_accuracy": 1.0,
    "test_accuracy": 0.9474,
    "weights": [
        1.0045913758351086,
        0.5084869629023931,
        -0.0005041919393925671,
        0.00013548817580425645,
        -5.552342061398713e-05,
        -0.006239595882427062,
        -0.07656170481192859,
        -0.003938310582897583,
        -0.0015449376441491198,
        -0.00565872787623084
    ]
}