{
    "task": "sciq",
    "expert_name": [
        "leedahyeon/0221_gamsa_test_cp3000",
        "phungkhaccuong/afbdf303-5ec3-cb90-b17b-283c6f8ad70b",
        "CounterNarratives/Meta-Llama-3.1-8B-Instruct_english_premises_a",
        "britojr/llama3.1-sec10q_v2",
        "Atharva-07/classification_task"
    ],
    "valid_accuracy": 0.3,
    "test_accuracy": 0.312,
    "weights": [
        0.5899952980448705,
        0.4405935999222,
        0.11332020894087928,
        0.2296853395231846,
        0.06882474725460314
    ]
}