{
    "task": "typescript_chunks",
    "expert_name": [
        "r-three/lora_baseline_lr3e-4_step400_rank64_typescript_chunks",
        "leedahyeon/0221_gamsa_test_cp3000",
        "phungkhaccuong/afbdf303-5ec3-cb90-b17b-283c6f8ad70b",
        "CounterNarratives/Meta-Llama-3.1-8B-Instruct_english_premises_a",
        "britojr/llama3.1-sec10q_v2",
        "Atharva-07/classification_task",
        "aleegis10/8ed9fe91-c2b5-42ca-8efb-927b4c8fbf45",
        "robiulawaldev/da92a142-8a96-438e-80b3-13cf5e027f66",
        "LangAGI-Lab/Meta-Llama-3.1-8B-Instruct-WM-acctree-16k-75-adapter-new",
        "clembench-playpen/Llama-3-Clembench-Runs-Successful-Episodes_Top_10_Models_Individual_QA_adapted_image_game",
        "Yossim/fine_tuned_llama2",
        "duyphu/e1bc4b5a-5af6-4ce2-be2d-622344438659",
        "tanatapanun/Meta-Llama-3.1-8B-Instruct-NoteChat-32r-train-dataset-1-epochs-document-prompt-token-4096",
        "developerssy/Meta-Llama-3.1-8B-skills",
        "ncbateman/65eaec89-ddb3-4b65-866f-c621f95eea55",
        "hansh/hansken_human_hql",
        "minhtrannnn/3f048b0f-bb1e-4f5d-b68c-679dc5f1dd96",
        "nhunglaaaaaaa/8efc2e7d-f7f6-46a4-83bd-bf5ae190a347",
        "datlaaaaaaa/5c74b710-f2b8-45a0-8bbb-8b3c49d26627",
        "mkopecki/chess-lora-adapter-fp-llama-3.1-8b"
    ],
    "valid_accuracy": 1.0,
    "test_accuracy": 0.9766,
    "weights": [
        0.8113287525590723,
        0.18770645704738378,
        0.0033440983018561115,
        0.2683017049703923,
        -0.004093367450912173,
        0.022750426090586844,
        -0.10736609766962774,
        -0.00652461092512812,
        0.333101446251299,
        -8.178282560906622e-05,
        0.3065612552732413,
        -0.0029822071775063644,
        -0.03020519879503146,
        0.21298844890132104,
        -0.016206271658366137,
        0.017221560139498254,
        -0.01609135886092065,
        -0.006323949746159302,
        -0.018092244719268475,
        0.012041490912427314
    ]
}