{
    "task": "mmlu_combined",
    "expert_name": [
        "r-three/lora_baseline_lr3e-4_step400_rank64_mmlu_combined",
        "tanatapanun/Meta-Llama-3.1-8B-Instruct-NoteChat-32r-train-dataset-1-epochs-document-prompt-token-4096",
        "leedahyeon/0221_all_llama31_docs_cp3500",
        "minhtrannnn/0d5d4d02-c5c0-4607-b69a-0ddd8845e6f7",
        "robiulawaldev/da92a142-8a96-438e-80b3-13cf5e027f66"
    ],
    "valid_accuracy": 0.55,
    "test_accuracy": 0.5818181818181818,
    "weights": [
        0.9670275357326773,
        0.4695814804106076,
        0.49161607955433134,
        -0.001315827629333784,
        -0.1532155363562036
    ]
}