{
    "task": "typescript_chunks",
    "expert_name": [
        "r-three/lora_baseline_lr3e-4_step400_rank64_typescript_chunks",
        "leedahyeon/0221_gamsa_test_cp3000",
        "phungkhaccuong/afbdf303-5ec3-cb90-b17b-283c6f8ad70b",
        "CounterNarratives/Meta-Llama-3.1-8B-Instruct_english_premises_a",
        "britojr/llama3.1-sec10q_v2",
        "Atharva-07/classification_task",
        "aleegis10/8ed9fe91-c2b5-42ca-8efb-927b4c8fbf45",
        "robiulawaldev/da92a142-8a96-438e-80b3-13cf5e027f66",
        "LangAGI-Lab/Meta-Llama-3.1-8B-Instruct-WM-acctree-16k-75-adapter-new",
        "clembench-playpen/Llama-3-Clembench-Runs-Successful-Episodes_Top_10_Models_Individual_QA_adapted_image_game"
    ],
    "valid_accuracy": 1.0,
    "test_accuracy": 0.9714,
    "weights": [
        0.7818175148022101,
        0.17350825679365545,
        0.24971480626000067,
        0.19610382830259648,
        -0.0008813869395971944,
        -0.01730391890427544,
        0.02577425240000452,
        -0.009634546352862405,
        -0.04711434510053722,
        -0.00020001181553739092
    ]
}