{
    "task": "unarxive_imrad_clf",
    "expert_name": [
        "daje/model_5e-05_alpha-128_r-256",
        "LangAGI-Lab/Meta-Llama-3.1-8B-Instruct-WM-bootstrapped-16k-adapter",
        "datlaaaaaaa/cf707148-8a14-4b17-af50-c0c419a06bb2",
        "chchen/Llama-3.1-8B-Instruct-PsyCourse-info-chain-fold9",
        "chanadda/Meta-Llama-3.1-8B-Instruct-pantip",
        "yadayadayada1927/16_model",
        "Cookieeeeeeeeeeeeeee/llama_custom_zero",
        "thaffggg/f11180f1-1b9d-4b3c-8eee-94e554cf0f06",
        "hongngo/612beea2-1e23-46e9-b772-5d201f773304",
        "barc0/induction-run2-gpt4omini-20k-100seeds-barc-llama3.1-8b-instruct-lora64_lr2e-4_epoch3",
        "clembench-playpen/llama-3.1-8B-Instruct-multi-step-collator_playpen_SFT-e3_DFINAL_0.7K-steps",
        "daje/model_2e-4_alpha-8_r-16",
        "Ozaii/Zephyrr",
        "chchen/Llama-3.1-8B-Instruct-PsyCourse-fold3",
        "thalllsssss/00a4666d-12ae-4972-9753-306a02cf9512",
        "nomadrp/tq-llama-sft-belebele",
        "lucy666/llama3.1-8B-Concise",
        "femT-data/llama-3.1-Instruct-finetuned-NER",
        "prxy5607/f59b404a-1d76-4c38-98b7-5a73c0ecea6e",
        "cshbi/fine_tune_output_eie_3.1",
        "Alphatao/9176ae39-6635-4492-ae61-927f06585355",
        "minhtrannnn/3f048b0f-bb1e-4f5d-b68c-679dc5f1dd96",
        "XicoC/llama381binstruct_summarize_short",
        "chchen/Llama-3.1-8B-Instruct-SFT-1000",
        "leedahyeon/0219_all_llama31_cp3500",
        "ciloku/ceee306b-b546-42b7-99ba-fef7fcc1bd26",
        "chauhoang/a7b71eb1-db0f-4c12-ae7f-75544046c341",
        "GaetanMichelet/Llama-31-8B_task-3_180-samples_config-1",
        "Hiranmai49/Llama-3.1-8B-Instruct-contracts-pretrainLlama3.18b",
        "nhungphammmmm/02e0c6ce-07ec-4fa6-b963-1642c8120d72"
    ],
    "valid_accuracy": 0.4,
    "test_accuracy": 0.5384460951616141,
    "weights": [
        -0.2747258620570419,
        0.0501214746229636,
        0.5896552490115666,
        -0.15648785053770525,
        -0.1527111170197193,
        0.8147528353201925,
        -0.38157096600870477,
        0.24535145210632603,
        0.16593357536191905,
        0.22146354906602567,
        0.525929997552687,
        0.07420225018139803,
        0.6095801147061859,
        0.5600995640622617,
        -0.0466559578021989,
        -0.1460041564757869,
        0.6213637008168564,
        0.5485969058298598,
        -0.5968738054843635,
        -0.3979447583828869,
        0.38169141512706384,
        0.45879336038560664,
        0.21598087331122234,
        0.7951483499303611,
        0.18806973412918726,
        0.5693430594967606,
        0.030325057189773366,
        0.043917774034093436,
        0.08179127767046794,
        0.029940207115040515
    ]
}