{
    "task": "tweet_topic_single",
    "expert_name": [
        "tanatapanun/Meta-Llama-3.1-8B-Instruct-NoteChat-32r-train-dataset-1-epochs-document-prompt-token-4096",
        "leedahyeon/0221_all_llama31_docs_cp3500",
        "minhtrannnn/0d5d4d02-c5c0-4607-b69a-0ddd8845e6f7",
        "robiulawaldev/da92a142-8a96-438e-80b3-13cf5e027f66",
        "gotzmann/1JV44C2nd",
        "chchen/Llama-3.1-8B-Instruct-PsyCourse-doc-info-fold8",
        "daje/model_2e-4",
        "laquythang/07d7800a-5441-44b2-8e4b-5b1f2fb61a61",
        "prxy5606/98345738-30aa-41c4-bf69-2392a1ce4d0a",
        "LangAGI-Lab/Meta-Llama-3.1-8B-Instruct-WM-bootstrapped-16k-adapter"
    ],
    "valid_accuracy": 0.7,
    "test_accuracy": 0.7281553398058253,
    "weights": [
        0.4724132792050454,
        0.06478453910334,
        -0.05751399318565628,
        0.5909801089308384,
        0.43961092705784977,
        0.5880632578249716,
        -0.053650580554119656,
        0.5323433548248462,
        -0.06689446492044633,
        0.45586378674548517
    ]
}