{
    "task": "tweet_eval_hate",
    "expert_name": [
        "leedahyeon/0221_gamsa_test_cp3000",
        "phungkhaccuong/afbdf303-5ec3-cb90-b17b-283c6f8ad70b",
        "CounterNarratives/Meta-Llama-3.1-8B-Instruct_english_premises_a",
        "britojr/llama3.1-sec10q_v2",
        "Atharva-07/classification_task",
        "aleegis10/8ed9fe91-c2b5-42ca-8efb-927b4c8fbf45",
        "robiulawaldev/da92a142-8a96-438e-80b3-13cf5e027f66",
        "LangAGI-Lab/Meta-Llama-3.1-8B-Instruct-WM-acctree-16k-75-adapter-new",
        "clembench-playpen/Llama-3-Clembench-Runs-Successful-Episodes_Top_10_Models_Individual_QA_adapted_image_game",
        "Yossim/fine_tuned_llama2"
    ],
    "valid_accuracy": 0.35,
    "test_accuracy": 0.5882154882154882,
    "weights": [
        -0.03824624484590466,
        0.2597171742423914,
        0.7162573533923272,
        0.2923393298922149,
        0.6355824616109726,
        -0.04171074115853898,
        0.6371742702037881,
        0.5403030533362981,
        -0.04454075473300139,
        0.47296173453122287
    ]
}