{
    "task": "machine_paraphrase_dataset",
    "expert_name": [
        "r-three/lora_baseline_lr3e-4_step400_rank64_machine_paraphrase_dataset",
        "leedahyeon/0221_gamsa_test_cp3000",
        "phungkhaccuong/afbdf303-5ec3-cb90-b17b-283c6f8ad70b",
        "CounterNarratives/Meta-Llama-3.1-8B-Instruct_english_premises_a",
        "britojr/llama3.1-sec10q_v2",
        "Atharva-07/classification_task",
        "aleegis10/8ed9fe91-c2b5-42ca-8efb-927b4c8fbf45",
        "robiulawaldev/da92a142-8a96-438e-80b3-13cf5e027f66",
        "LangAGI-Lab/Meta-Llama-3.1-8B-Instruct-WM-acctree-16k-75-adapter-new",
        "clembench-playpen/Llama-3-Clembench-Runs-Successful-Episodes_Top_10_Models_Individual_QA_adapted_image_game",
        "Yossim/fine_tuned_llama2",
        "duyphu/e1bc4b5a-5af6-4ce2-be2d-622344438659",
        "tanatapanun/Meta-Llama-3.1-8B-Instruct-NoteChat-32r-train-dataset-1-epochs-document-prompt-token-4096",
        "developerssy/Meta-Llama-3.1-8B-skills",
        "ncbateman/65eaec89-ddb3-4b65-866f-c621f95eea55",
        "hansh/hansken_human_hql",
        "minhtrannnn/3f048b0f-bb1e-4f5d-b68c-679dc5f1dd96",
        "nhunglaaaaaaa/8efc2e7d-f7f6-46a4-83bd-bf5ae190a347",
        "datlaaaaaaa/5c74b710-f2b8-45a0-8bbb-8b3c49d26627",
        "mkopecki/chess-lora-adapter-fp-llama-3.1-8b"
    ],
    "valid_accuracy": 1.0,
    "test_accuracy": 0.8759751950390078,
    "weights": [
        0.5841134127801669,
        0.4140665709671718,
        0.526409174793135,
        0.1032307875721961,
        0.5130241762305175,
        0.001982673373293404,
        -0.020929161489690217,
        0.033249577856076525,
        -0.013388103607710354,
        0.023486526639668635,
        -0.0008710926519900513,
        -0.004475556827987344,
        0.01345507053191245,
        -0.011571330727006212,
        -0.03245951187710188,
        -0.016548077675951435,
        0.012125809564726637,
        -0.012764260193646248,
        -0.007207195798951434,
        -0.004501242160222176
    ]
}