{
    "task": "boolean_expressions",
    "expert_name": [
        "r-three/lora_baseline_lr3e-4_step400_rank64_boolean_expressions",
        "tanatapanun/Meta-Llama-3.1-8B-Instruct-NoteChat-32r-train-dataset-1-epochs-document-prompt-token-4096",
        "leedahyeon/0221_all_llama31_docs_cp3500",
        "minhtrannnn/0d5d4d02-c5c0-4607-b69a-0ddd8845e6f7",
        "robiulawaldev/da92a142-8a96-438e-80b3-13cf5e027f66",
        "gotzmann/1JV44C2nd",
        "chchen/Llama-3.1-8B-Instruct-PsyCourse-doc-info-fold8",
        "daje/model_2e-4",
        "laquythang/07d7800a-5441-44b2-8e4b-5b1f2fb61a61",
        "prxy5606/98345738-30aa-41c4-bf69-2392a1ce4d0a",
        "LangAGI-Lab/Meta-Llama-3.1-8B-Instruct-WM-bootstrapped-16k-adapter",
        "myhaaaaaaa/2bd8eab3-2f15-4917-83d4-5245c3b84852",
        "CharlesLi/llama_3_unsafe_helpful",
        "mohmzm/llama_3_1_8b_instruct_document_relevance_test",
        "chchen/Llama-3.1-8B-Instruct-SAA-700",
        "GaetanMichelet/Llama-31-8B_task-2_180-samples_config-1_full",
        "EdBergJr/tablets_baha_arabic",
        "GaetanMichelet/Llama-31-8B_task-1_60-samples_config-1_full_auto",
        "nomadrp/tq-6-langs",
        "0x1202/0fa06e19-bb47-4f8b-9cc3-fa3e8c3c0982"
    ],
    "valid_accuracy": 0.75,
    "test_accuracy": 0.804,
    "weights": [
        0.8026298748689805,
        0.566873395923999,
        0.7714954958357022,
        0.9336106128682059,
        -0.23150019236748795,
        0.4816331606394672,
        0.5199314682580103,
        -0.04243844425823347,
        0.060401039537308625,
        -0.021767689788483494,
        0.016994884950806824,
        0.048447071524174705,
        0.028850870750471616,
        -0.20078777507693427,
        -0.014141434366117756,
        -0.01703060687411965,
        -0.043166946954437464,
        -0.006521901255838538,
        0.5332510427478054,
        -0.013217983083888926
    ]
}