{
    "task": "super_glue_wsc",
    "expert_name": [
        "r-three/lora_baseline_lr3e-4_step400_rank64_super_glue_wsc",
        "tanatapanun/Meta-Llama-3.1-8B-Instruct-NoteChat-32r-train-dataset-1-epochs-document-prompt-token-4096",
        "leedahyeon/0221_all_llama31_docs_cp3500",
        "minhtrannnn/0d5d4d02-c5c0-4607-b69a-0ddd8845e6f7",
        "robiulawaldev/da92a142-8a96-438e-80b3-13cf5e027f66",
        "gotzmann/1JV44C2nd",
        "chchen/Llama-3.1-8B-Instruct-PsyCourse-doc-info-fold8",
        "daje/model_2e-4",
        "laquythang/07d7800a-5441-44b2-8e4b-5b1f2fb61a61",
        "prxy5606/98345738-30aa-41c4-bf69-2392a1ce4d0a",
        "LangAGI-Lab/Meta-Llama-3.1-8B-Instruct-WM-bootstrapped-16k-adapter",
        "myhaaaaaaa/2bd8eab3-2f15-4917-83d4-5245c3b84852",
        "CharlesLi/llama_3_unsafe_helpful",
        "mohmzm/llama_3_1_8b_instruct_document_relevance_test",
        "chchen/Llama-3.1-8B-Instruct-SAA-700",
        "GaetanMichelet/Llama-31-8B_task-2_180-samples_config-1_full",
        "EdBergJr/tablets_baha_arabic",
        "GaetanMichelet/Llama-31-8B_task-1_60-samples_config-1_full_auto",
        "nomadrp/tq-6-langs",
        "0x1202/0fa06e19-bb47-4f8b-9cc3-fa3e8c3c0982"
    ],
    "valid_accuracy": 0.85,
    "test_accuracy": 0.5178571428571429,
    "weights": [
        0.4620955305745403,
        0.8004330417593262,
        0.47599674613897014,
        0.46577306739875496,
        0.24009674551549548,
        0.5005892042927617,
        -0.04312621431273084,
        -0.004196714413725923,
        0.006354777842586254,
        -0.11145222497021479,
        -0.07210770045652624,
        -0.008647732844208118,
        0.5053180371128426,
        -0.10374998187731065,
        -0.007536774878832473,
        0.004074956029740041,
        -0.01718413625285666,
        -0.025657065391772864,
        0.015746820359666507,
        0.008266021355504163
    ]
}