{
    "task": "super_glue_rte",
    "expert_name": [
        "r-three/lora_baseline_lr3e-4_step400_rank64_super_glue_rte",
        "daje/model_5e-05_alpha-128_r-256",
        "LangAGI-Lab/Meta-Llama-3.1-8B-Instruct-WM-bootstrapped-16k-adapter",
        "datlaaaaaaa/cf707148-8a14-4b17-af50-c0c419a06bb2",
        "chchen/Llama-3.1-8B-Instruct-PsyCourse-info-chain-fold9",
        "chanadda/Meta-Llama-3.1-8B-Instruct-pantip",
        "yadayadayada1927/16_model",
        "Cookieeeeeeeeeeeeeee/llama_custom_zero",
        "thaffggg/f11180f1-1b9d-4b3c-8eee-94e554cf0f06",
        "hongngo/612beea2-1e23-46e9-b772-5d201f773304"
    ],
    "valid_accuracy": 0.95,
    "test_accuracy": 0.8353413654618473,
    "weights": [
        1.144012863143765,
        0.45993409322142215,
        1.3058334175191968,
        0.2892625236530998,
        0.3724103000451532,
        -0.59200216024375,
        -0.27902828721000955,
        0.9859389514722837,
        -0.030827235041386677,
        -0.5914446022678171
    ]
}