{
    "task": "mmlu_pro",
    "expert_name": [
        "r-three/lora_baseline_lr3e-4_step400_rank64_mmlu_pro",
        "leedahyeon/0221_gamsa_test_cp3000",
        "phungkhaccuong/afbdf303-5ec3-cb90-b17b-283c6f8ad70b",
        "CounterNarratives/Meta-Llama-3.1-8B-Instruct_english_premises_a",
        "britojr/llama3.1-sec10q_v2"
    ],
    "valid_accuracy": 0.2,
    "test_accuracy": 0.16362126245847175,
    "weights": [
        1.2409664884440545,
        0.4003006624581617,
        0.3509565307279887,
        -0.05039943725250789,
        -0.09146166580690088
    ]
}