{
    "task": "xnli_en",
    "expert_name": [
        "r-three/lora_baseline_lr3e-4_step400_rank64_xnli_en",
        "tanatapanun/Meta-Llama-3.1-8B-Instruct-NoteChat-32r-train-dataset-1-epochs-document-prompt-token-4096",
        "leedahyeon/0221_all_llama31_docs_cp3500",
        "minhtrannnn/0d5d4d02-c5c0-4607-b69a-0ddd8845e6f7",
        "robiulawaldev/da92a142-8a96-438e-80b3-13cf5e027f66",
        "gotzmann/1JV44C2nd",
        "chchen/Llama-3.1-8B-Instruct-PsyCourse-doc-info-fold8",
        "daje/model_2e-4",
        "laquythang/07d7800a-5441-44b2-8e4b-5b1f2fb61a61",
        "prxy5606/98345738-30aa-41c4-bf69-2392a1ce4d0a"
    ],
    "valid_accuracy": 0.55,
    "test_accuracy": 0.7112,
    "weights": [
        0.6835635468269246,
        0.39031038136448515,
        0.34563664615655615,
        -0.022242706916616107,
        -0.11942659205366064,
        -0.01820238790589276,
        -0.0077417674846467395,
        -0.04336799045865885,
        -0.022683885836628656,
        0.05412636064512975
    ]
}