{
    "task": "super_glue_wic",
    "expert_name": [
        "r-three/lora_baseline_lr3e-4_step400_rank64_super_glue_wic",
        "daje/model_5e-05_alpha-128_r-256",
        "LangAGI-Lab/Meta-Llama-3.1-8B-Instruct-WM-bootstrapped-16k-adapter",
        "datlaaaaaaa/cf707148-8a14-4b17-af50-c0c419a06bb2",
        "chchen/Llama-3.1-8B-Instruct-PsyCourse-info-chain-fold9",
        "chanadda/Meta-Llama-3.1-8B-Instruct-pantip",
        "yadayadayada1927/16_model",
        "Cookieeeeeeeeeeeeeee/llama_custom_zero",
        "thaffggg/f11180f1-1b9d-4b3c-8eee-94e554cf0f06",
        "hongngo/612beea2-1e23-46e9-b772-5d201f773304"
    ],
    "valid_accuracy": 0.85,
    "test_accuracy": 0.7403314917127072,
    "weights": [
        0.8837240284586747,
        0.8153455574017209,
        0.5825975751362781,
        -0.040057364572094814,
        0.5111408262654598,
        -0.10532607946051264,
        -0.07376332862082298,
        -0.016565687036973444,
        -0.0074018630736928485,
        -0.0065320790806934256
    ]
}