{
    "task": "xnli_en",
    "expert_name": [
        "r-three/lora_baseline_lr3e-4_step400_rank64_xnli_en",
        "tanatapanun/Meta-Llama-3.1-8B-Instruct-NoteChat-32r-train-dataset-1-epochs-document-prompt-token-4096",
        "leedahyeon/0221_all_llama31_docs_cp3500",
        "minhtrannnn/0d5d4d02-c5c0-4607-b69a-0ddd8845e6f7",
        "robiulawaldev/da92a142-8a96-438e-80b3-13cf5e027f66",
        "gotzmann/1JV44C2nd",
        "chchen/Llama-3.1-8B-Instruct-PsyCourse-doc-info-fold8",
        "daje/model_2e-4",
        "laquythang/07d7800a-5441-44b2-8e4b-5b1f2fb61a61",
        "prxy5606/98345738-30aa-41c4-bf69-2392a1ce4d0a",
        "LangAGI-Lab/Meta-Llama-3.1-8B-Instruct-WM-bootstrapped-16k-adapter",
        "myhaaaaaaa/2bd8eab3-2f15-4917-83d4-5245c3b84852",
        "CharlesLi/llama_3_unsafe_helpful",
        "mohmzm/llama_3_1_8b_instruct_document_relevance_test",
        "chchen/Llama-3.1-8B-Instruct-SAA-700",
        "GaetanMichelet/Llama-31-8B_task-2_180-samples_config-1_full",
        "EdBergJr/tablets_baha_arabic",
        "GaetanMichelet/Llama-31-8B_task-1_60-samples_config-1_full_auto",
        "nomadrp/tq-6-langs",
        "0x1202/0fa06e19-bb47-4f8b-9cc3-fa3e8c3c0982",
        "nhung03/8807e2a5-ff05-45b2-ab4b-a170e19c24b6",
        "npark95/qlora_llama3_0shot",
        "clembench-playpen/meta-llama-Meta-Llama-3.1-8B-Instruct_SFT_E1_D60006",
        "RoeReRe/Meta-LLama-3.1-8B-Instruct-Finetuned-Bias-4.5K",
        "estrogen/L3.1-8b-Ink-ep1-adpt",
        "Nevil9/PsyLlama",
        "MoreWrong/studybuddy",
        "clembench-playpen/meta-llama-Meta-Llama-3.1-8B-Instruct_SFT_D90003",
        "clembench-playpen/meta-llama-Meta-Llama-3.1-8B-Instruct_SFT_E1_D90000",
        "diagonalge/4ff3f177-6bb4-406d-b6ba-5fd891aee612"
    ],
    "valid_accuracy": 0.55,
    "test_accuracy": 0.7036,
    "weights": [
        0.6895516154947192,
        0.36196300870981163,
        0.3792291438035523,
        0.07687851684030898,
        0.010422948002604047,
        0.06413160281650532,
        0.0476599517425634,
        0.018755310921117638,
        0.008842401520362433,
        -0.004751552820564608,
        0.5429831270335098,
        -0.008298056618215659,
        0.024167251765407897,
        -0.06397281458586283,
        0.002640523069550136,
        -0.03339341938496142,
        0.0010741419138856894,
        -0.032698262920267174,
        -0.032788653560719944,
        -0.028530079720590726,
        -0.0030236077948560675,
        0.003998937267296028,
        0.004455554749103496,
        -0.012153329713339128,
        0.011317157247101053,
        -0.0770631525758529,
        0.052309570259653125,
        0.012874483772089072,
        0.007110758020615287,
        -0.002325614747046563
    ]
}