{
    "task": "xnli_fr",
    "expert_name": [
        "r-three/lora_baseline_lr3e-4_step400_rank64_xnli_fr",
        "leedahyeon/0221_gamsa_test_cp3000",
        "phungkhaccuong/afbdf303-5ec3-cb90-b17b-283c6f8ad70b",
        "CounterNarratives/Meta-Llama-3.1-8B-Instruct_english_premises_a",
        "britojr/llama3.1-sec10q_v2",
        "Atharva-07/classification_task",
        "aleegis10/8ed9fe91-c2b5-42ca-8efb-927b4c8fbf45",
        "robiulawaldev/da92a142-8a96-438e-80b3-13cf5e027f66",
        "LangAGI-Lab/Meta-Llama-3.1-8B-Instruct-WM-acctree-16k-75-adapter-new",
        "clembench-playpen/Llama-3-Clembench-Runs-Successful-Episodes_Top_10_Models_Individual_QA_adapted_image_game",
        "Yossim/fine_tuned_llama2",
        "duyphu/e1bc4b5a-5af6-4ce2-be2d-622344438659",
        "tanatapanun/Meta-Llama-3.1-8B-Instruct-NoteChat-32r-train-dataset-1-epochs-document-prompt-token-4096",
        "developerssy/Meta-Llama-3.1-8B-skills",
        "ncbateman/65eaec89-ddb3-4b65-866f-c621f95eea55",
        "hansh/hansken_human_hql",
        "minhtrannnn/3f048b0f-bb1e-4f5d-b68c-679dc5f1dd96",
        "nhunglaaaaaaa/8efc2e7d-f7f6-46a4-83bd-bf5ae190a347",
        "datlaaaaaaa/5c74b710-f2b8-45a0-8bbb-8b3c49d26627",
        "mkopecki/chess-lora-adapter-fp-llama-3.1-8b"
    ],
    "valid_accuracy": 0.9,
    "test_accuracy": 0.7368,
    "weights": [
        1.0041529537630784,
        0.6254209604328197,
        0.23630506062505344,
        0.03460719645961612,
        0.02408355600068848,
        0.015172118933725515,
        -0.07728341548225534,
        0.13657969410684317,
        0.036587763809823697,
        0.6197615550177122,
        0.24456434920854153,
        0.027872466548142186,
        0.3044076476337966,
        0.32732777505580685,
        0.30983977708076305,
        0.7799099798074605,
        -0.01455563188128846,
        0.02228285932920244,
        0.020552631851353847,
        0.5198815562259618
    ]
}