{
    "task": "glue_mnli",
    "expert_name": [
        "r-three/lora_baseline_lr3e-4_step400_rank64_glue_mnli",
        "leedahyeon/0221_gamsa_test_cp3000",
        "phungkhaccuong/afbdf303-5ec3-cb90-b17b-283c6f8ad70b",
        "CounterNarratives/Meta-Llama-3.1-8B-Instruct_english_premises_a",
        "britojr/llama3.1-sec10q_v2"
    ],
    "valid_accuracy": 0.95,
    "test_accuracy": 0.8342,
    "weights": [
        0.7821524383921153,
        0.18357009784139805,
        0.3884008982493242,
        -0.04191033352788279,
        -0.0284395291293583
    ]
}