{
    "task": "unarxive_imrad_clf",
    "expert_name": [
        "leedahyeon/0221_gamsa_test_cp3000",
        "phungkhaccuong/afbdf303-5ec3-cb90-b17b-283c6f8ad70b",
        "CounterNarratives/Meta-Llama-3.1-8B-Instruct_english_premises_a",
        "britojr/llama3.1-sec10q_v2",
        "Atharva-07/classification_task",
        "aleegis10/8ed9fe91-c2b5-42ca-8efb-927b4c8fbf45",
        "robiulawaldev/da92a142-8a96-438e-80b3-13cf5e027f66",
        "LangAGI-Lab/Meta-Llama-3.1-8B-Instruct-WM-acctree-16k-75-adapter-new",
        "clembench-playpen/Llama-3-Clembench-Runs-Successful-Episodes_Top_10_Models_Individual_QA_adapted_image_game",
        "Yossim/fine_tuned_llama2"
    ],
    "valid_accuracy": 0.35,
    "test_accuracy": 0.3810479823328649,
    "weights": [
        -0.0031898887428150236,
        0.011770850849618831,
        0.0002955694208889541,
        0.5042763410660549,
        0.0012970412456496726,
        0.4996039999413855,
        0.49807263804868424,
        0.000519100301748284,
        0.0006524513782037143,
        0.021278011825377613
    ]
}