{
    "task": "tweet_eval_hate",
    "expert_name": [
        "tanatapanun/Meta-Llama-3.1-8B-Instruct-NoteChat-32r-train-dataset-1-epochs-document-prompt-token-4096",
        "leedahyeon/0221_all_llama31_docs_cp3500",
        "minhtrannnn/0d5d4d02-c5c0-4607-b69a-0ddd8845e6f7",
        "robiulawaldev/da92a142-8a96-438e-80b3-13cf5e027f66",
        "gotzmann/1JV44C2nd"
    ],
    "valid_accuracy": 0.55,
    "test_accuracy": 0.5043771043771044,
    "weights": [
        1.1094729746644578,
        0.380071740837799,
        -0.3728902441612434,
        0.8332487350860005,
        0.5730569517221736
    ]
}