{
    "task": "sports_understanding",
    "expert_name": [
        "r-three/lora_baseline_lr3e-4_step400_rank64_sports_understanding",
        "tanatapanun/Meta-Llama-3.1-8B-Instruct-NoteChat-32r-train-dataset-1-epochs-document-prompt-token-4096",
        "leedahyeon/0221_all_llama31_docs_cp3500",
        "minhtrannnn/0d5d4d02-c5c0-4607-b69a-0ddd8845e6f7",
        "robiulawaldev/da92a142-8a96-438e-80b3-13cf5e027f66",
        "gotzmann/1JV44C2nd",
        "chchen/Llama-3.1-8B-Instruct-PsyCourse-doc-info-fold8",
        "daje/model_2e-4",
        "laquythang/07d7800a-5441-44b2-8e4b-5b1f2fb61a61",
        "prxy5606/98345738-30aa-41c4-bf69-2392a1ce4d0a",
        "LangAGI-Lab/Meta-Llama-3.1-8B-Instruct-WM-bootstrapped-16k-adapter",
        "myhaaaaaaa/2bd8eab3-2f15-4917-83d4-5245c3b84852",
        "CharlesLi/llama_3_unsafe_helpful",
        "mohmzm/llama_3_1_8b_instruct_document_relevance_test",
        "chchen/Llama-3.1-8B-Instruct-SAA-700",
        "GaetanMichelet/Llama-31-8B_task-2_180-samples_config-1_full",
        "EdBergJr/tablets_baha_arabic",
        "GaetanMichelet/Llama-31-8B_task-1_60-samples_config-1_full_auto",
        "nomadrp/tq-6-langs",
        "0x1202/0fa06e19-bb47-4f8b-9cc3-fa3e8c3c0982",
        "nhung03/8807e2a5-ff05-45b2-ab4b-a170e19c24b6",
        "npark95/qlora_llama3_0shot",
        "clembench-playpen/meta-llama-Meta-Llama-3.1-8B-Instruct_SFT_E1_D60006",
        "RoeReRe/Meta-LLama-3.1-8B-Instruct-Finetuned-Bias-4.5K",
        "estrogen/L3.1-8b-Ink-ep1-adpt",
        "Nevil9/PsyLlama",
        "MoreWrong/studybuddy",
        "clembench-playpen/meta-llama-Meta-Llama-3.1-8B-Instruct_SFT_D90003",
        "clembench-playpen/meta-llama-Meta-Llama-3.1-8B-Instruct_SFT_E1_D90000",
        "diagonalge/4ff3f177-6bb4-406d-b6ba-5fd891aee612"
    ],
    "valid_accuracy": 1.0,
    "test_accuracy": 0.8915401301518439,
    "weights": [
        1.3488130589753837,
        -0.2040419984751918,
        0.11416753962874508,
        0.6902537152974062,
        0.09290816377974616,
        -0.19098569147285516,
        0.5523484507094706,
        0.035852047816353344,
        0.7296975004549006,
        0.4494134128169747,
        0.0463738339250316,
        0.03235470592591527,
        0.024484976282300328,
        -0.3114280712995157,
        0.007361517955082694,
        -0.05133005438390543,
        0.5354204384597239,
        0.0019427555339949693,
        -0.1434517014918783,
        0.2275725116843071,
        -0.01186861309597943,
        0.001605816621685345,
        -0.009134753720132224,
        -0.01904281109520702,
        -0.2386404238254491,
        0.10929515276901708,
        0.024744304312032166,
        -0.39179221575864664,
        0.1101306097250842,
        0.012421887362110095
    ]
}