{
    "task": "glue_sst2",
    "expert_name": [
        "r-three/lora_baseline_lr3e-4_step400_rank64_glue_sst2",
        "daje/model_5e-05_alpha-128_r-256",
        "LangAGI-Lab/Meta-Llama-3.1-8B-Instruct-WM-bootstrapped-16k-adapter",
        "datlaaaaaaa/cf707148-8a14-4b17-af50-c0c419a06bb2",
        "chchen/Llama-3.1-8B-Instruct-PsyCourse-info-chain-fold9",
        "chanadda/Meta-Llama-3.1-8B-Instruct-pantip",
        "yadayadayada1927/16_model",
        "Cookieeeeeeeeeeeeeee/llama_custom_zero",
        "thaffggg/f11180f1-1b9d-4b3c-8eee-94e554cf0f06",
        "hongngo/612beea2-1e23-46e9-b772-5d201f773304",
        "barc0/induction-run2-gpt4omini-20k-100seeds-barc-llama3.1-8b-instruct-lora64_lr2e-4_epoch3",
        "clembench-playpen/llama-3.1-8B-Instruct-multi-step-collator_playpen_SFT-e3_DFINAL_0.7K-steps",
        "daje/model_2e-4_alpha-8_r-16",
        "Ozaii/Zephyrr",
        "chchen/Llama-3.1-8B-Instruct-PsyCourse-fold3",
        "thalllsssss/00a4666d-12ae-4972-9753-306a02cf9512",
        "nomadrp/tq-llama-sft-belebele",
        "lucy666/llama3.1-8B-Concise",
        "femT-data/llama-3.1-Instruct-finetuned-NER",
        "prxy5607/f59b404a-1d76-4c38-98b7-5a73c0ecea6e"
    ],
    "valid_accuracy": 1.0,
    "test_accuracy": 0.9134,
    "weights": [
        0.6204013751589248,
        0.4598003553152062,
        0.4786455664534391,
        0.4610759845158273,
        0.5483508522080689,
        0.44776343380684236,
        0.04037313701610985,
        -0.029215841124147136,
        0.053154253271354285,
        0.4844124018718549,
        0.3313492530076302,
        -0.037592421147630894,
        -0.009278199816586409,
        -0.042501583844325036,
        -0.014881770147973023,
        0.41308163626047967,
        -0.0019858763380651476,
        -0.06325326013989582,
        -0.058483316602790394,
        -0.0321872818899755
    ]
}