{
    "task": "web_of_lies",
    "expert_name": [
        "r-three/lora_baseline_lr3e-4_step400_rank64_web_of_lies",
        "daje/model_5e-05_alpha-128_r-256",
        "LangAGI-Lab/Meta-Llama-3.1-8B-Instruct-WM-bootstrapped-16k-adapter",
        "datlaaaaaaa/cf707148-8a14-4b17-af50-c0c419a06bb2",
        "chchen/Llama-3.1-8B-Instruct-PsyCourse-info-chain-fold9"
    ],
    "valid_accuracy": 0.6,
    "test_accuracy": 0.5671140939597316,
    "weights": [
        0.50058839521778,
        0.4984515730509801,
        -0.004207801736934832,
        0.001045903030403642,
        -0.0003118638385851691
    ]
}