{
    "task": "twitter_financial_news_sentiment",
    "expert_name": [
        "r-three/lora_baseline_lr3e-4_step400_rank64_twitter_financial_news_sentiment",
        "tanatapanun/Meta-Llama-3.1-8B-Instruct-NoteChat-32r-train-dataset-1-epochs-document-prompt-token-4096",
        "leedahyeon/0221_all_llama31_docs_cp3500",
        "minhtrannnn/0d5d4d02-c5c0-4607-b69a-0ddd8845e6f7",
        "robiulawaldev/da92a142-8a96-438e-80b3-13cf5e027f66",
        "gotzmann/1JV44C2nd",
        "chchen/Llama-3.1-8B-Instruct-PsyCourse-doc-info-fold8",
        "daje/model_2e-4",
        "laquythang/07d7800a-5441-44b2-8e4b-5b1f2fb61a61",
        "prxy5606/98345738-30aa-41c4-bf69-2392a1ce4d0a",
        "LangAGI-Lab/Meta-Llama-3.1-8B-Instruct-WM-bootstrapped-16k-adapter",
        "myhaaaaaaa/2bd8eab3-2f15-4917-83d4-5245c3b84852",
        "CharlesLi/llama_3_unsafe_helpful",
        "mohmzm/llama_3_1_8b_instruct_document_relevance_test",
        "chchen/Llama-3.1-8B-Instruct-SAA-700",
        "GaetanMichelet/Llama-31-8B_task-2_180-samples_config-1_full",
        "EdBergJr/tablets_baha_arabic",
        "GaetanMichelet/Llama-31-8B_task-1_60-samples_config-1_full_auto",
        "nomadrp/tq-6-langs",
        "0x1202/0fa06e19-bb47-4f8b-9cc3-fa3e8c3c0982"
    ],
    "valid_accuracy": 0.8,
    "test_accuracy": 0.8104712041884817,
    "weights": [
        0.7802552609202615,
        0.19307137507648445,
        0.11535585498258023,
        -0.31485671725177855,
        0.4387709981301093,
        -0.27589658133000555,
        0.6663184737524321,
        0.16446150264290546,
        0.124141201097368,
        -0.34495786129372613,
        0.0095330659995993,
        -0.3203724595488673,
        -0.019650564445490494,
        0.2686077546674472,
        0.6030752532901182,
        -0.11021223802056387,
        0.032213046813547405,
        -0.11071845854864745,
        0.617322631112411,
        -0.007489977733253669
    ]
}