{
    "task": "web_of_lies",
    "expert_name": [
        "daje/model_5e-05_alpha-128_r-256",
        "LangAGI-Lab/Meta-Llama-3.1-8B-Instruct-WM-bootstrapped-16k-adapter",
        "datlaaaaaaa/cf707148-8a14-4b17-af50-c0c419a06bb2",
        "chchen/Llama-3.1-8B-Instruct-PsyCourse-info-chain-fold9",
        "chanadda/Meta-Llama-3.1-8B-Instruct-pantip"
    ],
    "valid_accuracy": 0.65,
    "test_accuracy": 0.5536912751677853,
    "weights": [
        0.18257660913213256,
        0.6036921220826563,
        0.8782970914483834,
        0.5716819964341391,
        -0.051894144723523605
    ]
}