{
    "task": "anli",
    "expert_name": [
        "r-three/lora_baseline_lr3e-4_step400_rank64_anli",
        "leedahyeon/0221_gamsa_test_cp3000",
        "phungkhaccuong/afbdf303-5ec3-cb90-b17b-283c6f8ad70b",
        "CounterNarratives/Meta-Llama-3.1-8B-Instruct_english_premises_a",
        "britojr/llama3.1-sec10q_v2"
    ],
    "valid_accuracy": 0.65,
    "test_accuracy": 0.59,
    "weights": [
        0.6869348129442252,
        0.1255166964551862,
        -0.15355361760078995,
        0.40003057040868334,
        0.08402072207222414
    ]
}