{
    "task": "arc_easy",
    "expert_name": [
        "r-three/lora_baseline_lr3e-4_step400_rank64_arc_easy",
        "daje/model_5e-05_alpha-128_r-256",
        "LangAGI-Lab/Meta-Llama-3.1-8B-Instruct-WM-bootstrapped-16k-adapter",
        "datlaaaaaaa/cf707148-8a14-4b17-af50-c0c419a06bb2",
        "chchen/Llama-3.1-8B-Instruct-PsyCourse-info-chain-fold9"
    ],
    "valid_accuracy": 0.85,
    "test_accuracy": 0.8808922558922558,
    "weights": [
        0.7072354810695257,
        0.3495439399432016,
        0.9867473438238759,
        -0.012482333446853105,
        0.023538999182945986
    ]
}