{
    "task": "glue_mnli",
    "expert_name": [
        "leedahyeon/0221_gamsa_test_cp3000",
        "phungkhaccuong/afbdf303-5ec3-cb90-b17b-283c6f8ad70b",
        "CounterNarratives/Meta-Llama-3.1-8B-Instruct_english_premises_a",
        "britojr/llama3.1-sec10q_v2",
        "Atharva-07/classification_task"
    ],
    "valid_accuracy": 0.75,
    "test_accuracy": 0.6708,
    "weights": [
        0.050604352322302,
        0.007205455644639117,
        -0.015077724175157625,
        0.43794166947912305,
        0.4757996237025276
    ]
}