{
    "task": "arc_challenge",
    "expert_name": [
        "r-three/lora_baseline_lr3e-4_step400_rank64_arc_challenge",
        "leedahyeon/0221_gamsa_test_cp3000",
        "phungkhaccuong/afbdf303-5ec3-cb90-b17b-283c6f8ad70b",
        "CounterNarratives/Meta-Llama-3.1-8B-Instruct_english_premises_a",
        "britojr/llama3.1-sec10q_v2"
    ],
    "valid_accuracy": 0.75,
    "test_accuracy": 0.7158703071672355,
    "weights": [
        1.4920938672047637,
        -0.23476514048214567,
        0.1559150490846253,
        -0.48156296136016735,
        0.1705730787790294
    ]
}