{
    "task": "qa_wikidata",
    "expert_name": [
        "daje/model_5e-05_alpha-128_r-256",
        "LangAGI-Lab/Meta-Llama-3.1-8B-Instruct-WM-bootstrapped-16k-adapter",
        "datlaaaaaaa/cf707148-8a14-4b17-af50-c0c419a06bb2",
        "chchen/Llama-3.1-8B-Instruct-PsyCourse-info-chain-fold9",
        "chanadda/Meta-Llama-3.1-8B-Instruct-pantip",
        "yadayadayada1927/16_model",
        "Cookieeeeeeeeeeeeeee/llama_custom_zero",
        "thaffggg/f11180f1-1b9d-4b3c-8eee-94e554cf0f06",
        "hongngo/612beea2-1e23-46e9-b772-5d201f773304",
        "barc0/induction-run2-gpt4omini-20k-100seeds-barc-llama3.1-8b-instruct-lora64_lr2e-4_epoch3",
        "clembench-playpen/llama-3.1-8B-Instruct-multi-step-collator_playpen_SFT-e3_DFINAL_0.7K-steps",
        "daje/model_2e-4_alpha-8_r-16",
        "Ozaii/Zephyrr",
        "chchen/Llama-3.1-8B-Instruct-PsyCourse-fold3",
        "thalllsssss/00a4666d-12ae-4972-9753-306a02cf9512",
        "nomadrp/tq-llama-sft-belebele",
        "lucy666/llama3.1-8B-Concise",
        "femT-data/llama-3.1-Instruct-finetuned-NER",
        "prxy5607/f59b404a-1d76-4c38-98b7-5a73c0ecea6e",
        "cshbi/fine_tune_output_eie_3.1"
    ],
    "valid_accuracy": 0.85,
    "test_accuracy": 0.684596577017115,
    "weights": [
        0.056448284162666305,
        0.19166400456200006,
        0.4764727465230077,
        -0.12684037544072835,
        0.38271013529016124,
        0.08496608919146441,
        -0.2976116452529972,
        -0.10011143122508369,
        -0.20311774471996125,
        0.5788558444728077,
        0.03222931043707816,
        0.8325918842940179,
        0.2703934210141938,
        0.6018347251497832,
        0.35696916856827793,
        0.9440594556790634,
        0.7376951645128194,
        0.8398660965764941,
        0.15380292361916698,
        0.26791525171602903
    ]
}