{
    "task": "xnli_th",
    "expert_name": [
        "r-three/lora_baseline_lr3e-4_step400_rank64_xnli_th",
        "daje/model_5e-05_alpha-128_r-256",
        "LangAGI-Lab/Meta-Llama-3.1-8B-Instruct-WM-bootstrapped-16k-adapter",
        "datlaaaaaaa/cf707148-8a14-4b17-af50-c0c419a06bb2",
        "chchen/Llama-3.1-8B-Instruct-PsyCourse-info-chain-fold9",
        "chanadda/Meta-Llama-3.1-8B-Instruct-pantip",
        "yadayadayada1927/16_model",
        "Cookieeeeeeeeeeeeeee/llama_custom_zero",
        "thaffggg/f11180f1-1b9d-4b3c-8eee-94e554cf0f06",
        "hongngo/612beea2-1e23-46e9-b772-5d201f773304"
    ],
    "valid_accuracy": 0.65,
    "test_accuracy": 0.5952,
    "weights": [
        0.9090179291418516,
        0.1335200011907061,
        -0.23470820131912734,
        0.05147668024678135,
        0.9195062446377554,
        -0.2484817119091003,
        0.3449082021690458,
        0.43128311709721767,
        -0.6246999597514562,
        -0.30900811572662956
    ]
}