{
    "task": "typescript_chunks",
    "expert_name": [
        "leedahyeon/0221_gamsa_test_cp3000",
        "phungkhaccuong/afbdf303-5ec3-cb90-b17b-283c6f8ad70b",
        "CounterNarratives/Meta-Llama-3.1-8B-Instruct_english_premises_a",
        "britojr/llama3.1-sec10q_v2",
        "Atharva-07/classification_task"
    ],
    "valid_accuracy": 0.85,
    "test_accuracy": 0.9028,
    "weights": [
        0.5551669126012525,
        0.6329617456273281,
        -0.011805809459190691,
        -0.045869330380803874,
        -0.02024329331239001
    ]
}