{
    "task": "toxic_chat",
    "expert_name": [
        "r-three/lora_baseline_lr3e-4_step400_rank64_toxic_chat",
        "tanatapanun/Meta-Llama-3.1-8B-Instruct-NoteChat-32r-train-dataset-1-epochs-document-prompt-token-4096",
        "leedahyeon/0221_all_llama31_docs_cp3500",
        "minhtrannnn/0d5d4d02-c5c0-4607-b69a-0ddd8845e6f7",
        "robiulawaldev/da92a142-8a96-438e-80b3-13cf5e027f66",
        "gotzmann/1JV44C2nd",
        "chchen/Llama-3.1-8B-Instruct-PsyCourse-doc-info-fold8",
        "daje/model_2e-4",
        "laquythang/07d7800a-5441-44b2-8e4b-5b1f2fb61a61",
        "prxy5606/98345738-30aa-41c4-bf69-2392a1ce4d0a",
        "LangAGI-Lab/Meta-Llama-3.1-8B-Instruct-WM-bootstrapped-16k-adapter",
        "myhaaaaaaa/2bd8eab3-2f15-4917-83d4-5245c3b84852",
        "CharlesLi/llama_3_unsafe_helpful",
        "mohmzm/llama_3_1_8b_instruct_document_relevance_test",
        "chchen/Llama-3.1-8B-Instruct-SAA-700",
        "GaetanMichelet/Llama-31-8B_task-2_180-samples_config-1_full",
        "EdBergJr/tablets_baha_arabic",
        "GaetanMichelet/Llama-31-8B_task-1_60-samples_config-1_full_auto",
        "nomadrp/tq-6-langs",
        "0x1202/0fa06e19-bb47-4f8b-9cc3-fa3e8c3c0982"
    ],
    "valid_accuracy": 1.0,
    "test_accuracy": 0.9542,
    "weights": [
        0.9617256745260598,
        0.10010186116260054,
        -0.01206425686480038,
        -0.26585648556739305,
        0.19703872687248855,
        0.3549183429032784,
        0.014291092725099597,
        0.008641175208537008,
        0.41186739023195856,
        0.005455166133760949,
        0.015943772876554123,
        0.05212833399971005,
        0.024771353173845635,
        0.005335242291568018,
        0.0027616013178860584,
        0.01067265570231773,
        0.016649378993000296,
        0.389350335576434,
        0.010514195558399672,
        0.03573969686046108
    ]
}