{
    "task": "super_glue_wsc",
    "expert_name": [
        "leedahyeon/0221_gamsa_test_cp3000",
        "phungkhaccuong/afbdf303-5ec3-cb90-b17b-283c6f8ad70b",
        "CounterNarratives/Meta-Llama-3.1-8B-Instruct_english_premises_a",
        "britojr/llama3.1-sec10q_v2",
        "Atharva-07/classification_task",
        "aleegis10/8ed9fe91-c2b5-42ca-8efb-927b4c8fbf45",
        "robiulawaldev/da92a142-8a96-438e-80b3-13cf5e027f66",
        "LangAGI-Lab/Meta-Llama-3.1-8B-Instruct-WM-acctree-16k-75-adapter-new",
        "clembench-playpen/Llama-3-Clembench-Runs-Successful-Episodes_Top_10_Models_Individual_QA_adapted_image_game",
        "Yossim/fine_tuned_llama2"
    ],
    "valid_accuracy": 0.65,
    "test_accuracy": 0.48214285714285715,
    "weights": [
        -0.19044129020712983,
        -0.29078058386055505,
        -0.3772242319672346,
        0.5325119981897866,
        0.9245761309239677,
        -0.17076656079820482,
        0.8970446976128991,
        -0.25698339593051184,
        -0.024118659307623302,
        0.37285012858104005
    ]
}