{
    "task": "medmcqa",
    "expert_name": [
        "leedahyeon/0221_gamsa_test_cp3000",
        "phungkhaccuong/afbdf303-5ec3-cb90-b17b-283c6f8ad70b",
        "CounterNarratives/Meta-Llama-3.1-8B-Instruct_english_premises_a",
        "britojr/llama3.1-sec10q_v2",
        "Atharva-07/classification_task"
    ],
    "valid_accuracy": 0.3,
    "test_accuracy": 0.5506,
    "weights": [
        0.5635312446939233,
        0.4905142509612596,
        0.6084739625053983,
        -0.01831282889877734,
        0.5365425491530349
    ]
}