{
    "task": "unarxive_imrad_clf",
    "expert_name": [
        "r-three/lora_baseline_lr3e-4_step400_rank64_unarxive_imrad_clf",
        "daje/model_5e-05_alpha-128_r-256",
        "LangAGI-Lab/Meta-Llama-3.1-8B-Instruct-WM-bootstrapped-16k-adapter",
        "datlaaaaaaa/cf707148-8a14-4b17-af50-c0c419a06bb2",
        "chchen/Llama-3.1-8B-Instruct-PsyCourse-info-chain-fold9",
        "chanadda/Meta-Llama-3.1-8B-Instruct-pantip",
        "yadayadayada1927/16_model",
        "Cookieeeeeeeeeeeeeee/llama_custom_zero",
        "thaffggg/f11180f1-1b9d-4b3c-8eee-94e554cf0f06",
        "hongngo/612beea2-1e23-46e9-b772-5d201f773304",
        "barc0/induction-run2-gpt4omini-20k-100seeds-barc-llama3.1-8b-instruct-lora64_lr2e-4_epoch3",
        "clembench-playpen/llama-3.1-8B-Instruct-multi-step-collator_playpen_SFT-e3_DFINAL_0.7K-steps",
        "daje/model_2e-4_alpha-8_r-16",
        "Ozaii/Zephyrr",
        "chchen/Llama-3.1-8B-Instruct-PsyCourse-fold3",
        "thalllsssss/00a4666d-12ae-4972-9753-306a02cf9512",
        "nomadrp/tq-llama-sft-belebele",
        "lucy666/llama3.1-8B-Concise",
        "femT-data/llama-3.1-Instruct-finetuned-NER",
        "prxy5607/f59b404a-1d76-4c38-98b7-5a73c0ecea6e",
        "cshbi/fine_tune_output_eie_3.1",
        "Alphatao/9176ae39-6635-4492-ae61-927f06585355",
        "minhtrannnn/3f048b0f-bb1e-4f5d-b68c-679dc5f1dd96",
        "XicoC/llama381binstruct_summarize_short",
        "chchen/Llama-3.1-8B-Instruct-SFT-1000",
        "leedahyeon/0219_all_llama31_cp3500",
        "ciloku/ceee306b-b546-42b7-99ba-fef7fcc1bd26",
        "chauhoang/a7b71eb1-db0f-4c12-ae7f-75544046c341",
        "GaetanMichelet/Llama-31-8B_task-3_180-samples_config-1",
        "Hiranmai49/Llama-3.1-8B-Instruct-contracts-pretrainLlama3.18b"
    ],
    "valid_accuracy": 0.65,
    "test_accuracy": 0.6661312989359567,
    "weights": [
        0.9948772219134513,
        0.3428364556072208,
        0.5922780527146256,
        0.5099800328812495,
        0.5074271547596786,
        0.30683506009033407,
        -0.12291178090619699,
        -0.017652716587658712,
        -0.028894931230154672,
        -0.012247712719348509,
        -0.07832497970360236,
        -0.03669403896439789,
        -0.17207588131298754,
        -0.022332189080951817,
        -0.14565538957930663,
        0.012468149087931,
        -0.04191230588917658,
        -0.13666411847320292,
        -0.09081519427587356,
        -0.10897057030099029,
        0.01785020172297074,
        -0.011419429720122993,
        -0.07079887930919354,
        -0.29348067995259297,
        -0.01075551065314918,
        -0.16409639187117492,
        0.010342230504887872,
        0.027038093326486934,
        -0.012263835632550577,
        -0.03258143123899172
    ]
}