{
    "task": "sports_understanding",
    "expert_name": [
        "leedahyeon/0221_gamsa_test_cp3000",
        "phungkhaccuong/afbdf303-5ec3-cb90-b17b-283c6f8ad70b",
        "CounterNarratives/Meta-Llama-3.1-8B-Instruct_english_premises_a",
        "britojr/llama3.1-sec10q_v2",
        "Atharva-07/classification_task",
        "aleegis10/8ed9fe91-c2b5-42ca-8efb-927b4c8fbf45",
        "robiulawaldev/da92a142-8a96-438e-80b3-13cf5e027f66",
        "LangAGI-Lab/Meta-Llama-3.1-8B-Instruct-WM-acctree-16k-75-adapter-new",
        "clembench-playpen/Llama-3-Clembench-Runs-Successful-Episodes_Top_10_Models_Individual_QA_adapted_image_game",
        "Yossim/fine_tuned_llama2",
        "duyphu/e1bc4b5a-5af6-4ce2-be2d-622344438659",
        "tanatapanun/Meta-Llama-3.1-8B-Instruct-NoteChat-32r-train-dataset-1-epochs-document-prompt-token-4096",
        "developerssy/Meta-Llama-3.1-8B-skills",
        "ncbateman/65eaec89-ddb3-4b65-866f-c621f95eea55",
        "hansh/hansken_human_hql",
        "minhtrannnn/3f048b0f-bb1e-4f5d-b68c-679dc5f1dd96",
        "nhunglaaaaaaa/8efc2e7d-f7f6-46a4-83bd-bf5ae190a347",
        "datlaaaaaaa/5c74b710-f2b8-45a0-8bbb-8b3c49d26627",
        "mkopecki/chess-lora-adapter-fp-llama-3.1-8b",
        "llm-wizard/llama381binstruct_summarize",
        "duyphu/4ecd8066-f334-4600-a146-3ec7b56f98be",
        "clembench-playpen/meta-llama-Meta-Llama-3.1-8B-Instruct_SFT_E1_DM002",
        "CharlesLi/llama_3_gsm8k_cot_simplest",
        "mohmzm/llama_3_1_8B_doc_rel_v0.1",
        "faridlazuarda/valadapt-llama-3.1-8B-it-bengali",
        "GaetanMichelet/Llama-31-8B_task-2_60-samples_config-1",
        "RAG-Gym/ReSearch-HotpotQA-SFT",
        "clembench-playpen/llama-3.1-8B-Instruct_playpen_ablation_SFT_DFINAL_0.4K-steps",
        "tanatapanun/Meta-Llama-3.1-8B-Instruct-NoteChat-32r-train-dataset-1-epochs-document-prompt-token-1024",
        "clembench-playpen/meta-llama-Meta-Llama-3.1-8B-Instruct_SFT_D90018"
    ],
    "valid_accuracy": 0.7,
    "test_accuracy": 0.6995661605206074,
    "weights": [
        0.0021036434838980775,
        0.5287044247813324,
        0.01935114189711729,
        0.015916797812443473,
        0.5011370547133914,
        -0.0066490500716138105,
        0.010183526660842575,
        0.5119797110786434,
        0.004162765070809583,
        0.014652585839272446,
        -0.009782876190569665,
        -0.004491896390309864,
        0.49218349379754595,
        0.0026760491363650276,
        0.0017889505540953758,
        0.5005797934202904,
        -0.00016721672287019424,
        -0.00028040626163772296,
        -0.0016633873980066455,
        -0.003714497872493722,
        -0.0003529969583906942,
        0.04697679250366829,
        -0.0011449521632509712,
        0.0005682815611637061,
        0.02742310519544553,
        -0.006695543149256044,
        -0.005021099929155494,
        -0.003394762844987952,
        -0.001663609964818472,
        -0.0011266935217307805
    ]
}