{
    "task": "aqua_rat",
    "expert_name": [
        "leedahyeon/0221_gamsa_test_cp3000",
        "phungkhaccuong/afbdf303-5ec3-cb90-b17b-283c6f8ad70b",
        "CounterNarratives/Meta-Llama-3.1-8B-Instruct_english_premises_a",
        "britojr/llama3.1-sec10q_v2",
        "Atharva-07/classification_task",
        "aleegis10/8ed9fe91-c2b5-42ca-8efb-927b4c8fbf45",
        "robiulawaldev/da92a142-8a96-438e-80b3-13cf5e027f66",
        "LangAGI-Lab/Meta-Llama-3.1-8B-Instruct-WM-acctree-16k-75-adapter-new",
        "clembench-playpen/Llama-3-Clembench-Runs-Successful-Episodes_Top_10_Models_Individual_QA_adapted_image_game",
        "Yossim/fine_tuned_llama2"
    ],
    "valid_accuracy": 0.05,
    "test_accuracy": 0.07086614173228346,
    "weights": [
        0.0043271152265486525,
        0.06707967355756733,
        0.23000911889836162,
        0.540499926747094,
        0.8508373743248349,
        0.9804492326196657,
        0.5490375813048102,
        -0.29689608728986056,
        -0.39886550349761163,
        0.009596874355895499
    ]
}