{
    "task": "hyperbaton",
    "expert_name": [
        "r-three/lora_baseline_lr3e-4_step400_rank64_hyperbaton",
        "daje/model_5e-05_alpha-128_r-256",
        "LangAGI-Lab/Meta-Llama-3.1-8B-Instruct-WM-bootstrapped-16k-adapter",
        "datlaaaaaaa/cf707148-8a14-4b17-af50-c0c419a06bb2",
        "chchen/Llama-3.1-8B-Instruct-PsyCourse-info-chain-fold9"
    ],
    "valid_accuracy": 1.0,
    "test_accuracy": 0.9472,
    "weights": [
        0.9784105810008165,
        0.43820345864906385,
        -0.001815858592976243,
        0.005475362587723606,
        -0.015497537620966166
    ]
}