{
    "task": "arc_easy",
    "expert_name": [
        "r-three/lora_baseline_qwen_lr3e-4_step400_rank64_arc_easy",
        "sfutenma/lora_structeval_t_qwen3_4b_v260221-211258",
        "tehiro/qwen3-structeval-lora",
        "kmd2525/qwen3-4b-structured-output-lora-v5.2",
        "t-mizuma/qwen3-4b-structeval-lora-5",
        "worldmate/007kuma",
        "ksk740/model20260211",
        "YyUuYyAa/qwen3-4b-structured-output-lora-revised",
        "takao-nb/qwen3-4b-structured-submit10-lora",
        "sabia0080/qwen3-4b-sft-v0-cotv2-lr2e6-ep2-wd001",
        "sam-murayama/sam-qwen3-lora-16",
        "help2opensource/Qwen3-4B-Instruct-2507_mental_health",
        "pokke11/qwen3-4b-structured-output-lora3",
        "takao-nb/qwen3-4b-structured-submit16-lora",
        "Centkun/qwen3-4b-instruct-2507-lora-homework_vo6",
        "marukame332/final_asignment",
        "tsubasaka/lora-repo-v4",
        "Sumiokashi/qwen3-4b-structured-3k-mix-sft_lora-repo_ver34",
        "Kpitc5884/Kpitc5884-lora-repo",
        "yokobo-ai/qwen3-4b-so-lora-v10",
        "MMdesanQ1/your-lora-repo-v3",
        "Umezaki/sft-qwen-v2-lora8-upsample-adapter",
        "hiro877/your-lora-repo-structured-hard-sft-4-0205",
        "katsumi1701/qwen3-4b-structured-output-lora-sft2",
        "thetmon/c1",
        "tmiyamoto/qwen3-4b-agentbench-exp02",
        "yokobo-ai/qwen3-4b-so-lora-v8",
        "manamano88/qwen3-4b-structured-output-lora-v15-14",
        "kiratan/qwen3-4b-structeval-lora-87",
        "choco800/Qwen3-4B-SFT-v13"
    ],
    "train+valid_accuracy": 1.0,
    "test_accuracy": 0.9423400673400674,
    "weights": [
        0.5176868621077801,
        0.41849018837184054,
        -0.035353419584803925,
        -0.031897406166075525,
        -0.014865104318273934,
        -0.023504829564345246,
        -0.03374396210980539,
        -0.05333837689484383,
        -0.015912717895882514,
        -0.06408496997970006,
        0.053545914645950834,
        -0.010818116648134719,
        0.028109687718666825,
        -0.012224176451909678,
        -0.03311006015530107,
        0.4753211895643813,
        0.008590992161678235,
        -0.023398801386144214,
        0.008392776275393306,
        0.012867573503355732,
        0.08574795981311407,
        -0.005651285308595869,
        0.007566709590152357,
        -0.022698807493935845,
        -0.004411984152707518,
        -0.006853825658704102,
        -0.0193643602807359,
        0.5323829172825858,
        0.4998530297021184,
        -0.007386249812086648
    ]
}