{
    "task": "circa",
    "expert_name": [
        "r-three/lora_baseline_qwen_lr3e-4_step400_rank64_circa",
        "sfutenma/lora_structeval_t_qwen3_4b_v260221-211258",
        "tehiro/qwen3-structeval-lora",
        "kmd2525/qwen3-4b-structured-output-lora-v5.2",
        "t-mizuma/qwen3-4b-structeval-lora-5",
        "worldmate/007kuma",
        "ksk740/model20260211",
        "YyUuYyAa/qwen3-4b-structured-output-lora-revised",
        "takao-nb/qwen3-4b-structured-submit10-lora",
        "sabia0080/qwen3-4b-sft-v0-cotv2-lr2e6-ep2-wd001",
        "sam-murayama/sam-qwen3-lora-16",
        "help2opensource/Qwen3-4B-Instruct-2507_mental_health",
        "pokke11/qwen3-4b-structured-output-lora3",
        "takao-nb/qwen3-4b-structured-submit16-lora",
        "Centkun/qwen3-4b-instruct-2507-lora-homework_vo6",
        "marukame332/final_asignment",
        "tsubasaka/lora-repo-v4",
        "Sumiokashi/qwen3-4b-structured-3k-mix-sft_lora-repo_ver34",
        "Kpitc5884/Kpitc5884-lora-repo",
        "yokobo-ai/qwen3-4b-so-lora-v10",
        "MMdesanQ1/your-lora-repo-v3",
        "Umezaki/sft-qwen-v2-lora8-upsample-adapter",
        "hiro877/your-lora-repo-structured-hard-sft-4-0205",
        "katsumi1701/qwen3-4b-structured-output-lora-sft2",
        "thetmon/c1",
        "tmiyamoto/qwen3-4b-agentbench-exp02",
        "yokobo-ai/qwen3-4b-so-lora-v8",
        "manamano88/qwen3-4b-structured-output-lora-v15-14",
        "kiratan/qwen3-4b-structeval-lora-87",
        "choco800/Qwen3-4B-SFT-v13"
    ],
    "train+valid_accuracy": 0.56,
    "test_accuracy": 0.5398307557630581,
    "weights": [
        0.4596478184835349,
        -0.06378219869181301,
        0.0007531992288201498,
        -0.02700857758437337,
        -0.002253841966796912,
        0.5004693795164611,
        -0.0009424071970908853,
        -0.008698257457557635,
        -0.0016214783782180643,
        -0.006403191401153448,
        -0.00941262030159067,
        -0.008223517668154129,
        -0.008109290624470281,
        -0.0026075448944632143,
        -0.0069371779278807714,
        -0.0010527044408631726,
        -0.004359427314039636,
        0.008955227816727761,
        -0.025903711947215816,
        -0.0032502730482003857,
        -0.008434464639172516,
        -0.001240057298267363,
        -0.009561498377246812,
        -0.00911921500712798,
        -0.004707990183107624,
        -0.005134281702153843,
        -0.004903394092943204,
        -0.0008754952262791658,
        -0.0032225177214208474,
        -0.0032281769208242933
    ]
}