{
    "task": "xnli_th",
    "expert_name": [
        "r-three/lora_baseline_qwen_lr3e-4_step400_rank64_xnli_th",
        "sfutenma/lora_structeval_t_qwen3_4b_v260221-211258",
        "tehiro/qwen3-structeval-lora",
        "kmd2525/qwen3-4b-structured-output-lora-v5.2",
        "t-mizuma/qwen3-4b-structeval-lora-5",
        "worldmate/007kuma",
        "ksk740/model20260211",
        "YyUuYyAa/qwen3-4b-structured-output-lora-revised",
        "takao-nb/qwen3-4b-structured-submit10-lora",
        "sabia0080/qwen3-4b-sft-v0-cotv2-lr2e6-ep2-wd001",
        "sam-murayama/sam-qwen3-lora-16",
        "help2opensource/Qwen3-4B-Instruct-2507_mental_health",
        "pokke11/qwen3-4b-structured-output-lora3",
        "takao-nb/qwen3-4b-structured-submit16-lora",
        "Centkun/qwen3-4b-instruct-2507-lora-homework_vo6",
        "marukame332/final_asignment",
        "tsubasaka/lora-repo-v4",
        "Sumiokashi/qwen3-4b-structured-3k-mix-sft_lora-repo_ver34",
        "Kpitc5884/Kpitc5884-lora-repo",
        "yokobo-ai/qwen3-4b-so-lora-v10",
        "MMdesanQ1/your-lora-repo-v3",
        "Umezaki/sft-qwen-v2-lora8-upsample-adapter",
        "hiro877/your-lora-repo-structured-hard-sft-4-0205",
        "katsumi1701/qwen3-4b-structured-output-lora-sft2",
        "thetmon/c1",
        "tmiyamoto/qwen3-4b-agentbench-exp02",
        "yokobo-ai/qwen3-4b-so-lora-v8",
        "manamano88/qwen3-4b-structured-output-lora-v15-14",
        "kiratan/qwen3-4b-structeval-lora-87",
        "choco800/Qwen3-4B-SFT-v13"
    ],
    "train+valid_accuracy": 0.75,
    "test_accuracy": 0.6332,
    "weights": [
        0.6038817647896538,
        0.4837901135279203,
        0.38149459383221984,
        -0.045922405968185254,
        0.4058654595465271,
        -0.01110288879251462,
        -0.05969543126377105,
        -0.00027833914685575234,
        -0.026831672464267278,
        -0.0452933416779146,
        0.04057390033575129,
        0.507111444079922,
        0.03445506628284479,
        -0.08525485709479586,
        0.03706323638315315,
        0.01113550208156983,
        0.03849038746613873,
        0.017195288657496404,
        -0.038927398184036156,
        -0.053589815341565185,
        -0.03369809615392485,
        -0.009779886051494656,
        -0.025608981252082566,
        0.004912973241008062,
        0.032238251476544376,
        -0.024527929911915908,
        -0.05275387667600358,
        -0.014740200892930978,
        -0.0715500202556828,
        0.020716039791654376
    ]
}