{
    "task": "xnli_hi",
    "expert_name": [
        "r-three/lora_baseline_qwen_lr3e-4_step400_rank64_xnli_hi",
        "sfutenma/lora_structeval_t_qwen3_4b_v260221-211258",
        "tehiro/qwen3-structeval-lora",
        "kmd2525/qwen3-4b-structured-output-lora-v5.2",
        "t-mizuma/qwen3-4b-structeval-lora-5",
        "worldmate/007kuma",
        "ksk740/model20260211",
        "YyUuYyAa/qwen3-4b-structured-output-lora-revised",
        "takao-nb/qwen3-4b-structured-submit10-lora",
        "sabia0080/qwen3-4b-sft-v0-cotv2-lr2e6-ep2-wd001",
        "sam-murayama/sam-qwen3-lora-16",
        "help2opensource/Qwen3-4B-Instruct-2507_mental_health",
        "pokke11/qwen3-4b-structured-output-lora3",
        "takao-nb/qwen3-4b-structured-submit16-lora",
        "Centkun/qwen3-4b-instruct-2507-lora-homework_vo6",
        "marukame332/final_asignment",
        "tsubasaka/lora-repo-v4",
        "Sumiokashi/qwen3-4b-structured-3k-mix-sft_lora-repo_ver34",
        "Kpitc5884/Kpitc5884-lora-repo",
        "yokobo-ai/qwen3-4b-so-lora-v10",
        "MMdesanQ1/your-lora-repo-v3",
        "Umezaki/sft-qwen-v2-lora8-upsample-adapter",
        "hiro877/your-lora-repo-structured-hard-sft-4-0205",
        "katsumi1701/qwen3-4b-structured-output-lora-sft2",
        "thetmon/c1",
        "tmiyamoto/qwen3-4b-agentbench-exp02",
        "yokobo-ai/qwen3-4b-so-lora-v8",
        "manamano88/qwen3-4b-structured-output-lora-v15-14",
        "kiratan/qwen3-4b-structeval-lora-87",
        "choco800/Qwen3-4B-SFT-v13"
    ],
    "train+valid_accuracy": 0.55,
    "test_accuracy": 0.568,
    "weights": [
        0.6816382945528608,
        0.5551201187366553,
        0.33106503922813346,
        -0.023936685534692855,
        0.43551679619771616,
        0.04932221119177081,
        -0.02627290483894744,
        -0.19516259927328544,
        0.06631187802205162,
        -0.04107344512504485,
        -0.07339348670280957,
        0.4138380878798242,
        -0.04732173650235806,
        0.0034275132789932106,
        -0.03487649380141258,
        -0.08918345014152503,
        0.005499469022099078,
        -0.09334380842608507,
        -0.13416734700939165,
        0.04252154944217522,
        -0.2262702482443951,
        0.029118959927850904,
        -0.05852186240979228,
        -0.06058386213117842,
        -0.02295006256698824,
        -0.12004349143448001,
        -0.04886109299297764,
        -0.003553687996027236,
        -0.03186394285279362,
        -0.02871954294865428
    ]
}