{
    "task": "qasc",
    "expert_name": [
        "r-three/lora_baseline_qwen_lr3e-4_step400_rank64_qasc",
        "sfutenma/lora_structeval_t_qwen3_4b_v260221-211258",
        "tehiro/qwen3-structeval-lora",
        "kmd2525/qwen3-4b-structured-output-lora-v5.2",
        "t-mizuma/qwen3-4b-structeval-lora-5",
        "worldmate/007kuma",
        "ksk740/model20260211",
        "YyUuYyAa/qwen3-4b-structured-output-lora-revised",
        "takao-nb/qwen3-4b-structured-submit10-lora",
        "sabia0080/qwen3-4b-sft-v0-cotv2-lr2e6-ep2-wd001",
        "sam-murayama/sam-qwen3-lora-16",
        "help2opensource/Qwen3-4B-Instruct-2507_mental_health",
        "pokke11/qwen3-4b-structured-output-lora3",
        "takao-nb/qwen3-4b-structured-submit16-lora",
        "Centkun/qwen3-4b-instruct-2507-lora-homework_vo6",
        "marukame332/final_asignment",
        "tsubasaka/lora-repo-v4",
        "Sumiokashi/qwen3-4b-structured-3k-mix-sft_lora-repo_ver34",
        "Kpitc5884/Kpitc5884-lora-repo",
        "yokobo-ai/qwen3-4b-so-lora-v10",
        "MMdesanQ1/your-lora-repo-v3",
        "Umezaki/sft-qwen-v2-lora8-upsample-adapter",
        "hiro877/your-lora-repo-structured-hard-sft-4-0205",
        "katsumi1701/qwen3-4b-structured-output-lora-sft2",
        "thetmon/c1",
        "tmiyamoto/qwen3-4b-agentbench-exp02",
        "yokobo-ai/qwen3-4b-so-lora-v8",
        "manamano88/qwen3-4b-structured-output-lora-v15-14",
        "kiratan/qwen3-4b-structeval-lora-87",
        "choco800/Qwen3-4B-SFT-v13"
    ],
    "train+valid_accuracy": 0.99,
    "test_accuracy": 0.9471744471744472,
    "weights": [
        0.4589717830416528,
        0.2044066529019592,
        -0.10670698917422923,
        -0.027553300156246092,
        -0.020205295325881584,
        -0.028277783206948962,
        -0.07957502256284345,
        -0.056652399166871564,
        -0.03232566984901766,
        -0.013233643195342544,
        -0.05023749656876226,
        0.4732826282031672,
        -0.031899023434047935,
        0.03648042243286954,
        0.003053424374260576,
        -0.019614345254940307,
        0.5316933660524249,
        -0.01451406675467606,
        -0.05781093151349225,
        -0.19470035649067546,
        0.16610031901888067,
        0.5867077642077783,
        0.5678108069742559,
        -0.07814357887509482,
        -0.002750133217579557,
        0.5270452036267241,
        -0.04976051565845192,
        0.0041791547505233145,
        0.01814203202457698,
        -0.010866120354011521
    ]
}