{
    "task": "gsm8k",
    "expert_name": [
        "sfutenma/lora_structeval_t_qwen3_4b_v260221-211258",
        "tehiro/qwen3-structeval-lora",
        "kmd2525/qwen3-4b-structured-output-lora-v5.2",
        "t-mizuma/qwen3-4b-structeval-lora-5",
        "worldmate/007kuma",
        "ksk740/model20260211",
        "YyUuYyAa/qwen3-4b-structured-output-lora-revised",
        "takao-nb/qwen3-4b-structured-submit10-lora",
        "sabia0080/qwen3-4b-sft-v0-cotv2-lr2e6-ep2-wd001",
        "sam-murayama/sam-qwen3-lora-16",
        "help2opensource/Qwen3-4B-Instruct-2507_mental_health",
        "pokke11/qwen3-4b-structured-output-lora3",
        "takao-nb/qwen3-4b-structured-submit16-lora",
        "Centkun/qwen3-4b-instruct-2507-lora-homework_vo6",
        "marukame332/final_asignment",
        "tsubasaka/lora-repo-v4",
        "Sumiokashi/qwen3-4b-structured-3k-mix-sft_lora-repo_ver34",
        "Kpitc5884/Kpitc5884-lora-repo",
        "yokobo-ai/qwen3-4b-so-lora-v10",
        "MMdesanQ1/your-lora-repo-v3",
        "Umezaki/sft-qwen-v2-lora8-upsample-adapter",
        "hiro877/your-lora-repo-structured-hard-sft-4-0205",
        "katsumi1701/qwen3-4b-structured-output-lora-sft2",
        "thetmon/c1",
        "tmiyamoto/qwen3-4b-agentbench-exp02",
        "yokobo-ai/qwen3-4b-so-lora-v8",
        "manamano88/qwen3-4b-structured-output-lora-v15-14",
        "kiratan/qwen3-4b-structeval-lora-87",
        "choco800/Qwen3-4B-SFT-v13",
        "kawashimas/qwen3-4b-lora-exp1"
    ],
    "train+valid_accuracy": 0.48,
    "test_accuracy": 0.4116755117513268,
    "weights": [
        0.8340293020343547,
        0.052732508889381545,
        0.15006891959719054,
        0.5226372118170536,
        0.20990880738102224,
        0.6307428201761335,
        0.09898996784413817,
        0.6096911451130312,
        -0.08808789944798023,
        0.12403710309302125,
        1.148623086517254,
        -0.17560530543613118,
        0.09066112612763964,
        -0.10829025799131292,
        0.06914829083532567,
        0.04471843525514628,
        0.43841541401899053,
        0.02887888193417744,
        -0.34461273847314255,
        -0.30080410291688464,
        0.3688853874898263,
        -0.7332760628805283,
        0.08439000421896958,
        -0.18466269342795236,
        0.7141944374090691,
        0.23839453729895488,
        0.17776296261006402,
        0.15945336052732761,
        0.04779327449789779,
        -0.15599109755553675
    ]
}