{
    "task": "xnli_hi",
    "expert_name": [
        "sfutenma/lora_structeval_t_qwen3_4b_v260221-211258",
        "tehiro/qwen3-structeval-lora",
        "kmd2525/qwen3-4b-structured-output-lora-v5.2",
        "t-mizuma/qwen3-4b-structeval-lora-5",
        "worldmate/007kuma",
        "ksk740/model20260211",
        "YyUuYyAa/qwen3-4b-structured-output-lora-revised",
        "takao-nb/qwen3-4b-structured-submit10-lora",
        "sabia0080/qwen3-4b-sft-v0-cotv2-lr2e6-ep2-wd001",
        "sam-murayama/sam-qwen3-lora-16",
        "help2opensource/Qwen3-4B-Instruct-2507_mental_health",
        "pokke11/qwen3-4b-structured-output-lora3",
        "takao-nb/qwen3-4b-structured-submit16-lora",
        "Centkun/qwen3-4b-instruct-2507-lora-homework_vo6",
        "marukame332/final_asignment",
        "tsubasaka/lora-repo-v4",
        "Sumiokashi/qwen3-4b-structured-3k-mix-sft_lora-repo_ver34",
        "Kpitc5884/Kpitc5884-lora-repo",
        "yokobo-ai/qwen3-4b-so-lora-v10",
        "MMdesanQ1/your-lora-repo-v3",
        "Umezaki/sft-qwen-v2-lora8-upsample-adapter",
        "hiro877/your-lora-repo-structured-hard-sft-4-0205",
        "katsumi1701/qwen3-4b-structured-output-lora-sft2",
        "thetmon/c1",
        "tmiyamoto/qwen3-4b-agentbench-exp02",
        "yokobo-ai/qwen3-4b-so-lora-v8",
        "manamano88/qwen3-4b-structured-output-lora-v15-14",
        "kiratan/qwen3-4b-structeval-lora-87",
        "choco800/Qwen3-4B-SFT-v13",
        "kawashimas/qwen3-4b-lora-exp1"
    ],
    "train+valid_accuracy": 0.49,
    "test_accuracy": 0.4792,
    "weights": [
        0.5255475561373038,
        -0.02662568808836577,
        0.5006139369430778,
        -6.5483484061800615e-06,
        0.4322910128419801,
        0.016625175248251443,
        -0.009764609976742219,
        0.06664190391598913,
        0.01572322753624543,
        0.055407092504431814,
        0.07400588815932072,
        0.03661152207831267,
        0.06883356357306582,
        0.0628354354140671,
        0.06598532462395525,
        0.057085637143152915,
        0.05505892876470465,
        0.05767932650279434,
        0.03507367486748187,
        -0.014781408885462581,
        0.07237400681784299,
        -0.012205905675920024,
        0.006044791465359005,
        0.029761612395062222,
        0.5744888978346752,
        -0.053330761522262245,
        -0.0035742343530239446,
        -0.02619372345832387,
        -0.0073279300544114795,
        -0.060218030122546944
    ]
}