{
    "task": "tweet_topic_single",
    "expert_name": [
        "r-three/lora_baseline_qwen_lr3e-4_step400_rank64_tweet_topic_single",
        "sfutenma/lora_structeval_t_qwen3_4b_v260221-211258",
        "tehiro/qwen3-structeval-lora",
        "kmd2525/qwen3-4b-structured-output-lora-v5.2",
        "t-mizuma/qwen3-4b-structeval-lora-5",
        "worldmate/007kuma",
        "ksk740/model20260211",
        "YyUuYyAa/qwen3-4b-structured-output-lora-revised",
        "takao-nb/qwen3-4b-structured-submit10-lora",
        "sabia0080/qwen3-4b-sft-v0-cotv2-lr2e6-ep2-wd001",
        "sam-murayama/sam-qwen3-lora-16",
        "help2opensource/Qwen3-4B-Instruct-2507_mental_health",
        "pokke11/qwen3-4b-structured-output-lora3",
        "takao-nb/qwen3-4b-structured-submit16-lora",
        "Centkun/qwen3-4b-instruct-2507-lora-homework_vo6",
        "marukame332/final_asignment",
        "tsubasaka/lora-repo-v4",
        "Sumiokashi/qwen3-4b-structured-3k-mix-sft_lora-repo_ver34",
        "Kpitc5884/Kpitc5884-lora-repo",
        "yokobo-ai/qwen3-4b-so-lora-v10",
        "MMdesanQ1/your-lora-repo-v3",
        "Umezaki/sft-qwen-v2-lora8-upsample-adapter",
        "hiro877/your-lora-repo-structured-hard-sft-4-0205",
        "katsumi1701/qwen3-4b-structured-output-lora-sft2",
        "thetmon/c1",
        "tmiyamoto/qwen3-4b-agentbench-exp02",
        "yokobo-ai/qwen3-4b-so-lora-v8",
        "manamano88/qwen3-4b-structured-output-lora-v15-14",
        "kiratan/qwen3-4b-structeval-lora-87",
        "choco800/Qwen3-4B-SFT-v13"
    ],
    "train+valid_accuracy": 0.94,
    "test_accuracy": 0.8284789644012945,
    "weights": [
        0.5908987116722314,
        0.4681777717571049,
        -0.02388469290432221,
        -0.026029185290082527,
        0.5390395363868569,
        -0.020460049428669153,
        -0.07600263473088888,
        -0.08898542989836918,
        -0.023653689901680916,
        -0.041284466692193406,
        -0.0281087022805623,
        -0.05357668350506033,
        -0.006968616558709959,
        -0.03843754488980691,
        -0.02791415555490812,
        -0.042432314017828536,
        0.5578667999279023,
        -0.06139590287597883,
        0.034710648554743796,
        -0.10645003427022852,
        -0.10048572417863258,
        -0.0068346857501903665,
        -0.050876635921125284,
        -0.048577257798334404,
        -0.028067049820663176,
        -0.0641683525332559,
        0.01770974452098161,
        -0.026981659651965695,
        -0.09734055275114012,
        -0.031572248291005196
    ]
}