{
    "task": "overruling",
    "expert_name": [
        "yochimachika/yochimachika-lora-repo07",
        "shokuma/qwen3-4b-structured-output-lora-20260217-1st",
        "Kaito-F/lora-repo-v18",
        "cjkasbdkjnlakb/agent-0927-05",
        "kochan13/qwen-qwen3-4b-structured-output-lora-26020502",
        "jmJapan/jm26",
        "Shusuke07/qwen3-4b-structured-output-lora-repo-1-3_2-3_01",
        "tmiyamoto/qwen3-4b-agentbench-exp02",
        "Shusuke07/qwen3-4b-structured-output-lora-repo-2-3_04",
        "fumikawa/a25-v0004",
        "cjkasbdkjnlakb/agnet-0906",
        "Tanayuya/qwen3-4b-structured-output-lora-ver2",
        "shinich001/qwen3-4b-5kmix-seq2k-ep1",
        "y-tani/lora_structeval_t_qwen3_4b_v8",
        "NibiruTwin/qwen3-4b-structured-output-lora-v6",
        "yokobo-ai/qwen3-4b-so-lora-v2",
        "hikahika/Qwen3-4B-Instruct-2507exp18",
        "takayosh/your-lora-repo",
        "Yuya0/qwen3-4b-lora_v1.8",
        "G7O8/lora_R8_A16_D005_epo2_LR1e4_structeval_t_qwen3_4b",
        "takeofuture/shibatake-SFT_2602071922",
        "sam-murayama/sam-qwen3-lora-15",
        "worldmate/004kuma",
        "Zsom1997/your-lora-repo-11r",
        "akamei/AK_1ep_4e-6_512_LORAdr_Decay_WU_0219",
        "takao-nb/qwen3-4b-structured-submit23-lora",
        "ortiz-ai/qwen3-4b-structured-output-lora_2ep_5e5_512_005_toml64",
        "okaba815/your-lora-repo",
        "Isk5434/qwen3-4b-structured-output-lora-onlydown2",
        "thetmon/c11"
    ],
    "train+valid_accuracy": 0.9,
    "test_accuracy": 0.8875,
    "weights": [
        -0.0075008489132238195,
        -0.035496250331837786,
        -0.020589293196108922,
        -0.022632168913199698,
        -0.01570991059107276,
        0.4663689974861704,
        -0.0029231047477399578,
        -0.0186657774003845,
        0.013936637095870895,
        -0.004880098221882557,
        -0.006442321733112817,
        -0.010439920373278138,
        0.0077339152102830055,
        0.017241848438180395,
        -0.029667472354612527,
        -0.0010541416391669964,
        -0.032815388693159565,
        -0.0023465496067422965,
        0.00047675423586212174,
        -0.0028873359627053785,
        0.05506403699392691,
        -0.004279791987042113,
        -0.00246300032584336,
        -0.02901099228288762,
        -0.011078453384747299,
        0.4901918541194453,
        -0.021905927460551432,
        -0.003327730561250042,
        -0.021930466387137127,
        0.05372358095134841
    ]
}