{
    "task": "glue_cola",
    "expert_name": [
        "sfutenma/lora_structeval_t_qwen3_4b_v260221-211258",
        "tehiro/qwen3-structeval-lora",
        "kmd2525/qwen3-4b-structured-output-lora-v5.2",
        "t-mizuma/qwen3-4b-structeval-lora-5",
        "worldmate/007kuma",
        "ksk740/model20260211",
        "YyUuYyAa/qwen3-4b-structured-output-lora-revised",
        "takao-nb/qwen3-4b-structured-submit10-lora",
        "sabia0080/qwen3-4b-sft-v0-cotv2-lr2e6-ep2-wd001",
        "sam-murayama/sam-qwen3-lora-16",
        "help2opensource/Qwen3-4B-Instruct-2507_mental_health",
        "pokke11/qwen3-4b-structured-output-lora3",
        "takao-nb/qwen3-4b-structured-submit16-lora",
        "Centkun/qwen3-4b-instruct-2507-lora-homework_vo6",
        "marukame332/final_asignment",
        "tsubasaka/lora-repo-v4",
        "Sumiokashi/qwen3-4b-structured-3k-mix-sft_lora-repo_ver34",
        "Kpitc5884/Kpitc5884-lora-repo",
        "yokobo-ai/qwen3-4b-so-lora-v10",
        "MMdesanQ1/your-lora-repo-v3",
        "Umezaki/sft-qwen-v2-lora8-upsample-adapter",
        "hiro877/your-lora-repo-structured-hard-sft-4-0205",
        "katsumi1701/qwen3-4b-structured-output-lora-sft2",
        "thetmon/c1",
        "tmiyamoto/qwen3-4b-agentbench-exp02",
        "yokobo-ai/qwen3-4b-so-lora-v8",
        "manamano88/qwen3-4b-structured-output-lora-v15-14",
        "kiratan/qwen3-4b-structeval-lora-87",
        "choco800/Qwen3-4B-SFT-v13",
        "kawashimas/qwen3-4b-lora-exp1"
    ],
    "train+valid_accuracy": 0.81,
    "test_accuracy": 0.8200934579439252,
    "weights": [
        0.49056063536302,
        -0.018602009392911893,
        0.4845165435837958,
        0.47871038695947143,
        0.018768601690916067,
        -0.027300043263304652,
        -0.008788813930695987,
        0.0033417011975265644,
        -0.0051207732386263655,
        -0.010341393014302452,
        0.0030873957255678048,
        -0.0013643653761120493,
        0.5037190037528105,
        -0.005537296142828562,
        -0.002688398093810619,
        -0.003348755259289563,
        -0.001763890478512795,
        -0.0033773025721182074,
        -0.01784009751071689,
        0.053395027809732896,
        -0.0012424121111340523,
        0.000863352354755051,
        0.03062993645089253,
        -0.0073034207563547155,
        -0.004895947356267356,
        -0.016630976386208113,
        -0.002481678834448862,
        -0.00672362564510122,
        -0.0005251679205142556,
        -0.013737150675922457
    ]
}