{
    "task": "mmlu_pro",
    "expert_name": [
        "sfutenma/lora_structeval_t_qwen3_4b_v260221-211258",
        "tehiro/qwen3-structeval-lora",
        "kmd2525/qwen3-4b-structured-output-lora-v5.2",
        "t-mizuma/qwen3-4b-structeval-lora-5",
        "worldmate/007kuma",
        "ksk740/model20260211",
        "YyUuYyAa/qwen3-4b-structured-output-lora-revised",
        "takao-nb/qwen3-4b-structured-submit10-lora",
        "sabia0080/qwen3-4b-sft-v0-cotv2-lr2e6-ep2-wd001",
        "sam-murayama/sam-qwen3-lora-16",
        "help2opensource/Qwen3-4B-Instruct-2507_mental_health",
        "pokke11/qwen3-4b-structured-output-lora3",
        "takao-nb/qwen3-4b-structured-submit16-lora",
        "Centkun/qwen3-4b-instruct-2507-lora-homework_vo6",
        "marukame332/final_asignment",
        "tsubasaka/lora-repo-v4",
        "Sumiokashi/qwen3-4b-structured-3k-mix-sft_lora-repo_ver34",
        "Kpitc5884/Kpitc5884-lora-repo",
        "yokobo-ai/qwen3-4b-so-lora-v10",
        "MMdesanQ1/your-lora-repo-v3",
        "Umezaki/sft-qwen-v2-lora8-upsample-adapter",
        "hiro877/your-lora-repo-structured-hard-sft-4-0205",
        "katsumi1701/qwen3-4b-structured-output-lora-sft2",
        "thetmon/c1",
        "tmiyamoto/qwen3-4b-agentbench-exp02",
        "yokobo-ai/qwen3-4b-so-lora-v8",
        "manamano88/qwen3-4b-structured-output-lora-v15-14",
        "kiratan/qwen3-4b-structeval-lora-87",
        "choco800/Qwen3-4B-SFT-v13",
        "kawashimas/qwen3-4b-lora-exp1"
    ],
    "train+valid_accuracy": 0.25,
    "test_accuracy": 0.2217607973421927,
    "weights": [
        0.5313053535198714,
        0.0793781735085963,
        0.6286021846498948,
        0.15503044833039675,
        -0.35884481525718154,
        -0.3341394264961957,
        0.040571913664743886,
        0.1423201830749239,
        -0.2660749722163497,
        -0.2925322391513599,
        -0.003757751739831866,
        -0.1550743569388116,
        -0.0407063994582193,
        -0.10343814029158352,
        -0.10522182123542231,
        0.08477686593328887,
        0.0023063158098312886,
        0.37382885688109163,
        -0.05540979222896754,
        -0.2616775380470604,
        -0.022689347771210473,
        -0.08761607270452633,
        0.16982418082029138,
        -0.6038116677015494,
        0.2392196324210329,
        -0.2873710805503782,
        0.013512594366946643,
        -0.055246252045443214,
        0.11493313498234876,
        -0.08887926566587567
    ]
}