{
    "task": "sports_understanding",
    "expert_name": [
        "yochimachika/yochimachika-lora-repo07",
        "shokuma/qwen3-4b-structured-output-lora-20260217-1st",
        "Kaito-F/lora-repo-v18",
        "cjkasbdkjnlakb/agent-0927-05",
        "kochan13/qwen-qwen3-4b-structured-output-lora-26020502",
        "jmJapan/jm26",
        "Shusuke07/qwen3-4b-structured-output-lora-repo-1-3_2-3_01",
        "tmiyamoto/qwen3-4b-agentbench-exp02",
        "Shusuke07/qwen3-4b-structured-output-lora-repo-2-3_04",
        "fumikawa/a25-v0004",
        "cjkasbdkjnlakb/agnet-0906",
        "Tanayuya/qwen3-4b-structured-output-lora-ver2",
        "shinich001/qwen3-4b-5kmix-seq2k-ep1",
        "y-tani/lora_structeval_t_qwen3_4b_v8",
        "NibiruTwin/qwen3-4b-structured-output-lora-v6",
        "yokobo-ai/qwen3-4b-so-lora-v2",
        "hikahika/Qwen3-4B-Instruct-2507exp18",
        "takayosh/your-lora-repo",
        "Yuya0/qwen3-4b-lora_v1.8",
        "G7O8/lora_R8_A16_D005_epo2_LR1e4_structeval_t_qwen3_4b",
        "takeofuture/shibatake-SFT_2602071922",
        "sam-murayama/sam-qwen3-lora-15",
        "worldmate/004kuma",
        "Zsom1997/your-lora-repo-11r",
        "akamei/AK_1ep_4e-6_512_LORAdr_Decay_WU_0219",
        "takao-nb/qwen3-4b-structured-submit23-lora",
        "ortiz-ai/qwen3-4b-structured-output-lora_2ep_5e5_512_005_toml64",
        "okaba815/your-lora-repo",
        "Isk5434/qwen3-4b-structured-output-lora-onlydown2",
        "thetmon/c11"
    ],
    "train+valid_accuracy": 0.71,
    "test_accuracy": 0.6778741865509761,
    "weights": [
        0.4701264019427624,
        0.02056044008714897,
        0.012491413503358277,
        0.4754601612104095,
        -0.06324402668763716,
        0.12342447745027209,
        -0.1872733979163106,
        0.13661404336579744,
        -0.2955582045742081,
        -0.10024189269631126,
        0.6317362222292551,
        -0.21368839088827743,
        0.06693576092759204,
        0.07375891482956883,
        0.4709963493367527,
        0.70612835346018,
        -0.13760262366591366,
        0.42797006361900236,
        -0.01151602359875802,
        0.3997048718827848,
        -0.014527151818288309,
        -0.01868892722164971,
        -0.02897626617016967,
        -0.02830647048832862,
        -0.06363085883497552,
        0.018213277612733787,
        -0.04653513577823737,
        -0.01573424140345537,
        0.5228676181636898,
        -0.028873071601578558
    ]
}