{
    "task": "arc_challenge",
    "expert_name": [
        "yochimachika/yochimachika-lora-repo07",
        "shokuma/qwen3-4b-structured-output-lora-20260217-1st",
        "Kaito-F/lora-repo-v18",
        "cjkasbdkjnlakb/agent-0927-05",
        "kochan13/qwen-qwen3-4b-structured-output-lora-26020502",
        "jmJapan/jm26",
        "Shusuke07/qwen3-4b-structured-output-lora-repo-1-3_2-3_01",
        "tmiyamoto/qwen3-4b-agentbench-exp02",
        "Shusuke07/qwen3-4b-structured-output-lora-repo-2-3_04",
        "fumikawa/a25-v0004",
        "cjkasbdkjnlakb/agnet-0906",
        "Tanayuya/qwen3-4b-structured-output-lora-ver2",
        "shinich001/qwen3-4b-5kmix-seq2k-ep1",
        "y-tani/lora_structeval_t_qwen3_4b_v8",
        "NibiruTwin/qwen3-4b-structured-output-lora-v6",
        "yokobo-ai/qwen3-4b-so-lora-v2",
        "hikahika/Qwen3-4B-Instruct-2507exp18",
        "takayosh/your-lora-repo",
        "Yuya0/qwen3-4b-lora_v1.8",
        "G7O8/lora_R8_A16_D005_epo2_LR1e4_structeval_t_qwen3_4b",
        "takeofuture/shibatake-SFT_2602071922",
        "sam-murayama/sam-qwen3-lora-15",
        "worldmate/004kuma",
        "Zsom1997/your-lora-repo-11r",
        "akamei/AK_1ep_4e-6_512_LORAdr_Decay_WU_0219",
        "takao-nb/qwen3-4b-structured-submit23-lora",
        "ortiz-ai/qwen3-4b-structured-output-lora_2ep_5e5_512_005_toml64",
        "okaba815/your-lora-repo",
        "Isk5434/qwen3-4b-structured-output-lora-onlydown2",
        "thetmon/c11"
    ],
    "train+valid_accuracy": 0.89,
    "test_accuracy": 0.8549488054607508,
    "weights": [
        0.488844453889562,
        0.48931898289126374,
        0.5239655612998159,
        0.4872685923088082,
        -0.009756042948151222,
        -0.013521112770442172,
        -0.023979651715108075,
        -0.0022708695259256208,
        -0.0032347314811492596,
        0.01642601559076859,
        0.5218763476591679,
        0.02804142405295135,
        0.05374122673893958,
        0.009903757387957849,
        0.052206429164308246,
        -0.026660770189446854,
        -0.0327910328403037,
        0.07125666609261104,
        -0.03412140125377704,
        -0.04335623515270761,
        -0.0010088164909745206,
        -0.009829236795431767,
        -0.005872232553337955,
        -0.0310162022110579,
        0.004497107129077928,
        -0.0028151366341435955,
        -0.03133716746378717,
        -0.011154628424252942,
        -0.00205781557846099,
        -0.003234400037569111
    ]
}