{
    "task": "boolean_expressions",
    "expert_name": [
        "sfutenma/lora_structeval_t_qwen3_4b_v260221-211258",
        "tehiro/qwen3-structeval-lora",
        "kmd2525/qwen3-4b-structured-output-lora-v5.2",
        "t-mizuma/qwen3-4b-structeval-lora-5",
        "worldmate/007kuma",
        "ksk740/model20260211",
        "YyUuYyAa/qwen3-4b-structured-output-lora-revised",
        "takao-nb/qwen3-4b-structured-submit10-lora",
        "sabia0080/qwen3-4b-sft-v0-cotv2-lr2e6-ep2-wd001",
        "sam-murayama/sam-qwen3-lora-16",
        "help2opensource/Qwen3-4B-Instruct-2507_mental_health",
        "pokke11/qwen3-4b-structured-output-lora3",
        "takao-nb/qwen3-4b-structured-submit16-lora",
        "Centkun/qwen3-4b-instruct-2507-lora-homework_vo6",
        "marukame332/final_asignment",
        "tsubasaka/lora-repo-v4",
        "Sumiokashi/qwen3-4b-structured-3k-mix-sft_lora-repo_ver34",
        "Kpitc5884/Kpitc5884-lora-repo",
        "yokobo-ai/qwen3-4b-so-lora-v10",
        "MMdesanQ1/your-lora-repo-v3",
        "Umezaki/sft-qwen-v2-lora8-upsample-adapter",
        "hiro877/your-lora-repo-structured-hard-sft-4-0205",
        "katsumi1701/qwen3-4b-structured-output-lora-sft2",
        "thetmon/c1",
        "tmiyamoto/qwen3-4b-agentbench-exp02",
        "yokobo-ai/qwen3-4b-so-lora-v8",
        "manamano88/qwen3-4b-structured-output-lora-v15-14",
        "kiratan/qwen3-4b-structeval-lora-87",
        "choco800/Qwen3-4B-SFT-v13",
        "kawashimas/qwen3-4b-lora-exp1"
    ],
    "train+valid_accuracy": 0.69,
    "test_accuracy": 0.752,
    "weights": [
        0.5432064269118598,
        0.12374000588102493,
        0.3807140351226081,
        0.4789670367526537,
        -0.1001511412028842,
        -0.14418111360210628,
        -0.012171604557292857,
        0.016920142103930436,
        -0.1346795845413652,
        -0.08479113638952737,
        0.0029930287097336156,
        -0.09517053559250237,
        0.05585631805020712,
        -0.12901163807513485,
        -0.007104777597901202,
        0.07406932591618272,
        0.010839782335602554,
        -0.03528260554519299,
        -0.09082202892819956,
        -0.4026532620565791,
        0.06828843418983516,
        -0.03822871303889573,
        -0.15772153958786758,
        -0.15920833839406723,
        0.002542806296612012,
        -0.18549543710044283,
        -0.23347140234809483,
        -0.03271139512046292,
        0.5781665662638615,
        -0.2361327261898559
    ]
}