{
    "task": "temporal_sequences",
    "expert_name": [
        "yochimachika/yochimachika-lora-repo07",
        "shokuma/qwen3-4b-structured-output-lora-20260217-1st",
        "Kaito-F/lora-repo-v18",
        "cjkasbdkjnlakb/agent-0927-05",
        "kochan13/qwen-qwen3-4b-structured-output-lora-26020502",
        "jmJapan/jm26",
        "Shusuke07/qwen3-4b-structured-output-lora-repo-1-3_2-3_01",
        "tmiyamoto/qwen3-4b-agentbench-exp02",
        "Shusuke07/qwen3-4b-structured-output-lora-repo-2-3_04",
        "fumikawa/a25-v0004",
        "cjkasbdkjnlakb/agnet-0906",
        "Tanayuya/qwen3-4b-structured-output-lora-ver2",
        "shinich001/qwen3-4b-5kmix-seq2k-ep1",
        "y-tani/lora_structeval_t_qwen3_4b_v8",
        "NibiruTwin/qwen3-4b-structured-output-lora-v6",
        "yokobo-ai/qwen3-4b-so-lora-v2",
        "hikahika/Qwen3-4B-Instruct-2507exp18",
        "takayosh/your-lora-repo",
        "Yuya0/qwen3-4b-lora_v1.8",
        "G7O8/lora_R8_A16_D005_epo2_LR1e4_structeval_t_qwen3_4b",
        "takeofuture/shibatake-SFT_2602071922",
        "sam-murayama/sam-qwen3-lora-15",
        "worldmate/004kuma",
        "Zsom1997/your-lora-repo-11r",
        "akamei/AK_1ep_4e-6_512_LORAdr_Decay_WU_0219",
        "takao-nb/qwen3-4b-structured-submit23-lora",
        "ortiz-ai/qwen3-4b-structured-output-lora_2ep_5e5_512_005_toml64",
        "okaba815/your-lora-repo",
        "Isk5434/qwen3-4b-structured-output-lora-onlydown2",
        "thetmon/c11"
    ],
    "train+valid_accuracy": 0.33,
    "test_accuracy": 0.31,
    "weights": [
        0.49265285224201216,
        0.3895825414779976,
        0.01087868412945329,
        -0.041111539387817114,
        -0.024766532297216294,
        -0.039366400247332234,
        -0.022531549692439336,
        0.4419994800768799,
        -0.021792210193603986,
        -0.0030956338695718494,
        -0.024946750299171084,
        0.060653021264298994,
        0.46682507162799525,
        0.5194544017168269,
        9.787925183284358e-05,
        0.0047453698701003955,
        -0.022166338053838042,
        0.08232051969545776,
        -0.009815585560409592,
        -0.007185817435868172,
        -0.009506399663286251,
        -0.017074588835731812,
        0.012858571184459,
        -0.04468748652844265,
        0.017584474066741067,
        -0.00785713720236077,
        -0.029628365373791266,
        0.01269075308814027,
        -0.012146193556506526,
        -0.00874590299154159
    ]
}