{
    "task": "toxic_chat",
    "expert_name": [
        "yochimachika/yochimachika-lora-repo07",
        "shokuma/qwen3-4b-structured-output-lora-20260217-1st",
        "Kaito-F/lora-repo-v18",
        "cjkasbdkjnlakb/agent-0927-05",
        "kochan13/qwen-qwen3-4b-structured-output-lora-26020502",
        "jmJapan/jm26",
        "Shusuke07/qwen3-4b-structured-output-lora-repo-1-3_2-3_01",
        "tmiyamoto/qwen3-4b-agentbench-exp02",
        "Shusuke07/qwen3-4b-structured-output-lora-repo-2-3_04",
        "fumikawa/a25-v0004",
        "cjkasbdkjnlakb/agnet-0906",
        "Tanayuya/qwen3-4b-structured-output-lora-ver2",
        "shinich001/qwen3-4b-5kmix-seq2k-ep1",
        "y-tani/lora_structeval_t_qwen3_4b_v8",
        "NibiruTwin/qwen3-4b-structured-output-lora-v6",
        "yokobo-ai/qwen3-4b-so-lora-v2",
        "hikahika/Qwen3-4B-Instruct-2507exp18",
        "takayosh/your-lora-repo",
        "Yuya0/qwen3-4b-lora_v1.8",
        "G7O8/lora_R8_A16_D005_epo2_LR1e4_structeval_t_qwen3_4b",
        "takeofuture/shibatake-SFT_2602071922",
        "sam-murayama/sam-qwen3-lora-15",
        "worldmate/004kuma",
        "Zsom1997/your-lora-repo-11r",
        "akamei/AK_1ep_4e-6_512_LORAdr_Decay_WU_0219",
        "takao-nb/qwen3-4b-structured-submit23-lora",
        "ortiz-ai/qwen3-4b-structured-output-lora_2ep_5e5_512_005_toml64",
        "okaba815/your-lora-repo",
        "Isk5434/qwen3-4b-structured-output-lora-onlydown2",
        "thetmon/c11"
    ],
    "train+valid_accuracy": 0.95,
    "test_accuracy": 0.9478,
    "weights": [
        0.07921455005440126,
        0.00483382114737472,
        -0.02212031377763165,
        0.00933649891575366,
        0.0175481936320931,
        -0.004647785332223486,
        -0.01766910904110101,
        0.01831831956783942,
        -0.01893227082728884,
        0.05333837672330239,
        0.008239744947839137,
        -0.009414795786525567,
        0.008145481929377337,
        0.010066164104366622,
        0.0106939343240782,
        0.05681752006817211,
        0.011277749200735546,
        0.03874681149662644,
        0.008970556523641496,
        0.01705405166636195,
        -0.010532163273254376,
        -0.015055774889826056,
        0.03577898108709987,
        0.038177537726834715,
        0.009790539258686849,
        -0.015170907988559164,
        0.03532617218733024,
        0.0425752414177859,
        -0.0130776908575903,
        0.5045524413445307
    ]
}