{
    "task": "mnist_ascii",
    "expert_name": [
        "r-three/lora_baseline_qwen_lr3e-4_step400_rank64_mnist_ascii",
        "yochimachika/yochimachika-lora-repo07",
        "shokuma/qwen3-4b-structured-output-lora-20260217-1st",
        "Kaito-F/lora-repo-v18",
        "cjkasbdkjnlakb/agent-0927-05",
        "kochan13/qwen-qwen3-4b-structured-output-lora-26020502",
        "jmJapan/jm26",
        "Shusuke07/qwen3-4b-structured-output-lora-repo-1-3_2-3_01",
        "tmiyamoto/qwen3-4b-agentbench-exp02",
        "Shusuke07/qwen3-4b-structured-output-lora-repo-2-3_04",
        "fumikawa/a25-v0004",
        "cjkasbdkjnlakb/agnet-0906",
        "Tanayuya/qwen3-4b-structured-output-lora-ver2",
        "shinich001/qwen3-4b-5kmix-seq2k-ep1",
        "y-tani/lora_structeval_t_qwen3_4b_v8",
        "NibiruTwin/qwen3-4b-structured-output-lora-v6",
        "yokobo-ai/qwen3-4b-so-lora-v2",
        "hikahika/Qwen3-4B-Instruct-2507exp18",
        "takayosh/your-lora-repo",
        "Yuya0/qwen3-4b-lora_v1.8",
        "G7O8/lora_R8_A16_D005_epo2_LR1e4_structeval_t_qwen3_4b",
        "takeofuture/shibatake-SFT_2602071922",
        "sam-murayama/sam-qwen3-lora-15",
        "worldmate/004kuma",
        "Zsom1997/your-lora-repo-11r",
        "akamei/AK_1ep_4e-6_512_LORAdr_Decay_WU_0219",
        "takao-nb/qwen3-4b-structured-submit23-lora",
        "ortiz-ai/qwen3-4b-structured-output-lora_2ep_5e5_512_005_toml64",
        "okaba815/your-lora-repo",
        "Isk5434/qwen3-4b-structured-output-lora-onlydown2"
    ],
    "train+valid_accuracy": 0.15,
    "test_accuracy": 0.1008,
    "weights": [
        0.4069178849751818,
        0.4781757231039478,
        0.5036635093654191,
        0.01975790182296216,
        0.5298110169701277,
        0.04081752094948305,
        -0.03778583558899707,
        -0.010993105631149629,
        0.0005660823889887762,
        0.02387977517176295,
        -0.029170279785311882,
        0.4795837970983086,
        -0.040393513113645606,
        0.021725967084561853,
        -0.025025257573572678,
        -0.0077038345908870855,
        -0.04851402075512085,
        0.012394959138657121,
        -0.08167982646177381,
        0.02863126561424915,
        -0.027732930760838163,
        0.013550114255157321,
        -0.007071544898256194,
        -0.012356787209386526,
        -0.057812460448579135,
        -0.051644091937467385,
        -0.0151869769217039,
        0.037691804345318825,
        -0.03232008723755476,
        0.0046781508739636435
    ]
}