{
    "task": "commonsense_qa",
    "expert_name": [
        "r-three/lora_baseline_qwen_lr3e-4_step400_rank64_commonsense_qa",
        "yochimachika/yochimachika-lora-repo07",
        "shokuma/qwen3-4b-structured-output-lora-20260217-1st",
        "Kaito-F/lora-repo-v18",
        "cjkasbdkjnlakb/agent-0927-05",
        "kochan13/qwen-qwen3-4b-structured-output-lora-26020502",
        "jmJapan/jm26",
        "Shusuke07/qwen3-4b-structured-output-lora-repo-1-3_2-3_01",
        "tmiyamoto/qwen3-4b-agentbench-exp02",
        "Shusuke07/qwen3-4b-structured-output-lora-repo-2-3_04",
        "fumikawa/a25-v0004",
        "cjkasbdkjnlakb/agnet-0906",
        "Tanayuya/qwen3-4b-structured-output-lora-ver2",
        "shinich001/qwen3-4b-5kmix-seq2k-ep1",
        "y-tani/lora_structeval_t_qwen3_4b_v8",
        "NibiruTwin/qwen3-4b-structured-output-lora-v6",
        "yokobo-ai/qwen3-4b-so-lora-v2",
        "hikahika/Qwen3-4B-Instruct-2507exp18",
        "takayosh/your-lora-repo",
        "Yuya0/qwen3-4b-lora_v1.8",
        "G7O8/lora_R8_A16_D005_epo2_LR1e4_structeval_t_qwen3_4b",
        "takeofuture/shibatake-SFT_2602071922",
        "sam-murayama/sam-qwen3-lora-15",
        "worldmate/004kuma",
        "Zsom1997/your-lora-repo-11r",
        "akamei/AK_1ep_4e-6_512_LORAdr_Decay_WU_0219",
        "takao-nb/qwen3-4b-structured-submit23-lora",
        "ortiz-ai/qwen3-4b-structured-output-lora_2ep_5e5_512_005_toml64",
        "okaba815/your-lora-repo",
        "Isk5434/qwen3-4b-structured-output-lora-onlydown2"
    ],
    "train+valid_accuracy": 0.74,
    "test_accuracy": 0.7169230769230769,
    "weights": [
        0.5074338167534667,
        0.48772072278966194,
        0.011754539999192015,
        0.03638650262309002,
        0.5349595765216147,
        0.004263153022874183,
        0.005662375327718367,
        0.002298518544151049,
        0.0034327096552465362,
        0.0051043035381140335,
        0.008706649104917776,
        0.5066460203208177,
        -0.003911758774461341,
        0.0015857141244466763,
        0.00509064826477413,
        -0.003491121713577111,
        -0.0010587331131279294,
        0.00018281436491799567,
        -0.0010538054053060018,
        -0.0011017461989373469,
        -0.0006611279485806563,
        -0.0004476595829267493,
        -0.0006991917947899877,
        0.017798706008601273,
        -0.0005309772581118709,
        -0.0024643574368785406,
        0.0009509791138726485,
        -0.0016525731875095527,
        -0.021418571620926766,
        -0.0031406880432624544
    ]
}