{
    "task": "stackoverflow_questions",
    "expert_name": [
        "r-three/lora_baseline_qwen_lr3e-4_step400_rank64_stackoverflow_questions",
        "sfutenma/lora_structeval_t_qwen3_4b_v260221-211258",
        "tehiro/qwen3-structeval-lora",
        "kmd2525/qwen3-4b-structured-output-lora-v5.2",
        "t-mizuma/qwen3-4b-structeval-lora-5",
        "worldmate/007kuma",
        "ksk740/model20260211",
        "YyUuYyAa/qwen3-4b-structured-output-lora-revised",
        "takao-nb/qwen3-4b-structured-submit10-lora",
        "sabia0080/qwen3-4b-sft-v0-cotv2-lr2e6-ep2-wd001",
        "sam-murayama/sam-qwen3-lora-16",
        "help2opensource/Qwen3-4B-Instruct-2507_mental_health",
        "pokke11/qwen3-4b-structured-output-lora3",
        "takao-nb/qwen3-4b-structured-submit16-lora",
        "Centkun/qwen3-4b-instruct-2507-lora-homework_vo6",
        "marukame332/final_asignment",
        "tsubasaka/lora-repo-v4",
        "Sumiokashi/qwen3-4b-structured-3k-mix-sft_lora-repo_ver34",
        "Kpitc5884/Kpitc5884-lora-repo",
        "yokobo-ai/qwen3-4b-so-lora-v10",
        "MMdesanQ1/your-lora-repo-v3",
        "Umezaki/sft-qwen-v2-lora8-upsample-adapter",
        "hiro877/your-lora-repo-structured-hard-sft-4-0205",
        "katsumi1701/qwen3-4b-structured-output-lora-sft2",
        "thetmon/c1",
        "tmiyamoto/qwen3-4b-agentbench-exp02",
        "yokobo-ai/qwen3-4b-so-lora-v8",
        "manamano88/qwen3-4b-structured-output-lora-v15-14",
        "kiratan/qwen3-4b-structeval-lora-87",
        "choco800/Qwen3-4B-SFT-v13"
    ],
    "train+valid_accuracy": 0.3229166666666667,
    "test_accuracy": 0.2423006322659596,
    "weights": [
        0.3716619526077702,
        0.0419717825384307,
        0.3706644926939724,
        0.4112745252934039,
        0.43738233579939767,
        0.5186482283848415,
        -0.045306337515804755,
        0.01954018166819024,
        0.5138885257957766,
        -0.028391316573888256,
        -0.0033875768471428756,
        0.5191702612161895,
        -0.02590048182839871,
        -0.015643203557089716,
        0.003438902369491523,
        0.0024130872840066753,
        0.03700336171612132,
        -0.0542739664680878,
        -0.03783707699746221,
        -0.00023159313973501283,
        0.052480802573290686,
        0.5348485357165204,
        0.03985697194265375,
        -0.0040758213405372515,
        -0.010668082749828434,
        -0.030276185968898445,
        0.07605481559515492,
        -0.041035833693040744,
        -0.07265194634064974,
        0.01936959269347418
    ]
}