{
    "task": "tracking_shuffled_objects",
    "expert_name": [
        "r-three/lora_baseline_qwen_lr3e-4_step400_rank64_tracking_shuffled_objects",
        "yochimachika/yochimachika-lora-repo07",
        "shokuma/qwen3-4b-structured-output-lora-20260217-1st",
        "Kaito-F/lora-repo-v18",
        "cjkasbdkjnlakb/agent-0927-05",
        "kochan13/qwen-qwen3-4b-structured-output-lora-26020502",
        "jmJapan/jm26",
        "Shusuke07/qwen3-4b-structured-output-lora-repo-1-3_2-3_01",
        "tmiyamoto/qwen3-4b-agentbench-exp02",
        "Shusuke07/qwen3-4b-structured-output-lora-repo-2-3_04",
        "fumikawa/a25-v0004",
        "cjkasbdkjnlakb/agnet-0906",
        "Tanayuya/qwen3-4b-structured-output-lora-ver2",
        "shinich001/qwen3-4b-5kmix-seq2k-ep1",
        "y-tani/lora_structeval_t_qwen3_4b_v8",
        "NibiruTwin/qwen3-4b-structured-output-lora-v6",
        "yokobo-ai/qwen3-4b-so-lora-v2",
        "hikahika/Qwen3-4B-Instruct-2507exp18",
        "takayosh/your-lora-repo",
        "Yuya0/qwen3-4b-lora_v1.8",
        "G7O8/lora_R8_A16_D005_epo2_LR1e4_structeval_t_qwen3_4b",
        "takeofuture/shibatake-SFT_2602071922",
        "sam-murayama/sam-qwen3-lora-15",
        "worldmate/004kuma",
        "Zsom1997/your-lora-repo-11r",
        "akamei/AK_1ep_4e-6_512_LORAdr_Decay_WU_0219",
        "takao-nb/qwen3-4b-structured-submit23-lora",
        "ortiz-ai/qwen3-4b-structured-output-lora_2ep_5e5_512_005_toml64",
        "okaba815/your-lora-repo",
        "Isk5434/qwen3-4b-structured-output-lora-onlydown2"
    ],
    "train+valid_accuracy": 0.16,
    "test_accuracy": 0.248,
    "weights": [
        0.4830709673965824,
        0.5613586197063191,
        0.5808563983593621,
        0.007287358101441814,
        -0.02271485458460231,
        -0.08957916946844152,
        -0.018037785799325377,
        -0.04430401709026293,
        -0.019891433824447084,
        0.007030996086860883,
        -0.10780018376604197,
        0.457523773570307,
        -0.06030913210487909,
        0.5275774268838201,
        0.030658742523980098,
        -0.015654575793660155,
        -0.07009080184058063,
        -0.06132960073185127,
        -0.18865013786925844,
        -0.07534124004114921,
        0.006012810885191898,
        0.010554955568632991,
        -0.09711644073722689,
        0.00451254377267125,
        0.0146702679144846,
        -0.008093116111997745,
        0.010058178621264673,
        -0.038966729427282173,
        -0.06456703807095998,
        -0.007654620750097112
    ]
}