{
    "task": "glue_qnli",
    "expert_name": [
        "sfutenma/lora_structeval_t_qwen3_4b_v260221-211258",
        "tehiro/qwen3-structeval-lora",
        "kmd2525/qwen3-4b-structured-output-lora-v5.2",
        "t-mizuma/qwen3-4b-structeval-lora-5",
        "worldmate/007kuma",
        "ksk740/model20260211",
        "YyUuYyAa/qwen3-4b-structured-output-lora-revised",
        "takao-nb/qwen3-4b-structured-submit10-lora",
        "sabia0080/qwen3-4b-sft-v0-cotv2-lr2e6-ep2-wd001",
        "sam-murayama/sam-qwen3-lora-16",
        "help2opensource/Qwen3-4B-Instruct-2507_mental_health",
        "pokke11/qwen3-4b-structured-output-lora3",
        "takao-nb/qwen3-4b-structured-submit16-lora",
        "Centkun/qwen3-4b-instruct-2507-lora-homework_vo6",
        "marukame332/final_asignment",
        "tsubasaka/lora-repo-v4",
        "Sumiokashi/qwen3-4b-structured-3k-mix-sft_lora-repo_ver34",
        "Kpitc5884/Kpitc5884-lora-repo",
        "yokobo-ai/qwen3-4b-so-lora-v10",
        "MMdesanQ1/your-lora-repo-v3",
        "Umezaki/sft-qwen-v2-lora8-upsample-adapter",
        "hiro877/your-lora-repo-structured-hard-sft-4-0205",
        "katsumi1701/qwen3-4b-structured-output-lora-sft2",
        "thetmon/c1",
        "tmiyamoto/qwen3-4b-agentbench-exp02",
        "yokobo-ai/qwen3-4b-so-lora-v8",
        "manamano88/qwen3-4b-structured-output-lora-v15-14",
        "kiratan/qwen3-4b-structeval-lora-87",
        "choco800/Qwen3-4B-SFT-v13",
        "kawashimas/qwen3-4b-lora-exp1"
    ],
    "train+valid_accuracy": 0.88,
    "test_accuracy": 0.8666,
    "weights": [
        0.469215392412836,
        -0.011625458956366854,
        0.535671923273616,
        -0.06826044562462596,
        0.5181320954700958,
        -0.012957965593766009,
        -0.04715920876146137,
        0.001134682511730939,
        0.007220057552900897,
        -0.04595264524512865,
        -0.020827098224327156,
        -0.003928557635155804,
        -0.011789326797920843,
        -0.0357050340517298,
        -0.03565454301874582,
        0.016911739504109437,
        -0.03735022956208067,
        -0.011528647607139886,
        -0.02324778312477486,
        -0.12311968779630807,
        -0.046810253738335195,
        -0.05040967797689398,
        -0.02562817423396216,
        0.07363489737888347,
        -0.022850570169332736,
        -0.02558314186605199,
        -0.04082703989950113,
        -0.04276522801073841,
        0.004970864228296002,
        -0.0048899236548840645
    ]
}