{
    "task": "multistep_arithmetic",
    "expert_name": [
        "r-three/lora_baseline_qwen_lr3e-4_step400_rank64_multistep_arithmetic",
        "yochimachika/yochimachika-lora-repo07",
        "shokuma/qwen3-4b-structured-output-lora-20260217-1st",
        "Kaito-F/lora-repo-v18",
        "cjkasbdkjnlakb/agent-0927-05",
        "kochan13/qwen-qwen3-4b-structured-output-lora-26020502",
        "jmJapan/jm26",
        "Shusuke07/qwen3-4b-structured-output-lora-repo-1-3_2-3_01",
        "tmiyamoto/qwen3-4b-agentbench-exp02",
        "Shusuke07/qwen3-4b-structured-output-lora-repo-2-3_04",
        "fumikawa/a25-v0004",
        "cjkasbdkjnlakb/agnet-0906",
        "Tanayuya/qwen3-4b-structured-output-lora-ver2",
        "shinich001/qwen3-4b-5kmix-seq2k-ep1",
        "y-tani/lora_structeval_t_qwen3_4b_v8",
        "NibiruTwin/qwen3-4b-structured-output-lora-v6",
        "yokobo-ai/qwen3-4b-so-lora-v2",
        "hikahika/Qwen3-4B-Instruct-2507exp18",
        "takayosh/your-lora-repo",
        "Yuya0/qwen3-4b-lora_v1.8",
        "G7O8/lora_R8_A16_D005_epo2_LR1e4_structeval_t_qwen3_4b",
        "takeofuture/shibatake-SFT_2602071922",
        "sam-murayama/sam-qwen3-lora-15",
        "worldmate/004kuma",
        "Zsom1997/your-lora-repo-11r",
        "akamei/AK_1ep_4e-6_512_LORAdr_Decay_WU_0219",
        "takao-nb/qwen3-4b-structured-submit23-lora",
        "ortiz-ai/qwen3-4b-structured-output-lora_2ep_5e5_512_005_toml64",
        "okaba815/your-lora-repo",
        "Isk5434/qwen3-4b-structured-output-lora-onlydown2"
    ],
    "train+valid_accuracy": 0.3,
    "test_accuracy": 0.2633333333333333,
    "weights": [
        0.645835979909925,
        0.5701088612532953,
        0.32869165101737163,
        -0.040123915151134726,
        0.0001608637270671449,
        -0.12411167679783093,
        -0.010832989573849122,
        -0.08479373679692569,
        0.040435462441683806,
        -0.0478184463599148,
        0.09285554513922385,
        0.45305083614396274,
        -0.004309208070757004,
        0.5434702122397517,
        -0.0029930751072225845,
        -0.02292227113498917,
        0.024339821288042178,
        0.12529260955674737,
        -0.06477310580112478,
        0.017189218102559176,
        0.44223003224253327,
        -0.00777084783348944,
        -0.038832669431381035,
        -0.047989718344851856,
        0.00675799757639402,
        -0.013932861091860014,
        0.005967539781571933,
        -0.031163734811075428,
        -0.0780676626803938,
        0.018423162340190247
    ]
}