{
    "task": "mmlu_pro",
    "expert_name": [
        "yochimachika/yochimachika-lora-repo07",
        "shokuma/qwen3-4b-structured-output-lora-20260217-1st",
        "Kaito-F/lora-repo-v18",
        "cjkasbdkjnlakb/agent-0927-05",
        "kochan13/qwen-qwen3-4b-structured-output-lora-26020502",
        "jmJapan/jm26",
        "Shusuke07/qwen3-4b-structured-output-lora-repo-1-3_2-3_01",
        "tmiyamoto/qwen3-4b-agentbench-exp02",
        "Shusuke07/qwen3-4b-structured-output-lora-repo-2-3_04",
        "fumikawa/a25-v0004",
        "cjkasbdkjnlakb/agnet-0906",
        "Tanayuya/qwen3-4b-structured-output-lora-ver2",
        "shinich001/qwen3-4b-5kmix-seq2k-ep1",
        "y-tani/lora_structeval_t_qwen3_4b_v8",
        "NibiruTwin/qwen3-4b-structured-output-lora-v6",
        "yokobo-ai/qwen3-4b-so-lora-v2",
        "hikahika/Qwen3-4B-Instruct-2507exp18",
        "takayosh/your-lora-repo",
        "Yuya0/qwen3-4b-lora_v1.8",
        "G7O8/lora_R8_A16_D005_epo2_LR1e4_structeval_t_qwen3_4b",
        "takeofuture/shibatake-SFT_2602071922",
        "sam-murayama/sam-qwen3-lora-15",
        "worldmate/004kuma",
        "Zsom1997/your-lora-repo-11r",
        "akamei/AK_1ep_4e-6_512_LORAdr_Decay_WU_0219",
        "takao-nb/qwen3-4b-structured-submit23-lora",
        "ortiz-ai/qwen3-4b-structured-output-lora_2ep_5e5_512_005_toml64",
        "okaba815/your-lora-repo",
        "Isk5434/qwen3-4b-structured-output-lora-onlydown2",
        "thetmon/c11"
    ],
    "train+valid_accuracy": 0.11,
    "test_accuracy": 0.1553156146179402,
    "weights": [
        0.5410594064347899,
        0.3956241303070712,
        -0.03359056903380993,
        0.5403655186852828,
        -0.026441861267123355,
        0.5195783832188745,
        0.007663363166601801,
        -0.044181907047566846,
        -0.02029736247616634,
        0.05707797231658844,
        0.4931661310521326,
        -0.006101785807240104,
        -0.002899583727168903,
        0.018478777946066643,
        -0.019750404655722788,
        0.025345910684624006,
        0.0013083136171178817,
        0.05763037725013221,
        0.013340059649050037,
        -0.025569315248832318,
        -0.025452431508063124,
        -0.027349219139194487,
        -0.004689758138269373,
        -0.027972595867894457,
        0.044294802926944536,
        -0.014567277105056491,
        -0.017569373561806455,
        -0.02336587389650209,
        0.003605064126198184,
        0.01846095120209816
    ]
}