{
    "task": "banking77",
    "expert_name": [
        "sfutenma/lora_structeval_t_qwen3_4b_v260221-211258",
        "tehiro/qwen3-structeval-lora",
        "kmd2525/qwen3-4b-structured-output-lora-v5.2",
        "t-mizuma/qwen3-4b-structeval-lora-5",
        "worldmate/007kuma",
        "ksk740/model20260211",
        "YyUuYyAa/qwen3-4b-structured-output-lora-revised",
        "takao-nb/qwen3-4b-structured-submit10-lora",
        "sabia0080/qwen3-4b-sft-v0-cotv2-lr2e6-ep2-wd001",
        "sam-murayama/sam-qwen3-lora-16",
        "help2opensource/Qwen3-4B-Instruct-2507_mental_health",
        "pokke11/qwen3-4b-structured-output-lora3",
        "takao-nb/qwen3-4b-structured-submit16-lora",
        "Centkun/qwen3-4b-instruct-2507-lora-homework_vo6",
        "tsubasaka/lora-repo-v4",
        "Sumiokashi/qwen3-4b-structured-3k-mix-sft_lora-repo_ver34",
        "Kpitc5884/Kpitc5884-lora-repo",
        "yokobo-ai/qwen3-4b-so-lora-v10",
        "MMdesanQ1/your-lora-repo-v3",
        "Umezaki/sft-qwen-v2-lora8-upsample-adapter",
        "hiro877/your-lora-repo-structured-hard-sft-4-0205",
        "katsumi1701/qwen3-4b-structured-output-lora-sft2",
        "thetmon/c1",
        "tmiyamoto/qwen3-4b-agentbench-exp02",
        "yokobo-ai/qwen3-4b-so-lora-v8",
        "manamano88/qwen3-4b-structured-output-lora-v15-14",
        "kiratan/qwen3-4b-structeval-lora-87",
        "choco800/Qwen3-4B-SFT-v13",
        "kawashimas/qwen3-4b-lora-exp1"
    ],
    "train+valid_accuracy": 0.4,
    "test_accuracy": 0.3496753246753247,
    "weights": [
        0.44816188248064853,
        0.48344125223520823,
        -0.0004461086491404448,
        0.5003467885452598,
        0.5027123752541721,
        0.5068003835303231,
        -0.18655943057608979,
        -0.018921067853158835,
        -0.050086264887961,
        -0.025667031360829897,
        0.002489326251305286,
        -0.068853939153305,
        -0.010794488474375264,
        -0.040866912295497076,
        -0.02652181826732697,
        -0.012091386841558222,
        -0.03480562642277872,
        -0.06062637929820809,
        -0.02592203620080095,
        0.0002268394134989942,
        -0.016511600782713295,
        -0.07784697608385206,
        -0.027739776747580786,
        -0.04122660823117387,
        -0.06337091653386248,
        -0.002622222512633564,
        -0.06220560328547761,
        -0.009597688245131932,
        -0.046727128473879845,
        0.002719656548710579
    ]
}