{
    "task": "anli",
    "expert_name": [
        "sfutenma/lora_structeval_t_qwen3_4b_v260221-211258",
        "tehiro/qwen3-structeval-lora",
        "kmd2525/qwen3-4b-structured-output-lora-v5.2",
        "t-mizuma/qwen3-4b-structeval-lora-5",
        "worldmate/007kuma",
        "ksk740/model20260211",
        "YyUuYyAa/qwen3-4b-structured-output-lora-revised",
        "takao-nb/qwen3-4b-structured-submit10-lora",
        "sabia0080/qwen3-4b-sft-v0-cotv2-lr2e6-ep2-wd001",
        "sam-murayama/sam-qwen3-lora-16",
        "help2opensource/Qwen3-4B-Instruct-2507_mental_health",
        "pokke11/qwen3-4b-structured-output-lora3",
        "takao-nb/qwen3-4b-structured-submit16-lora",
        "Centkun/qwen3-4b-instruct-2507-lora-homework_vo6",
        "marukame332/final_asignment",
        "tsubasaka/lora-repo-v4",
        "Sumiokashi/qwen3-4b-structured-3k-mix-sft_lora-repo_ver34",
        "Kpitc5884/Kpitc5884-lora-repo",
        "yokobo-ai/qwen3-4b-so-lora-v10",
        "MMdesanQ1/your-lora-repo-v3",
        "Umezaki/sft-qwen-v2-lora8-upsample-adapter",
        "hiro877/your-lora-repo-structured-hard-sft-4-0205",
        "katsumi1701/qwen3-4b-structured-output-lora-sft2",
        "thetmon/c1",
        "tmiyamoto/qwen3-4b-agentbench-exp02",
        "yokobo-ai/qwen3-4b-so-lora-v8",
        "manamano88/qwen3-4b-structured-output-lora-v15-14",
        "kiratan/qwen3-4b-structeval-lora-87",
        "choco800/Qwen3-4B-SFT-v13",
        "kawashimas/qwen3-4b-lora-exp1"
    ],
    "train+valid_accuracy": 0.51,
    "test_accuracy": 0.48,
    "weights": [
        0.42601855336887107,
        0.4759283916614988,
        0.5001447737044679,
        -0.0048873286379637615,
        0.05427200677356191,
        -0.016567654291224743,
        -0.021812859002627725,
        0.007657569941715504,
        -0.01224998260026183,
        0.007426213453134812,
        -0.033308627208266633,
        -0.03379185463857218,
        0.494121388594417,
        -0.02380083852397163,
        0.5152350964719957,
        0.008984604595748324,
        -0.0315124581257362,
        -0.04230712283300212,
        -0.029321647930925215,
        -0.1329036535058,
        -0.0009832969300569844,
        -0.11357713172580038,
        -0.034485018969036704,
        -0.02850028123616001,
        -0.041360257952596964,
        -0.026905672284674075,
        -0.045311981412428974,
        0.01060237859293981,
        0.0014838559179804114,
        -0.06066817495533386
    ]
}