{
    "task": "aqua_rat",
    "expert_name": [
        "r-three/lora_baseline_qwen_lr3e-4_step400_rank64_aqua_rat",
        "yochimachika/yochimachika-lora-repo07",
        "shokuma/qwen3-4b-structured-output-lora-20260217-1st",
        "Kaito-F/lora-repo-v18",
        "cjkasbdkjnlakb/agent-0927-05",
        "kochan13/qwen-qwen3-4b-structured-output-lora-26020502",
        "jmJapan/jm26",
        "Shusuke07/qwen3-4b-structured-output-lora-repo-1-3_2-3_01",
        "tmiyamoto/qwen3-4b-agentbench-exp02",
        "Shusuke07/qwen3-4b-structured-output-lora-repo-2-3_04",
        "fumikawa/a25-v0004",
        "cjkasbdkjnlakb/agnet-0906",
        "Tanayuya/qwen3-4b-structured-output-lora-ver2",
        "shinich001/qwen3-4b-5kmix-seq2k-ep1",
        "y-tani/lora_structeval_t_qwen3_4b_v8",
        "NibiruTwin/qwen3-4b-structured-output-lora-v6",
        "yokobo-ai/qwen3-4b-so-lora-v2",
        "hikahika/Qwen3-4B-Instruct-2507exp18",
        "takayosh/your-lora-repo",
        "Yuya0/qwen3-4b-lora_v1.8",
        "G7O8/lora_R8_A16_D005_epo2_LR1e4_structeval_t_qwen3_4b",
        "takeofuture/shibatake-SFT_2602071922",
        "sam-murayama/sam-qwen3-lora-15",
        "worldmate/004kuma",
        "Zsom1997/your-lora-repo-11r",
        "akamei/AK_1ep_4e-6_512_LORAdr_Decay_WU_0219",
        "takao-nb/qwen3-4b-structured-submit23-lora",
        "ortiz-ai/qwen3-4b-structured-output-lora_2ep_5e5_512_005_toml64",
        "okaba815/your-lora-repo",
        "Isk5434/qwen3-4b-structured-output-lora-onlydown2"
    ],
    "train+valid_accuracy": 0.38,
    "test_accuracy": 0.3346456692913386,
    "weights": [
        0.3624238811262842,
        0.5701545207984741,
        -0.10040838606442491,
        0.03240927529361827,
        0.41624144273354274,
        0.0527813741449565,
        -0.012865480096525047,
        0.00102640336107952,
        0.012926439747648219,
        0.08257785567104271,
        -0.04392474387595825,
        0.443645541500502,
        -0.0007974130986642671,
        0.04963862981497157,
        0.05050857393419991,
        0.023057802811301258,
        0.034231506757215424,
        0.026608208821349528,
        -0.014145706659591188,
        -0.10022268204913998,
        0.4665372174527395,
        0.08595579082966763,
        0.08101570880875586,
        0.013417093644010749,
        0.524654808297517,
        -0.04371564609105544,
        0.025718461419682634,
        -0.003464626188007658,
        0.01624469671048548,
        -0.057682516209859445
    ]
}