{
    "task": "quail",
    "expert_name": [
        "yochimachika/yochimachika-lora-repo07",
        "shokuma/qwen3-4b-structured-output-lora-20260217-1st",
        "Kaito-F/lora-repo-v18",
        "cjkasbdkjnlakb/agent-0927-05",
        "kochan13/qwen-qwen3-4b-structured-output-lora-26020502",
        "jmJapan/jm26",
        "Shusuke07/qwen3-4b-structured-output-lora-repo-1-3_2-3_01",
        "tmiyamoto/qwen3-4b-agentbench-exp02",
        "Shusuke07/qwen3-4b-structured-output-lora-repo-2-3_04",
        "fumikawa/a25-v0004",
        "cjkasbdkjnlakb/agnet-0906",
        "Tanayuya/qwen3-4b-structured-output-lora-ver2",
        "shinich001/qwen3-4b-5kmix-seq2k-ep1",
        "y-tani/lora_structeval_t_qwen3_4b_v8",
        "NibiruTwin/qwen3-4b-structured-output-lora-v6",
        "yokobo-ai/qwen3-4b-so-lora-v2",
        "hikahika/Qwen3-4B-Instruct-2507exp18",
        "takayosh/your-lora-repo",
        "Yuya0/qwen3-4b-lora_v1.8",
        "G7O8/lora_R8_A16_D005_epo2_LR1e4_structeval_t_qwen3_4b",
        "takeofuture/shibatake-SFT_2602071922",
        "sam-murayama/sam-qwen3-lora-15",
        "worldmate/004kuma",
        "Zsom1997/your-lora-repo-11r",
        "akamei/AK_1ep_4e-6_512_LORAdr_Decay_WU_0219",
        "takao-nb/qwen3-4b-structured-submit23-lora",
        "ortiz-ai/qwen3-4b-structured-output-lora_2ep_5e5_512_005_toml64",
        "okaba815/your-lora-repo",
        "Isk5434/qwen3-4b-structured-output-lora-onlydown2",
        "thetmon/c11"
    ],
    "train+valid_accuracy": 0.59,
    "test_accuracy": 0.5336585365853659,
    "weights": [
        0.4834532953505758,
        -0.008977133604883197,
        -0.026647400684918717,
        0.49321040223900936,
        0.24227000832714002,
        0.38394331219733474,
        -0.23868935475078093,
        0.6156341477814404,
        0.022247590938148237,
        -0.015847947717548785,
        0.02516407264916854,
        0.010866014072357275,
        0.00454758027326546,
        0.020681350078592935,
        0.02379814694759862,
        0.04009640948140361,
        0.007983960884459145,
        -0.02932995436249408,
        0.4824072363935493,
        -0.03330584856075917,
        0.014489647353929535,
        0.010326496945793393,
        0.002551568008206391,
        -0.03194527064833539,
        0.005177595961340481,
        0.5275609091640412,
        0.010875881752400837,
        0.036467727494542766,
        0.004610612095855284,
        0.04614197477890562
    ]
}