{
    "task": "qasc",
    "expert_name": [
        "r-three/lora_baseline_qwen_lr3e-4_step400_rank64_qasc",
        "yochimachika/yochimachika-lora-repo07",
        "shokuma/qwen3-4b-structured-output-lora-20260217-1st",
        "Kaito-F/lora-repo-v18",
        "cjkasbdkjnlakb/agent-0927-05",
        "kochan13/qwen-qwen3-4b-structured-output-lora-26020502",
        "jmJapan/jm26",
        "Shusuke07/qwen3-4b-structured-output-lora-repo-1-3_2-3_01",
        "tmiyamoto/qwen3-4b-agentbench-exp02",
        "Shusuke07/qwen3-4b-structured-output-lora-repo-2-3_04",
        "fumikawa/a25-v0004",
        "cjkasbdkjnlakb/agnet-0906",
        "Tanayuya/qwen3-4b-structured-output-lora-ver2",
        "shinich001/qwen3-4b-5kmix-seq2k-ep1",
        "y-tani/lora_structeval_t_qwen3_4b_v8",
        "NibiruTwin/qwen3-4b-structured-output-lora-v6",
        "yokobo-ai/qwen3-4b-so-lora-v2",
        "hikahika/Qwen3-4B-Instruct-2507exp18",
        "takayosh/your-lora-repo",
        "Yuya0/qwen3-4b-lora_v1.8",
        "G7O8/lora_R8_A16_D005_epo2_LR1e4_structeval_t_qwen3_4b",
        "takeofuture/shibatake-SFT_2602071922",
        "sam-murayama/sam-qwen3-lora-15",
        "worldmate/004kuma",
        "Zsom1997/your-lora-repo-11r",
        "akamei/AK_1ep_4e-6_512_LORAdr_Decay_WU_0219",
        "takao-nb/qwen3-4b-structured-submit23-lora",
        "ortiz-ai/qwen3-4b-structured-output-lora_2ep_5e5_512_005_toml64",
        "okaba815/your-lora-repo",
        "Isk5434/qwen3-4b-structured-output-lora-onlydown2"
    ],
    "train+valid_accuracy": 0.98,
    "test_accuracy": 0.9373464373464373,
    "weights": [
        0.48552809922951556,
        0.5157153561375536,
        -0.0382331641039012,
        -0.019905677892709313,
        -0.026563730276200286,
        -0.006503081063199773,
        -0.022445203971256236,
        -0.029200571898932322,
        -0.018058882498857676,
        -0.0033822053967073606,
        -0.06819813745244317,
        -0.02330088128183347,
        0.0008837608895579936,
        -0.01724139856335845,
        -0.025554954932008312,
        -0.004544587934098164,
        -0.03593603790994621,
        -0.0292626220757519,
        -0.04112279980017912,
        -0.03960353151486972,
        -0.03805157116322683,
        -0.022413730864024307,
        0.4911970291685559,
        0.022293005982189324,
        -0.019751569619263207,
        0.024451421676943794,
        -0.013529350007312736,
        -0.027338862402983114,
        -0.02785019884086279,
        -0.0840007319242531
    ]
}