{
    "task": "super_glue_rte",
    "expert_name": [
        "yochimachika/yochimachika-lora-repo07",
        "shokuma/qwen3-4b-structured-output-lora-20260217-1st",
        "Kaito-F/lora-repo-v18",
        "cjkasbdkjnlakb/agent-0927-05",
        "kochan13/qwen-qwen3-4b-structured-output-lora-26020502",
        "jmJapan/jm26",
        "Shusuke07/qwen3-4b-structured-output-lora-repo-1-3_2-3_01",
        "tmiyamoto/qwen3-4b-agentbench-exp02",
        "Shusuke07/qwen3-4b-structured-output-lora-repo-2-3_04",
        "fumikawa/a25-v0004",
        "cjkasbdkjnlakb/agnet-0906",
        "Tanayuya/qwen3-4b-structured-output-lora-ver2",
        "shinich001/qwen3-4b-5kmix-seq2k-ep1",
        "y-tani/lora_structeval_t_qwen3_4b_v8",
        "NibiruTwin/qwen3-4b-structured-output-lora-v6",
        "yokobo-ai/qwen3-4b-so-lora-v2",
        "hikahika/Qwen3-4B-Instruct-2507exp18",
        "takayosh/your-lora-repo",
        "Yuya0/qwen3-4b-lora_v1.8",
        "G7O8/lora_R8_A16_D005_epo2_LR1e4_structeval_t_qwen3_4b",
        "takeofuture/shibatake-SFT_2602071922",
        "sam-murayama/sam-qwen3-lora-15",
        "worldmate/004kuma",
        "Zsom1997/your-lora-repo-11r",
        "akamei/AK_1ep_4e-6_512_LORAdr_Decay_WU_0219",
        "takao-nb/qwen3-4b-structured-submit23-lora",
        "ortiz-ai/qwen3-4b-structured-output-lora_2ep_5e5_512_005_toml64",
        "okaba815/your-lora-repo",
        "Isk5434/qwen3-4b-structured-output-lora-onlydown2",
        "thetmon/c11"
    ],
    "train+valid_accuracy": 0.88,
    "test_accuracy": 0.9116465863453815,
    "weights": [
        0.48134997879069097,
        -0.043533123336528194,
        -0.029098879556860018,
        0.5276867135261422,
        -0.04990155675081245,
        -0.015220127063551726,
        -0.08325260559904958,
        -0.03151817394039671,
        -0.03184648361400463,
        0.019245732250523697,
        0.4733300911956842,
        0.0014124084338963112,
        -0.03263334537451984,
        -0.00576372363869746,
        -0.04951247826384444,
        -0.00010189088422150308,
        0.0026758573213242717,
        -0.000351011826673938,
        0.0032577425775133875,
        -0.0165522900568676,
        -0.03641976153803519,
        -0.02718507277432751,
        -0.03306894324353811,
        -0.025978421533562935,
        -0.056136455340783806,
        -0.00428561464797668,
        -0.012874685924936976,
        -0.03971159888616279,
        -0.0362712606038718,
        -0.06610425508005692
    ]
}