{
    "task": "xnli_th",
    "expert_name": [
        "r-three/lora_baseline_qwen_lr3e-4_step400_rank64_xnli_th",
        "yochimachika/yochimachika-lora-repo07",
        "shokuma/qwen3-4b-structured-output-lora-20260217-1st",
        "Kaito-F/lora-repo-v18",
        "cjkasbdkjnlakb/agent-0927-05",
        "kochan13/qwen-qwen3-4b-structured-output-lora-26020502",
        "jmJapan/jm26",
        "Shusuke07/qwen3-4b-structured-output-lora-repo-1-3_2-3_01",
        "tmiyamoto/qwen3-4b-agentbench-exp02",
        "Shusuke07/qwen3-4b-structured-output-lora-repo-2-3_04",
        "fumikawa/a25-v0004",
        "cjkasbdkjnlakb/agnet-0906",
        "Tanayuya/qwen3-4b-structured-output-lora-ver2",
        "shinich001/qwen3-4b-5kmix-seq2k-ep1",
        "y-tani/lora_structeval_t_qwen3_4b_v8",
        "NibiruTwin/qwen3-4b-structured-output-lora-v6",
        "yokobo-ai/qwen3-4b-so-lora-v2",
        "hikahika/Qwen3-4B-Instruct-2507exp18",
        "takayosh/your-lora-repo",
        "Yuya0/qwen3-4b-lora_v1.8",
        "G7O8/lora_R8_A16_D005_epo2_LR1e4_structeval_t_qwen3_4b",
        "takeofuture/shibatake-SFT_2602071922",
        "sam-murayama/sam-qwen3-lora-15",
        "worldmate/004kuma",
        "Zsom1997/your-lora-repo-11r",
        "akamei/AK_1ep_4e-6_512_LORAdr_Decay_WU_0219",
        "takao-nb/qwen3-4b-structured-submit23-lora",
        "ortiz-ai/qwen3-4b-structured-output-lora_2ep_5e5_512_005_toml64",
        "okaba815/your-lora-repo",
        "Isk5434/qwen3-4b-structured-output-lora-onlydown2"
    ],
    "train+valid_accuracy": 0.72,
    "test_accuracy": 0.6304,
    "weights": [
        0.5486562532498217,
        0.49949901044506917,
        0.002984948466283545,
        0.5273239268350153,
        0.47048874807097485,
        -0.01690691018241409,
        -0.001569867238546891,
        0.023384008812985645,
        -0.0054653503490746675,
        0.00866368915597647,
        0.022721255155646224,
        0.5012550746336499,
        0.0005233381610967941,
        0.00460100515924209,
        0.004848517992618897,
        -0.011797242108999136,
        -0.016096050064736883,
        -0.014521761661440945,
        -0.011490616245480874,
        0.0027688913100297097,
        -0.027568604573679812,
        -0.007017516667694222,
        0.00413413655616407,
        -0.006758817894555539,
        -0.01618115860147565,
        -0.014359463010557495,
        -0.0033895070166477122,
        0.03737254586050137,
        -0.007321014293818908,
        -0.0005579154566439528
    ]
}