{
    "task": "glue_sst2",
    "expert_name": [
        "r-three/lora_baseline_qwen_lr3e-4_step400_rank64_glue_sst2",
        "sfutenma/lora_structeval_t_qwen3_4b_v260221-211258",
        "tehiro/qwen3-structeval-lora",
        "kmd2525/qwen3-4b-structured-output-lora-v5.2",
        "t-mizuma/qwen3-4b-structeval-lora-5",
        "worldmate/007kuma",
        "ksk740/model20260211",
        "YyUuYyAa/qwen3-4b-structured-output-lora-revised",
        "takao-nb/qwen3-4b-structured-submit10-lora",
        "sabia0080/qwen3-4b-sft-v0-cotv2-lr2e6-ep2-wd001",
        "sam-murayama/sam-qwen3-lora-16",
        "help2opensource/Qwen3-4B-Instruct-2507_mental_health",
        "pokke11/qwen3-4b-structured-output-lora3",
        "takao-nb/qwen3-4b-structured-submit16-lora",
        "Centkun/qwen3-4b-instruct-2507-lora-homework_vo6",
        "marukame332/final_asignment",
        "tsubasaka/lora-repo-v4",
        "Sumiokashi/qwen3-4b-structured-3k-mix-sft_lora-repo_ver34",
        "Kpitc5884/Kpitc5884-lora-repo",
        "yokobo-ai/qwen3-4b-so-lora-v10",
        "MMdesanQ1/your-lora-repo-v3",
        "Umezaki/sft-qwen-v2-lora8-upsample-adapter",
        "hiro877/your-lora-repo-structured-hard-sft-4-0205",
        "katsumi1701/qwen3-4b-structured-output-lora-sft2",
        "thetmon/c1",
        "tmiyamoto/qwen3-4b-agentbench-exp02",
        "yokobo-ai/qwen3-4b-so-lora-v8",
        "manamano88/qwen3-4b-structured-output-lora-v15-14",
        "kiratan/qwen3-4b-structeval-lora-87",
        "choco800/Qwen3-4B-SFT-v13"
    ],
    "train+valid_accuracy": 0.9,
    "test_accuracy": 0.9208,
    "weights": [
        0.5742919060961662,
        0.4923777257380875,
        -0.0015886134255132522,
        0.0020728456689529766,
        -0.012629895610067242,
        -0.021407672224406357,
        -0.019801671151251244,
        -0.012578007231192984,
        -0.040520522297243435,
        0.018718330632549265,
        -0.0007978278877730891,
        0.4976103026643359,
        0.011569252473540214,
        -0.004169252647031343,
        -0.02831746894410336,
        -0.005891537735156819,
        -0.010385682759342929,
        -0.013000914314191134,
        -0.009892401130888082,
        -0.015767893781834387,
        0.016025307987006722,
        0.00019057762896776062,
        0.06921315722673545,
        -0.0003391809668378869,
        -0.017484467274744654,
        -0.03367709212438704,
        0.026501657603820134,
        -0.0028754657351719483,
        -0.0015507109900941409,
        -0.0026516027052469926
    ]
}