{
    "task": "formal_fallacies_syllogisms_negation",
    "expert_name": [
        "yochimachika/yochimachika-lora-repo07",
        "shokuma/qwen3-4b-structured-output-lora-20260217-1st",
        "Kaito-F/lora-repo-v18",
        "cjkasbdkjnlakb/agent-0927-05",
        "kochan13/qwen-qwen3-4b-structured-output-lora-26020502",
        "jmJapan/jm26",
        "Shusuke07/qwen3-4b-structured-output-lora-repo-1-3_2-3_01",
        "tmiyamoto/qwen3-4b-agentbench-exp02",
        "Shusuke07/qwen3-4b-structured-output-lora-repo-2-3_04",
        "fumikawa/a25-v0004",
        "cjkasbdkjnlakb/agnet-0906",
        "Tanayuya/qwen3-4b-structured-output-lora-ver2",
        "shinich001/qwen3-4b-5kmix-seq2k-ep1",
        "y-tani/lora_structeval_t_qwen3_4b_v8",
        "NibiruTwin/qwen3-4b-structured-output-lora-v6",
        "yokobo-ai/qwen3-4b-so-lora-v2",
        "hikahika/Qwen3-4B-Instruct-2507exp18",
        "takayosh/your-lora-repo",
        "Yuya0/qwen3-4b-lora_v1.8",
        "G7O8/lora_R8_A16_D005_epo2_LR1e4_structeval_t_qwen3_4b",
        "takeofuture/shibatake-SFT_2602071922",
        "sam-murayama/sam-qwen3-lora-15",
        "worldmate/004kuma",
        "Zsom1997/your-lora-repo-11r",
        "akamei/AK_1ep_4e-6_512_LORAdr_Decay_WU_0219",
        "takao-nb/qwen3-4b-structured-submit23-lora",
        "ortiz-ai/qwen3-4b-structured-output-lora_2ep_5e5_512_005_toml64",
        "okaba815/your-lora-repo",
        "Isk5434/qwen3-4b-structured-output-lora-onlydown2",
        "thetmon/c11"
    ],
    "train+valid_accuracy": 0.66,
    "test_accuracy": 0.6126760563380281,
    "weights": [
        0.48116732398605755,
        0.47929233678778277,
        0.4715768844345304,
        0.47669687152243106,
        -0.009287423868179765,
        -0.01177731066508983,
        -0.021823119179226462,
        0.00502010790943095,
        -0.0017975778302416992,
        -0.02031297392906533,
        0.5235755899586721,
        -0.044682350373350666,
        -0.01826442408179381,
        0.49385261584268636,
        0.036589598503642996,
        0.009736624165475192,
        0.004794313911744842,
        0.08911941065742743,
        -0.0752431568773421,
        0.518966097163748,
        -0.016818161576386173,
        -0.008410225541270048,
        -0.005761210183418326,
        -0.012600297626418322,
        -0.024157251586716024,
        -0.0036877083006588633,
        0.0006551127248128341,
        0.028950153872339256,
        -0.037667434144077194,
        0.07636112143482049
    ]
}