{
    "task": "banking77",
    "expert_name": [
        "yochimachika/yochimachika-lora-repo07",
        "shokuma/qwen3-4b-structured-output-lora-20260217-1st",
        "Kaito-F/lora-repo-v18",
        "cjkasbdkjnlakb/agent-0927-05",
        "kochan13/qwen-qwen3-4b-structured-output-lora-26020502",
        "jmJapan/jm26",
        "Shusuke07/qwen3-4b-structured-output-lora-repo-1-3_2-3_01",
        "tmiyamoto/qwen3-4b-agentbench-exp02",
        "Shusuke07/qwen3-4b-structured-output-lora-repo-2-3_04",
        "fumikawa/a25-v0004",
        "cjkasbdkjnlakb/agnet-0906",
        "Tanayuya/qwen3-4b-structured-output-lora-ver2",
        "shinich001/qwen3-4b-5kmix-seq2k-ep1",
        "y-tani/lora_structeval_t_qwen3_4b_v8",
        "NibiruTwin/qwen3-4b-structured-output-lora-v6",
        "yokobo-ai/qwen3-4b-so-lora-v2",
        "hikahika/Qwen3-4B-Instruct-2507exp18",
        "takayosh/your-lora-repo",
        "Yuya0/qwen3-4b-lora_v1.8",
        "G7O8/lora_R8_A16_D005_epo2_LR1e4_structeval_t_qwen3_4b",
        "takeofuture/shibatake-SFT_2602071922",
        "sam-murayama/sam-qwen3-lora-15",
        "worldmate/004kuma",
        "Zsom1997/your-lora-repo-11r",
        "akamei/AK_1ep_4e-6_512_LORAdr_Decay_WU_0219",
        "takao-nb/qwen3-4b-structured-submit23-lora",
        "ortiz-ai/qwen3-4b-structured-output-lora_2ep_5e5_512_005_toml64",
        "okaba815/your-lora-repo",
        "Isk5434/qwen3-4b-structured-output-lora-onlydown2",
        "thetmon/c11"
    ],
    "train+valid_accuracy": 0.08,
    "test_accuracy": 0.039285714285714285,
    "weights": [
        0.8097654084465589,
        -0.16646998136296515,
        0.5715609143114067,
        0.19401839935163775,
        -0.18551101078435395,
        0.09746773922187116,
        -0.3802582713934322,
        0.17167122757824405,
        0.25062916179917843,
        0.2876999559122892,
        0.7871509763417519,
        0.026923708026710846,
        0.4003275087977417,
        0.32282003111690527,
        0.2703201119247564,
        -0.19348596114888275,
        -0.18501237023861636,
        0.033050549460063444,
        0.22290975623147216,
        0.12508490547511789,
        0.06990795976729852,
        -0.022320243044443487,
        -0.05682753874051318,
        0.4220265770642858,
        -0.08997407858156185,
        -0.048918909556564166,
        -0.048786757702755625,
        -0.09490987260701651,
        -0.04166338337596656,
        0.44948555854805206
    ]
}