{
    "task": "web_of_lies",
    "expert_name": [
        "r-three/lora_baseline_qwen_lr3e-4_step400_rank64_web_of_lies",
        "sfutenma/lora_structeval_t_qwen3_4b_v260221-211258",
        "tehiro/qwen3-structeval-lora",
        "kmd2525/qwen3-4b-structured-output-lora-v5.2",
        "t-mizuma/qwen3-4b-structeval-lora-5",
        "worldmate/007kuma",
        "ksk740/model20260211",
        "YyUuYyAa/qwen3-4b-structured-output-lora-revised",
        "takao-nb/qwen3-4b-structured-submit10-lora",
        "sabia0080/qwen3-4b-sft-v0-cotv2-lr2e6-ep2-wd001",
        "sam-murayama/sam-qwen3-lora-16",
        "help2opensource/Qwen3-4B-Instruct-2507_mental_health",
        "pokke11/qwen3-4b-structured-output-lora3",
        "takao-nb/qwen3-4b-structured-submit16-lora",
        "Centkun/qwen3-4b-instruct-2507-lora-homework_vo6",
        "marukame332/final_asignment",
        "tsubasaka/lora-repo-v4",
        "Sumiokashi/qwen3-4b-structured-3k-mix-sft_lora-repo_ver34",
        "Kpitc5884/Kpitc5884-lora-repo",
        "yokobo-ai/qwen3-4b-so-lora-v10",
        "MMdesanQ1/your-lora-repo-v3",
        "Umezaki/sft-qwen-v2-lora8-upsample-adapter",
        "hiro877/your-lora-repo-structured-hard-sft-4-0205",
        "katsumi1701/qwen3-4b-structured-output-lora-sft2",
        "thetmon/c1",
        "tmiyamoto/qwen3-4b-agentbench-exp02",
        "yokobo-ai/qwen3-4b-so-lora-v8",
        "manamano88/qwen3-4b-structured-output-lora-v15-14",
        "kiratan/qwen3-4b-structeval-lora-87",
        "choco800/Qwen3-4B-SFT-v13"
    ],
    "train+valid_accuracy": 0.4,
    "test_accuracy": 0.4798657718120805,
    "weights": [
        -0.24088105377627264,
        0.4395401604051861,
        0.3955149696302401,
        0.7048344365811269,
        0.37821840023420944,
        0.3480393913635352,
        -0.07840628151190251,
        0.4003439203992718,
        0.10586873146023981,
        -0.18524595972877894,
        0.07384485159546765,
        0.11926911192551126,
        -0.05912213076574681,
        0.1364614630374714,
        0.06344980148588573,
        0.605574948274494,
        0.009148909547240399,
        -0.017379563390501118,
        -0.11991814158359995,
        -0.43694390697169844,
        -0.3437957266000088,
        -0.008376657123330949,
        -0.17103298940396489,
        -0.47353654233013037,
        -0.32192016191522715,
        0.3866155047824906,
        0.0829395385536185,
        0.005402483051188468,
        -0.19430147426505448,
        0.6789464418694381
    ]
}