{
    "task": "super_glue_copa",
    "expert_name": [
        "sfutenma/lora_structeval_t_qwen3_4b_v260221-211258",
        "tehiro/qwen3-structeval-lora",
        "kmd2525/qwen3-4b-structured-output-lora-v5.2",
        "t-mizuma/qwen3-4b-structeval-lora-5",
        "worldmate/007kuma",
        "ksk740/model20260211",
        "YyUuYyAa/qwen3-4b-structured-output-lora-revised",
        "takao-nb/qwen3-4b-structured-submit10-lora",
        "sabia0080/qwen3-4b-sft-v0-cotv2-lr2e6-ep2-wd001",
        "sam-murayama/sam-qwen3-lora-16",
        "help2opensource/Qwen3-4B-Instruct-2507_mental_health",
        "pokke11/qwen3-4b-structured-output-lora3",
        "takao-nb/qwen3-4b-structured-submit16-lora",
        "Centkun/qwen3-4b-instruct-2507-lora-homework_vo6",
        "marukame332/final_asignment",
        "tsubasaka/lora-repo-v4",
        "Sumiokashi/qwen3-4b-structured-3k-mix-sft_lora-repo_ver34",
        "Kpitc5884/Kpitc5884-lora-repo",
        "yokobo-ai/qwen3-4b-so-lora-v10",
        "MMdesanQ1/your-lora-repo-v3",
        "Umezaki/sft-qwen-v2-lora8-upsample-adapter",
        "hiro877/your-lora-repo-structured-hard-sft-4-0205",
        "katsumi1701/qwen3-4b-structured-output-lora-sft2",
        "thetmon/c1",
        "tmiyamoto/qwen3-4b-agentbench-exp02",
        "yokobo-ai/qwen3-4b-so-lora-v8",
        "manamano88/qwen3-4b-structured-output-lora-v15-14",
        "kiratan/qwen3-4b-structeval-lora-87",
        "choco800/Qwen3-4B-SFT-v13",
        "kawashimas/qwen3-4b-lora-exp1"
    ],
    "train+valid_accuracy": 0.72,
    "test_accuracy": 0.9,
    "weights": [
        0.47382913384947395,
        -0.23615264205845446,
        0.011510000273767135,
        0.4793717134570399,
        0.4961333465589873,
        -0.005561081557432113,
        0.007035795436579475,
        0.4979760023127133,
        0.04805285478724168,
        -0.016898388105739973,
        -0.045147524144672414,
        -0.014608655432402515,
        0.0113715261411748,
        0.01974181250266897,
        0.010506260678580655,
        -0.022511114285193534,
        -0.005546771730697329,
        0.029408044749402902,
        -0.017346670470921328,
        -0.008507305320446804,
        -0.011398363099051102,
        -0.035889678038704624,
        -0.011241108888374112,
        0.07382124268286346,
        0.5098998689693375,
        0.015955084664096335,
        -0.002144746306039922,
        -0.024504511190173127,
        0.03756409578631148,
        -0.03711350838070159
    ]
}