{
    "task": "reasoning_about_colored_objects",
    "expert_name": [
        "r-three/lora_baseline_qwen_lr3e-4_step400_rank64_reasoning_about_colored_objects",
        "yochimachika/yochimachika-lora-repo07",
        "shokuma/qwen3-4b-structured-output-lora-20260217-1st",
        "Kaito-F/lora-repo-v18",
        "cjkasbdkjnlakb/agent-0927-05",
        "kochan13/qwen-qwen3-4b-structured-output-lora-26020502",
        "jmJapan/jm26",
        "Shusuke07/qwen3-4b-structured-output-lora-repo-1-3_2-3_01",
        "tmiyamoto/qwen3-4b-agentbench-exp02",
        "Shusuke07/qwen3-4b-structured-output-lora-repo-2-3_04",
        "fumikawa/a25-v0004",
        "cjkasbdkjnlakb/agnet-0906",
        "Tanayuya/qwen3-4b-structured-output-lora-ver2",
        "shinich001/qwen3-4b-5kmix-seq2k-ep1",
        "y-tani/lora_structeval_t_qwen3_4b_v8",
        "NibiruTwin/qwen3-4b-structured-output-lora-v6",
        "yokobo-ai/qwen3-4b-so-lora-v2",
        "hikahika/Qwen3-4B-Instruct-2507exp18",
        "takayosh/your-lora-repo",
        "Yuya0/qwen3-4b-lora_v1.8",
        "G7O8/lora_R8_A16_D005_epo2_LR1e4_structeval_t_qwen3_4b",
        "takeofuture/shibatake-SFT_2602071922",
        "sam-murayama/sam-qwen3-lora-15",
        "worldmate/004kuma",
        "Zsom1997/your-lora-repo-11r",
        "akamei/AK_1ep_4e-6_512_LORAdr_Decay_WU_0219",
        "takao-nb/qwen3-4b-structured-submit23-lora",
        "ortiz-ai/qwen3-4b-structured-output-lora_2ep_5e5_512_005_toml64",
        "okaba815/your-lora-repo",
        "Isk5434/qwen3-4b-structured-output-lora-onlydown2"
    ],
    "train+valid_accuracy": 0.8,
    "test_accuracy": 0.64,
    "weights": [
        0.5118259056085858,
        0.5650627789375476,
        0.008209198544556737,
        0.5259781451581343,
        0.50087939892207,
        -0.004686642587038253,
        -0.0006514058791104959,
        -0.003417407298935332,
        -0.00797132882831397,
        -0.0028021534465045264,
        -0.008549821737162667,
        -0.0019070321378336183,
        -0.004124030190501299,
        -0.0030085920797785705,
        -0.0009054570926576062,
        -0.0007704139174162663,
        -0.0007181387622845062,
        -0.001154426649799599,
        0.04512923045389425,
        -0.006367474484673091,
        -0.002519849347139048,
        -0.00046108198485346485,
        -2.0578113568956565e-05,
        -0.0012394639145397548,
        -7.18564867543467e-07,
        -0.001121668052047737,
        -0.0007452321501371353,
        -0.00047200795584106535,
        -0.0005212804736360062,
        -0.00042057857282464764
    ]
}