{
    "task": "multistep_arithmetic",
    "expert_name": [
        "yochimachika/yochimachika-lora-repo07",
        "shokuma/qwen3-4b-structured-output-lora-20260217-1st",
        "Kaito-F/lora-repo-v18",
        "cjkasbdkjnlakb/agent-0927-05",
        "kochan13/qwen-qwen3-4b-structured-output-lora-26020502",
        "jmJapan/jm26",
        "Shusuke07/qwen3-4b-structured-output-lora-repo-1-3_2-3_01",
        "tmiyamoto/qwen3-4b-agentbench-exp02",
        "Shusuke07/qwen3-4b-structured-output-lora-repo-2-3_04",
        "fumikawa/a25-v0004",
        "cjkasbdkjnlakb/agnet-0906",
        "Tanayuya/qwen3-4b-structured-output-lora-ver2",
        "shinich001/qwen3-4b-5kmix-seq2k-ep1",
        "y-tani/lora_structeval_t_qwen3_4b_v8",
        "NibiruTwin/qwen3-4b-structured-output-lora-v6",
        "yokobo-ai/qwen3-4b-so-lora-v2",
        "hikahika/Qwen3-4B-Instruct-2507exp18",
        "takayosh/your-lora-repo",
        "Yuya0/qwen3-4b-lora_v1.8",
        "G7O8/lora_R8_A16_D005_epo2_LR1e4_structeval_t_qwen3_4b",
        "takeofuture/shibatake-SFT_2602071922",
        "sam-murayama/sam-qwen3-lora-15",
        "worldmate/004kuma",
        "Zsom1997/your-lora-repo-11r",
        "akamei/AK_1ep_4e-6_512_LORAdr_Decay_WU_0219",
        "takao-nb/qwen3-4b-structured-submit23-lora",
        "ortiz-ai/qwen3-4b-structured-output-lora_2ep_5e5_512_005_toml64",
        "okaba815/your-lora-repo",
        "Isk5434/qwen3-4b-structured-output-lora-onlydown2",
        "thetmon/c11"
    ],
    "train+valid_accuracy": 0.16,
    "test_accuracy": 0.17,
    "weights": [
        0.4623294788103921,
        0.3868450956257984,
        0.41786120430117674,
        0.26982331417960315,
        -0.08526099243338013,
        0.37746620862689595,
        -0.0006537812461944359,
        0.13308007489112358,
        -0.2288223648399445,
        -0.05982258325489647,
        0.2800347258365138,
        0.16770544194162473,
        0.31998945260066036,
        0.7463084326145377,
        0.047021327016540146,
        -0.06724790936866917,
        0.019057466076841723,
        -0.08649309001171945,
        -0.03653784146319928,
        0.04956539510947849,
        0.07846880096976462,
        0.012727059757370242,
        0.05438266227297802,
        0.08747854992525878,
        0.024080824762711835,
        0.5456250656984266,
        -0.011601868459936755,
        0.00010296368220448786,
        0.005013007999596802,
        0.044664104205379335
    ]
}