{
    "task": "super_glue_wic",
    "expert_name": [
        "r-three/lora_baseline_qwen_lr3e-4_step400_rank64_super_glue_wic",
        "yochimachika/yochimachika-lora-repo07",
        "shokuma/qwen3-4b-structured-output-lora-20260217-1st",
        "Kaito-F/lora-repo-v18",
        "cjkasbdkjnlakb/agent-0927-05",
        "kochan13/qwen-qwen3-4b-structured-output-lora-26020502",
        "jmJapan/jm26",
        "Shusuke07/qwen3-4b-structured-output-lora-repo-1-3_2-3_01",
        "tmiyamoto/qwen3-4b-agentbench-exp02",
        "Shusuke07/qwen3-4b-structured-output-lora-repo-2-3_04",
        "fumikawa/a25-v0004",
        "cjkasbdkjnlakb/agnet-0906",
        "Tanayuya/qwen3-4b-structured-output-lora-ver2",
        "shinich001/qwen3-4b-5kmix-seq2k-ep1",
        "y-tani/lora_structeval_t_qwen3_4b_v8",
        "NibiruTwin/qwen3-4b-structured-output-lora-v6",
        "yokobo-ai/qwen3-4b-so-lora-v2",
        "hikahika/Qwen3-4B-Instruct-2507exp18",
        "takayosh/your-lora-repo",
        "Yuya0/qwen3-4b-lora_v1.8",
        "G7O8/lora_R8_A16_D005_epo2_LR1e4_structeval_t_qwen3_4b",
        "takeofuture/shibatake-SFT_2602071922",
        "sam-murayama/sam-qwen3-lora-15",
        "worldmate/004kuma",
        "Zsom1997/your-lora-repo-11r",
        "akamei/AK_1ep_4e-6_512_LORAdr_Decay_WU_0219",
        "takao-nb/qwen3-4b-structured-submit23-lora",
        "ortiz-ai/qwen3-4b-structured-output-lora_2ep_5e5_512_005_toml64",
        "okaba815/your-lora-repo",
        "Isk5434/qwen3-4b-structured-output-lora-onlydown2"
    ],
    "train+valid_accuracy": 0.74,
    "test_accuracy": 0.7311233885819521,
    "weights": [
        0.5362040692249674,
        0.4918520634325093,
        0.4985917165412003,
        -0.002744135305571687,
        0.4958550191940625,
        0.029077877296813617,
        -0.04004837538450117,
        -0.01302704963228751,
        -0.0054877462328563045,
        -0.007341066556213533,
        -0.003921233108624204,
        -0.005083016710937555,
        0.04417004058497309,
        -0.010475063742237814,
        -0.009342049987931814,
        0.00012475072922730384,
        -0.02096930039106301,
        -0.017477050629589406,
        0.0073236935726463765,
        0.02215866663446695,
        -0.01000513396772523,
        0.0007129472738328568,
        -0.006381235639610857,
        -0.017161512550077328,
        -0.008196726140999235,
        -0.0034290029181755543,
        0.007030759555781256,
        -0.0011880893601569382,
        -0.020204946179123016,
        -0.00429373973807041
    ]
}