{
    "task": "unit_conversion_si_conversion",
    "expert_name": [
        "r-three/lora_baseline_qwen_lr3e-4_step400_rank64_unit_conversion_si_conversion",
        "sfutenma/lora_structeval_t_qwen3_4b_v260221-211258",
        "tehiro/qwen3-structeval-lora",
        "kmd2525/qwen3-4b-structured-output-lora-v5.2",
        "t-mizuma/qwen3-4b-structeval-lora-5",
        "worldmate/007kuma",
        "ksk740/model20260211",
        "YyUuYyAa/qwen3-4b-structured-output-lora-revised",
        "takao-nb/qwen3-4b-structured-submit10-lora",
        "sabia0080/qwen3-4b-sft-v0-cotv2-lr2e6-ep2-wd001",
        "sam-murayama/sam-qwen3-lora-16",
        "help2opensource/Qwen3-4B-Instruct-2507_mental_health",
        "pokke11/qwen3-4b-structured-output-lora3",
        "takao-nb/qwen3-4b-structured-submit16-lora",
        "Centkun/qwen3-4b-instruct-2507-lora-homework_vo6",
        "marukame332/final_asignment",
        "tsubasaka/lora-repo-v4",
        "Sumiokashi/qwen3-4b-structured-3k-mix-sft_lora-repo_ver34",
        "Kpitc5884/Kpitc5884-lora-repo",
        "yokobo-ai/qwen3-4b-so-lora-v10",
        "MMdesanQ1/your-lora-repo-v3",
        "Umezaki/sft-qwen-v2-lora8-upsample-adapter",
        "hiro877/your-lora-repo-structured-hard-sft-4-0205",
        "katsumi1701/qwen3-4b-structured-output-lora-sft2",
        "thetmon/c1",
        "tmiyamoto/qwen3-4b-agentbench-exp02",
        "yokobo-ai/qwen3-4b-so-lora-v8",
        "manamano88/qwen3-4b-structured-output-lora-v15-14",
        "kiratan/qwen3-4b-structeval-lora-87",
        "choco800/Qwen3-4B-SFT-v13"
    ],
    "train+valid_accuracy": 0.24,
    "test_accuracy": 0.17,
    "weights": [
        0.41382628820283063,
        0.005517298664884109,
        -0.06029277167952957,
        0.48152414496502693,
        -0.001556614448453791,
        -0.020124627065158683,
        -0.012020058278842607,
        0.052518318115688946,
        -0.00334730035795091,
        0.04208652707322327,
        -0.004607462840930152,
        -0.012637058670898468,
        0.035858829425056554,
        -0.003848382053287425,
        -0.0048087880173304474,
        0.006260124793863544,
        0.009706612503354648,
        0.008260196317820085,
        -0.04215361227071321,
        0.018118335549583427,
        0.057167468710417745,
        0.011556974593335767,
        -0.015103785955906961,
        0.07819276850991808,
        0.010883172994630843,
        0.015176790416541637,
        0.006009458434169922,
        0.015282799561669795,
        0.00495572025429337,
        -0.01517427746276988
    ]
}