{
    "task": "disfl_qa",
    "expert_name": [
        "r-three/lora_baseline_qwen_lr3e-4_step400_rank64_disfl_qa",
        "sfutenma/lora_structeval_t_qwen3_4b_v260221-211258",
        "tehiro/qwen3-structeval-lora",
        "kmd2525/qwen3-4b-structured-output-lora-v5.2",
        "t-mizuma/qwen3-4b-structeval-lora-5",
        "worldmate/007kuma",
        "ksk740/model20260211",
        "YyUuYyAa/qwen3-4b-structured-output-lora-revised",
        "takao-nb/qwen3-4b-structured-submit10-lora",
        "sabia0080/qwen3-4b-sft-v0-cotv2-lr2e6-ep2-wd001",
        "sam-murayama/sam-qwen3-lora-16",
        "help2opensource/Qwen3-4B-Instruct-2507_mental_health",
        "pokke11/qwen3-4b-structured-output-lora3",
        "takao-nb/qwen3-4b-structured-submit16-lora",
        "Centkun/qwen3-4b-instruct-2507-lora-homework_vo6",
        "marukame332/final_asignment",
        "tsubasaka/lora-repo-v4",
        "Sumiokashi/qwen3-4b-structured-3k-mix-sft_lora-repo_ver34",
        "Kpitc5884/Kpitc5884-lora-repo",
        "yokobo-ai/qwen3-4b-so-lora-v10",
        "MMdesanQ1/your-lora-repo-v3",
        "Umezaki/sft-qwen-v2-lora8-upsample-adapter",
        "hiro877/your-lora-repo-structured-hard-sft-4-0205",
        "katsumi1701/qwen3-4b-structured-output-lora-sft2",
        "thetmon/c1",
        "tmiyamoto/qwen3-4b-agentbench-exp02",
        "yokobo-ai/qwen3-4b-so-lora-v8",
        "manamano88/qwen3-4b-structured-output-lora-v15-14",
        "kiratan/qwen3-4b-structeval-lora-87",
        "choco800/Qwen3-4B-SFT-v13"
    ],
    "train+valid_accuracy": 0.38,
    "test_accuracy": 0.3525,
    "weights": [
        0.375854673095324,
        0.4516354355089503,
        0.0009348395644879461,
        0.5102300477633536,
        0.5119364788662307,
        0.49148397405212635,
        0.03850199798615516,
        -0.06441615554919922,
        -0.041786969217326775,
        -0.0337832088422616,
        -0.06927870080638995,
        -0.006578015097648493,
        -0.06539380036475818,
        -0.0401646418516613,
        -0.023484058134725982,
        0.45817437004572203,
        -0.02149837104591113,
        0.0056323694126417705,
        -0.013351049679065696,
        -0.052554633735693364,
        0.07579752038758619,
        -0.02123916496454538,
        0.06500555672287887,
        -0.07375993920827967,
        -0.0058655347257240385,
        -0.00579734500731563,
        -0.08630205787241589,
        -0.012291031871540924,
        -0.006186183149152052,
        -0.031150719326886896
    ]
}