{
    "task": "twitter_complaints",
    "expert_name": [
        "yochimachika/yochimachika-lora-repo07",
        "shokuma/qwen3-4b-structured-output-lora-20260217-1st",
        "Kaito-F/lora-repo-v18",
        "cjkasbdkjnlakb/agent-0927-05",
        "kochan13/qwen-qwen3-4b-structured-output-lora-26020502",
        "jmJapan/jm26",
        "Shusuke07/qwen3-4b-structured-output-lora-repo-1-3_2-3_01",
        "tmiyamoto/qwen3-4b-agentbench-exp02",
        "Shusuke07/qwen3-4b-structured-output-lora-repo-2-3_04",
        "fumikawa/a25-v0004",
        "cjkasbdkjnlakb/agnet-0906",
        "Tanayuya/qwen3-4b-structured-output-lora-ver2",
        "shinich001/qwen3-4b-5kmix-seq2k-ep1",
        "y-tani/lora_structeval_t_qwen3_4b_v8",
        "NibiruTwin/qwen3-4b-structured-output-lora-v6",
        "yokobo-ai/qwen3-4b-so-lora-v2",
        "hikahika/Qwen3-4B-Instruct-2507exp18",
        "takayosh/your-lora-repo",
        "Yuya0/qwen3-4b-lora_v1.8",
        "G7O8/lora_R8_A16_D005_epo2_LR1e4_structeval_t_qwen3_4b",
        "takeofuture/shibatake-SFT_2602071922",
        "sam-murayama/sam-qwen3-lora-15",
        "worldmate/004kuma",
        "Zsom1997/your-lora-repo-11r",
        "akamei/AK_1ep_4e-6_512_LORAdr_Decay_WU_0219",
        "takao-nb/qwen3-4b-structured-submit23-lora",
        "ortiz-ai/qwen3-4b-structured-output-lora_2ep_5e5_512_005_toml64",
        "okaba815/your-lora-repo",
        "Isk5434/qwen3-4b-structured-output-lora-onlydown2",
        "thetmon/c11"
    ],
    "train+valid_accuracy": 0.92,
    "test_accuracy": 0.8579710144927536,
    "weights": [
        -0.5035043407451221,
        0.03179052416425134,
        -0.25360237683077796,
        0.5047199796738806,
        0.0022528258130513827,
        0.7552731351448815,
        0.4929642463399101,
        -0.07870501797813363,
        0.3933057353172266,
        -0.1343758218060868,
        0.12243353292854245,
        -0.1541458625357632,
        0.04967326950600955,
        0.10960492431928645,
        0.07053952131384063,
        0.05252670904681024,
        0.06607747141516006,
        -0.050999403069885596,
        -0.061303593987289094,
        0.10021052452947816,
        0.07805245641973424,
        0.11603576962999648,
        0.041399565449343076,
        0.08560275744795022,
        0.07502406432352893,
        0.11078155945876213,
        0.1023194832001238,
        0.06568637234330771,
        0.10588655273093693,
        0.0699593152855173
    ]
}