{
    "task": "twitter_complaints",
    "expert_name": [
        "r-three/lora_baseline_qwen_lr3e-4_step400_rank64_twitter_complaints",
        "yochimachika/yochimachika-lora-repo07",
        "shokuma/qwen3-4b-structured-output-lora-20260217-1st",
        "Kaito-F/lora-repo-v18",
        "cjkasbdkjnlakb/agent-0927-05",
        "kochan13/qwen-qwen3-4b-structured-output-lora-26020502",
        "jmJapan/jm26",
        "Shusuke07/qwen3-4b-structured-output-lora-repo-1-3_2-3_01",
        "tmiyamoto/qwen3-4b-agentbench-exp02",
        "Shusuke07/qwen3-4b-structured-output-lora-repo-2-3_04",
        "fumikawa/a25-v0004",
        "cjkasbdkjnlakb/agnet-0906",
        "Tanayuya/qwen3-4b-structured-output-lora-ver2",
        "shinich001/qwen3-4b-5kmix-seq2k-ep1",
        "y-tani/lora_structeval_t_qwen3_4b_v8",
        "NibiruTwin/qwen3-4b-structured-output-lora-v6",
        "yokobo-ai/qwen3-4b-so-lora-v2",
        "hikahika/Qwen3-4B-Instruct-2507exp18",
        "takayosh/your-lora-repo",
        "Yuya0/qwen3-4b-lora_v1.8",
        "G7O8/lora_R8_A16_D005_epo2_LR1e4_structeval_t_qwen3_4b",
        "takeofuture/shibatake-SFT_2602071922",
        "sam-murayama/sam-qwen3-lora-15",
        "worldmate/004kuma",
        "Zsom1997/your-lora-repo-11r",
        "akamei/AK_1ep_4e-6_512_LORAdr_Decay_WU_0219",
        "takao-nb/qwen3-4b-structured-submit23-lora",
        "ortiz-ai/qwen3-4b-structured-output-lora_2ep_5e5_512_005_toml64",
        "okaba815/your-lora-repo",
        "Isk5434/qwen3-4b-structured-output-lora-onlydown2"
    ],
    "train+valid_accuracy": 0.89,
    "test_accuracy": 0.8492753623188406,
    "weights": [
        -0.2458528160468186,
        0.017685661410413334,
        0.029456121798880665,
        0.02539504524021411,
        0.44253577548944995,
        -0.2605543354677837,
        0.5871085807614543,
        0.47433757050557135,
        -0.05352041520839398,
        0.5359341737580499,
        -0.031315863519899484,
        -0.014919997361996241,
        -0.045318234869550104,
        0.03603439064474507,
        -0.027322259674408017,
        0.015248820122748176,
        -0.013102221164982797,
        0.007639962748812951,
        -0.00289665446143669,
        -0.012079814049385799,
        -0.014551666629200054,
        -0.019272379433247756,
        0.00740001371631231,
        0.0077776959832872895,
        -0.017446882243484976,
        0.030828011779747824,
        -0.026032984362523697,
        0.0509396152805441,
        0.08813840578921503,
        -0.005330749255147488
    ]
}