{
    "task": "twitter_financial_news_sentiment",
    "expert_name": [
        "yochimachika/yochimachika-lora-repo07",
        "shokuma/qwen3-4b-structured-output-lora-20260217-1st",
        "Kaito-F/lora-repo-v18",
        "cjkasbdkjnlakb/agent-0927-05",
        "kochan13/qwen-qwen3-4b-structured-output-lora-26020502",
        "jmJapan/jm26",
        "Shusuke07/qwen3-4b-structured-output-lora-repo-1-3_2-3_01",
        "tmiyamoto/qwen3-4b-agentbench-exp02",
        "Shusuke07/qwen3-4b-structured-output-lora-repo-2-3_04",
        "fumikawa/a25-v0004",
        "cjkasbdkjnlakb/agnet-0906",
        "Tanayuya/qwen3-4b-structured-output-lora-ver2",
        "shinich001/qwen3-4b-5kmix-seq2k-ep1",
        "y-tani/lora_structeval_t_qwen3_4b_v8",
        "NibiruTwin/qwen3-4b-structured-output-lora-v6",
        "yokobo-ai/qwen3-4b-so-lora-v2",
        "hikahika/Qwen3-4B-Instruct-2507exp18",
        "takayosh/your-lora-repo",
        "Yuya0/qwen3-4b-lora_v1.8",
        "G7O8/lora_R8_A16_D005_epo2_LR1e4_structeval_t_qwen3_4b",
        "takeofuture/shibatake-SFT_2602071922",
        "sam-murayama/sam-qwen3-lora-15",
        "worldmate/004kuma",
        "Zsom1997/your-lora-repo-11r",
        "akamei/AK_1ep_4e-6_512_LORAdr_Decay_WU_0219",
        "takao-nb/qwen3-4b-structured-submit23-lora",
        "ortiz-ai/qwen3-4b-structured-output-lora_2ep_5e5_512_005_toml64",
        "okaba815/your-lora-repo",
        "Isk5434/qwen3-4b-structured-output-lora-onlydown2",
        "thetmon/c11"
    ],
    "train+valid_accuracy": 0.7,
    "test_accuracy": 0.7424083769633508,
    "weights": [
        0.4933363887674017,
        -0.01116197649778047,
        -0.01105433977608091,
        0.5014190572028859,
        0.00014858878363506307,
        -0.019883289779460824,
        -0.0381208796838432,
        -0.0005487779676698788,
        0.0019790449410609723,
        -0.024011290822848183,
        0.49826025222252435,
        -0.01629593381410399,
        0.027585912318453493,
        -0.006226392297325745,
        -0.006910570930281378,
        -0.033998995006582565,
        -0.011212402286181896,
        -0.013274508120123285,
        -0.005277597932786843,
        -0.009345693903029294,
        -0.014471042025711657,
        -0.008665291695521967,
        -0.008164517816181976,
        -0.015300654492801134,
        -0.006655588690119541,
        -0.008141176466280868,
        -0.0076478403059231795,
        0.020233224400217065,
        0.4954668329063096,
        -0.00990806861177023
    ]
}