{
    "task": "medmcqa",
    "expert_name": [
        "r-three/lora_baseline_qwen_lr3e-4_step400_rank64_medmcqa",
        "yochimachika/yochimachika-lora-repo07",
        "shokuma/qwen3-4b-structured-output-lora-20260217-1st",
        "Kaito-F/lora-repo-v18",
        "cjkasbdkjnlakb/agent-0927-05",
        "kochan13/qwen-qwen3-4b-structured-output-lora-26020502",
        "jmJapan/jm26",
        "Shusuke07/qwen3-4b-structured-output-lora-repo-1-3_2-3_01",
        "tmiyamoto/qwen3-4b-agentbench-exp02",
        "Shusuke07/qwen3-4b-structured-output-lora-repo-2-3_04",
        "fumikawa/a25-v0004",
        "cjkasbdkjnlakb/agnet-0906",
        "Tanayuya/qwen3-4b-structured-output-lora-ver2",
        "shinich001/qwen3-4b-5kmix-seq2k-ep1",
        "y-tani/lora_structeval_t_qwen3_4b_v8",
        "NibiruTwin/qwen3-4b-structured-output-lora-v6",
        "yokobo-ai/qwen3-4b-so-lora-v2",
        "hikahika/Qwen3-4B-Instruct-2507exp18",
        "takayosh/your-lora-repo",
        "Yuya0/qwen3-4b-lora_v1.8",
        "G7O8/lora_R8_A16_D005_epo2_LR1e4_structeval_t_qwen3_4b",
        "takeofuture/shibatake-SFT_2602071922",
        "sam-murayama/sam-qwen3-lora-15",
        "worldmate/004kuma",
        "Zsom1997/your-lora-repo-11r",
        "akamei/AK_1ep_4e-6_512_LORAdr_Decay_WU_0219",
        "takao-nb/qwen3-4b-structured-submit23-lora",
        "ortiz-ai/qwen3-4b-structured-output-lora_2ep_5e5_512_005_toml64",
        "okaba815/your-lora-repo",
        "Isk5434/qwen3-4b-structured-output-lora-onlydown2"
    ],
    "train+valid_accuracy": 0.63,
    "test_accuracy": 0.5894,
    "weights": [
        0.49949492704654913,
        0.514540993661522,
        -0.02041160862623792,
        0.46678341989299676,
        -0.004288084796514101,
        -0.015198309627663522,
        -0.014733183075811618,
        0.0007856010180162787,
        0.012322583564902585,
        0.01341432920776663,
        0.011953369774539086,
        -0.01933303229516973,
        0.016656156521703012,
        -0.010019007559209238,
        -0.029606593459124232,
        0.0024668385669982134,
        0.024376618616741404,
        -0.030988911587876828,
        0.022803033674026727,
        -0.004621396840370192,
        -0.03716125576543924,
        -0.02002708381658915,
        -0.030964303472489463,
        -0.03050835712386767,
        0.05142207776033913,
        -0.0359454672807783,
        -0.003527225744723056,
        0.058422961546011745,
        -0.018338825933209298,
        -0.017142948526005217
    ]
}