{
    "task": "tracking_shuffled_objects",
    "expert_name": [
        "r-three/lora_baseline_qwen_lr3e-4_step400_rank64_tracking_shuffled_objects",
        "sfutenma/lora_structeval_t_qwen3_4b_v260221-211258",
        "tehiro/qwen3-structeval-lora",
        "kmd2525/qwen3-4b-structured-output-lora-v5.2",
        "t-mizuma/qwen3-4b-structeval-lora-5",
        "worldmate/007kuma",
        "ksk740/model20260211",
        "YyUuYyAa/qwen3-4b-structured-output-lora-revised",
        "takao-nb/qwen3-4b-structured-submit10-lora",
        "sabia0080/qwen3-4b-sft-v0-cotv2-lr2e6-ep2-wd001",
        "sam-murayama/sam-qwen3-lora-16",
        "help2opensource/Qwen3-4B-Instruct-2507_mental_health",
        "pokke11/qwen3-4b-structured-output-lora3",
        "takao-nb/qwen3-4b-structured-submit16-lora",
        "Centkun/qwen3-4b-instruct-2507-lora-homework_vo6",
        "marukame332/final_asignment",
        "tsubasaka/lora-repo-v4",
        "Sumiokashi/qwen3-4b-structured-3k-mix-sft_lora-repo_ver34",
        "Kpitc5884/Kpitc5884-lora-repo",
        "yokobo-ai/qwen3-4b-so-lora-v10",
        "MMdesanQ1/your-lora-repo-v3",
        "Umezaki/sft-qwen-v2-lora8-upsample-adapter",
        "hiro877/your-lora-repo-structured-hard-sft-4-0205",
        "katsumi1701/qwen3-4b-structured-output-lora-sft2",
        "thetmon/c1",
        "tmiyamoto/qwen3-4b-agentbench-exp02",
        "yokobo-ai/qwen3-4b-so-lora-v8",
        "manamano88/qwen3-4b-structured-output-lora-v15-14",
        "kiratan/qwen3-4b-structeval-lora-87",
        "choco800/Qwen3-4B-SFT-v13"
    ],
    "train+valid_accuracy": 0.23,
    "test_accuracy": 0.20266666666666666,
    "weights": [
        0.5093431236900614,
        0.5628276410767895,
        0.44004851049455557,
        -0.05277694370619286,
        0.01586578387735701,
        0.0036395280047663986,
        -0.034481718044959656,
        -0.056713683615983494,
        0.003865377946802695,
        -0.0020289430511076425,
        -0.026310475190774885,
        -0.03866915572998134,
        0.007708229417794439,
        0.01040120056125713,
        0.4878470527431423,
        -0.039509385994468765,
        -0.07340214670620368,
        -0.050081288171222045,
        -0.00011437990885305137,
        -0.06016484178126036,
        -0.013132041908887209,
        -0.020834298364452775,
        -0.05700287250132614,
        -0.07258194485078227,
        -0.04199138101122043,
        -0.1187798861714101,
        -0.08496354420829395,
        -0.0380908607243059,
        -0.05056815033460102,
        -0.03597538074278149
    ]
}