{
    "task": "super_glue_copa",
    "expert_name": [
        "yochimachika/yochimachika-lora-repo07",
        "shokuma/qwen3-4b-structured-output-lora-20260217-1st",
        "Kaito-F/lora-repo-v18",
        "cjkasbdkjnlakb/agent-0927-05",
        "kochan13/qwen-qwen3-4b-structured-output-lora-26020502",
        "jmJapan/jm26",
        "Shusuke07/qwen3-4b-structured-output-lora-repo-1-3_2-3_01",
        "tmiyamoto/qwen3-4b-agentbench-exp02",
        "Shusuke07/qwen3-4b-structured-output-lora-repo-2-3_04",
        "fumikawa/a25-v0004",
        "cjkasbdkjnlakb/agnet-0906",
        "Tanayuya/qwen3-4b-structured-output-lora-ver2",
        "shinich001/qwen3-4b-5kmix-seq2k-ep1",
        "y-tani/lora_structeval_t_qwen3_4b_v8",
        "NibiruTwin/qwen3-4b-structured-output-lora-v6",
        "yokobo-ai/qwen3-4b-so-lora-v2",
        "hikahika/Qwen3-4B-Instruct-2507exp18",
        "takayosh/your-lora-repo",
        "Yuya0/qwen3-4b-lora_v1.8",
        "G7O8/lora_R8_A16_D005_epo2_LR1e4_structeval_t_qwen3_4b",
        "takeofuture/shibatake-SFT_2602071922",
        "sam-murayama/sam-qwen3-lora-15",
        "worldmate/004kuma",
        "Zsom1997/your-lora-repo-11r",
        "akamei/AK_1ep_4e-6_512_LORAdr_Decay_WU_0219",
        "takao-nb/qwen3-4b-structured-submit23-lora",
        "ortiz-ai/qwen3-4b-structured-output-lora_2ep_5e5_512_005_toml64",
        "okaba815/your-lora-repo",
        "Isk5434/qwen3-4b-structured-output-lora-onlydown2",
        "thetmon/c11"
    ],
    "train+valid_accuracy": 0.79,
    "test_accuracy": 0.8,
    "weights": [
        -0.022427874075994867,
        -0.26848308508439467,
        0.49951767255347984,
        0.4456724704532453,
        -0.01207160993891615,
        0.5254791517206377,
        -0.007403654903900314,
        -0.015968745311248537,
        -0.057089398065366406,
        -0.00976521305261771,
        0.5230087157355122,
        -0.1301542992311317,
        -0.01889468260613884,
        0.005429316221222681,
        -0.017332172020223902,
        -0.011587910129423744,
        -0.017080244972452693,
        -0.06171407030113455,
        -0.10371199061782832,
        -0.004880387453007258,
        -0.04139642773368947,
        0.02941729234288989,
        -0.007306857939801622,
        0.02785743322338022,
        0.017853757080778618,
        0.004676421635136279,
        0.010413161352096606,
        -7.590260241970988e-05,
        -0.019175274015494258,
        -0.2089193009588803
    ]
}