{
    "task": "glue_qqp",
    "expert_name": [
        "r-three/lora_baseline_qwen_lr3e-4_step400_rank64_glue_qqp",
        "sfutenma/lora_structeval_t_qwen3_4b_v260221-211258",
        "tehiro/qwen3-structeval-lora",
        "kmd2525/qwen3-4b-structured-output-lora-v5.2",
        "t-mizuma/qwen3-4b-structeval-lora-5",
        "worldmate/007kuma",
        "ksk740/model20260211",
        "YyUuYyAa/qwen3-4b-structured-output-lora-revised",
        "takao-nb/qwen3-4b-structured-submit10-lora",
        "sabia0080/qwen3-4b-sft-v0-cotv2-lr2e6-ep2-wd001",
        "sam-murayama/sam-qwen3-lora-16",
        "help2opensource/Qwen3-4B-Instruct-2507_mental_health",
        "pokke11/qwen3-4b-structured-output-lora3",
        "takao-nb/qwen3-4b-structured-submit16-lora",
        "Centkun/qwen3-4b-instruct-2507-lora-homework_vo6",
        "marukame332/final_asignment",
        "tsubasaka/lora-repo-v4",
        "Sumiokashi/qwen3-4b-structured-3k-mix-sft_lora-repo_ver34",
        "Kpitc5884/Kpitc5884-lora-repo",
        "yokobo-ai/qwen3-4b-so-lora-v10",
        "MMdesanQ1/your-lora-repo-v3",
        "Umezaki/sft-qwen-v2-lora8-upsample-adapter",
        "hiro877/your-lora-repo-structured-hard-sft-4-0205",
        "katsumi1701/qwen3-4b-structured-output-lora-sft2",
        "thetmon/c1",
        "tmiyamoto/qwen3-4b-agentbench-exp02",
        "yokobo-ai/qwen3-4b-so-lora-v8",
        "manamano88/qwen3-4b-structured-output-lora-v15-14",
        "kiratan/qwen3-4b-structeval-lora-87",
        "choco800/Qwen3-4B-SFT-v13"
    ],
    "train+valid_accuracy": 0.84,
    "test_accuracy": 0.8176,
    "weights": [
        0.503220753473027,
        0.5098365082978283,
        -0.030973148155130907,
        -0.005180953497631341,
        0.05527272108660709,
        -0.012438245395159078,
        -0.03040289558655318,
        -0.007740771577732728,
        -0.006411210332730344,
        -0.017477270337816993,
        0.008234965067193853,
        -0.01826277820875925,
        -0.02231990788158743,
        -0.003392101377477043,
        -0.007597649204878952,
        0.0007396740729914805,
        -0.01281594728639053,
        0.014954978797388423,
        -0.018796001627332144,
        -0.01390273863108099,
        -0.02127895292607632,
        -0.00043504803626068597,
        -0.0035666337351147556,
        -0.035249747126075606,
        -0.01496778949620999,
        -0.013526018533783402,
        -0.042159192869729516,
        -5.214212104496255e-05,
        -0.002677201011769221,
        0.5010711504621862
    ]
}