{
    "task": "super_glue_boolq",
    "expert_name": [
        "yochimachika/yochimachika-lora-repo07",
        "shokuma/qwen3-4b-structured-output-lora-20260217-1st",
        "Kaito-F/lora-repo-v18",
        "cjkasbdkjnlakb/agent-0927-05",
        "kochan13/qwen-qwen3-4b-structured-output-lora-26020502",
        "jmJapan/jm26",
        "Shusuke07/qwen3-4b-structured-output-lora-repo-1-3_2-3_01",
        "tmiyamoto/qwen3-4b-agentbench-exp02",
        "Shusuke07/qwen3-4b-structured-output-lora-repo-2-3_04",
        "fumikawa/a25-v0004",
        "cjkasbdkjnlakb/agnet-0906",
        "Tanayuya/qwen3-4b-structured-output-lora-ver2",
        "shinich001/qwen3-4b-5kmix-seq2k-ep1",
        "y-tani/lora_structeval_t_qwen3_4b_v8",
        "NibiruTwin/qwen3-4b-structured-output-lora-v6",
        "yokobo-ai/qwen3-4b-so-lora-v2",
        "hikahika/Qwen3-4B-Instruct-2507exp18",
        "takayosh/your-lora-repo",
        "Yuya0/qwen3-4b-lora_v1.8",
        "G7O8/lora_R8_A16_D005_epo2_LR1e4_structeval_t_qwen3_4b",
        "takeofuture/shibatake-SFT_2602071922",
        "sam-murayama/sam-qwen3-lora-15",
        "worldmate/004kuma",
        "Zsom1997/your-lora-repo-11r",
        "akamei/AK_1ep_4e-6_512_LORAdr_Decay_WU_0219",
        "takao-nb/qwen3-4b-structured-submit23-lora",
        "ortiz-ai/qwen3-4b-structured-output-lora_2ep_5e5_512_005_toml64",
        "okaba815/your-lora-repo",
        "Isk5434/qwen3-4b-structured-output-lora-onlydown2",
        "thetmon/c11"
    ],
    "train+valid_accuracy": 0.84,
    "test_accuracy": 0.8515376458112407,
    "weights": [
        -0.028153874204294372,
        -0.006236527104951293,
        0.04585462121488278,
        0.39075959220905365,
        0.04312036426379681,
        0.042634514724516646,
        -0.27685629137407214,
        -0.04055124799241518,
        -0.3632954204411962,
        -0.195538442290452,
        0.5454027603271908,
        -0.20370828390822387,
        0.5878884681955284,
        0.25950664737678936,
        0.020628508618922913,
        0.13529652624846383,
        0.20107642092082245,
        0.7786668592454867,
        -0.321926194379377,
        0.3951297355722936,
        0.5647557191496263,
        0.07395744867381196,
        -0.1967858932215751,
        0.7202046558653842,
        -0.6336722148609227,
        -0.1295410185807057,
        0.09771285806345725,
        -0.44923725949065624,
        -0.1308727272475037,
        -0.0745706197659119
    ]
}