{
    "task": "tracking_shuffled_objects",
    "expert_name": [
        "sfutenma/lora_structeval_t_qwen3_4b_v260221-211258",
        "tehiro/qwen3-structeval-lora",
        "kmd2525/qwen3-4b-structured-output-lora-v5.2",
        "t-mizuma/qwen3-4b-structeval-lora-5",
        "worldmate/007kuma",
        "ksk740/model20260211",
        "YyUuYyAa/qwen3-4b-structured-output-lora-revised",
        "takao-nb/qwen3-4b-structured-submit10-lora",
        "sabia0080/qwen3-4b-sft-v0-cotv2-lr2e6-ep2-wd001",
        "sam-murayama/sam-qwen3-lora-16",
        "help2opensource/Qwen3-4B-Instruct-2507_mental_health",
        "pokke11/qwen3-4b-structured-output-lora3",
        "takao-nb/qwen3-4b-structured-submit16-lora",
        "Centkun/qwen3-4b-instruct-2507-lora-homework_vo6",
        "marukame332/final_asignment",
        "tsubasaka/lora-repo-v4",
        "Sumiokashi/qwen3-4b-structured-3k-mix-sft_lora-repo_ver34",
        "Kpitc5884/Kpitc5884-lora-repo",
        "yokobo-ai/qwen3-4b-so-lora-v10",
        "MMdesanQ1/your-lora-repo-v3",
        "Umezaki/sft-qwen-v2-lora8-upsample-adapter",
        "hiro877/your-lora-repo-structured-hard-sft-4-0205",
        "katsumi1701/qwen3-4b-structured-output-lora-sft2",
        "thetmon/c1",
        "tmiyamoto/qwen3-4b-agentbench-exp02",
        "yokobo-ai/qwen3-4b-so-lora-v8",
        "manamano88/qwen3-4b-structured-output-lora-v15-14",
        "kiratan/qwen3-4b-structeval-lora-87",
        "choco800/Qwen3-4B-SFT-v13",
        "kawashimas/qwen3-4b-lora-exp1"
    ],
    "train+valid_accuracy": 0.19,
    "test_accuracy": 0.18933333333333333,
    "weights": [
        0.7678405025611481,
        0.4934155273421503,
        0.4989742447211696,
        -0.01907271953025565,
        -0.08908533305833082,
        -0.09942393931386606,
        -0.22487452958738785,
        -0.014191053783265498,
        -0.06510199156722875,
        -0.15687049770469344,
        -0.007481043651378042,
        -0.13802353252696234,
        -0.023768010705573783,
        -0.05626284137009132,
        -0.029453767457008537,
        -0.06309536351068226,
        -0.08343815592138994,
        -0.06424557163502405,
        -0.06854232125233191,
        -0.2234907204641596,
        0.0017732264119766456,
        -0.07436882884728009,
        -0.16926476510571467,
        -0.16600642631636695,
        -0.10955327435268218,
        -0.08029216802320574,
        0.0011443528946032144,
        -0.0586074176902268,
        0.009853119919695673,
        -0.08443991620521193
    ]
}