{
    "task": "qa_wikidata",
    "expert_name": [
        "yochimachika/yochimachika-lora-repo07",
        "shokuma/qwen3-4b-structured-output-lora-20260217-1st",
        "Kaito-F/lora-repo-v18",
        "cjkasbdkjnlakb/agent-0927-05",
        "kochan13/qwen-qwen3-4b-structured-output-lora-26020502",
        "jmJapan/jm26",
        "Shusuke07/qwen3-4b-structured-output-lora-repo-1-3_2-3_01",
        "tmiyamoto/qwen3-4b-agentbench-exp02",
        "Shusuke07/qwen3-4b-structured-output-lora-repo-2-3_04",
        "fumikawa/a25-v0004",
        "cjkasbdkjnlakb/agnet-0906",
        "Tanayuya/qwen3-4b-structured-output-lora-ver2",
        "shinich001/qwen3-4b-5kmix-seq2k-ep1",
        "y-tani/lora_structeval_t_qwen3_4b_v8",
        "NibiruTwin/qwen3-4b-structured-output-lora-v6",
        "yokobo-ai/qwen3-4b-so-lora-v2",
        "hikahika/Qwen3-4B-Instruct-2507exp18",
        "takayosh/your-lora-repo",
        "Yuya0/qwen3-4b-lora_v1.8",
        "G7O8/lora_R8_A16_D005_epo2_LR1e4_structeval_t_qwen3_4b",
        "takeofuture/shibatake-SFT_2602071922",
        "sam-murayama/sam-qwen3-lora-15",
        "worldmate/004kuma",
        "Zsom1997/your-lora-repo-11r",
        "akamei/AK_1ep_4e-6_512_LORAdr_Decay_WU_0219",
        "takao-nb/qwen3-4b-structured-submit23-lora",
        "ortiz-ai/qwen3-4b-structured-output-lora_2ep_5e5_512_005_toml64",
        "okaba815/your-lora-repo",
        "Isk5434/qwen3-4b-structured-output-lora-onlydown2",
        "thetmon/c11"
    ],
    "train+valid_accuracy": 0.44,
    "test_accuracy": 0.4273838630806846,
    "weights": [
        0.38193023416444666,
        0.5172005324302592,
        0.3073918599545179,
        0.4732980229237909,
        0.03416923509500351,
        -0.09197499196133374,
        -0.2602566226850255,
        -0.002747396294158699,
        -0.35573004946337244,
        0.03494464393455701,
        0.7484727069142546,
        -0.1383432816578469,
        0.057971167819503545,
        0.041745391074259786,
        0.554973392160327,
        0.03902780808854169,
        0.027402772200217584,
        0.0364738122962905,
        -0.2303156956003491,
        -0.012158135858622434,
        -0.23400522112117975,
        -0.14505247405237442,
        0.02732168714245059,
        0.532227866705028,
        0.008875710463555895,
        0.03567535801264908,
        -0.038633540686729216,
        0.029880701482195033,
        0.017420605813290933,
        0.4290877905266821
    ]
}