{
    "task": "unarxive_imrad_clf",
    "expert_name": [
        "r-three/lora_baseline_qwen_lr3e-4_step400_rank64_unarxive_imrad_clf",
        "yochimachika/yochimachika-lora-repo07",
        "shokuma/qwen3-4b-structured-output-lora-20260217-1st",
        "Kaito-F/lora-repo-v18",
        "cjkasbdkjnlakb/agent-0927-05",
        "kochan13/qwen-qwen3-4b-structured-output-lora-26020502",
        "jmJapan/jm26",
        "Shusuke07/qwen3-4b-structured-output-lora-repo-1-3_2-3_01",
        "tmiyamoto/qwen3-4b-agentbench-exp02",
        "Shusuke07/qwen3-4b-structured-output-lora-repo-2-3_04",
        "fumikawa/a25-v0004",
        "cjkasbdkjnlakb/agnet-0906",
        "Tanayuya/qwen3-4b-structured-output-lora-ver2",
        "shinich001/qwen3-4b-5kmix-seq2k-ep1",
        "y-tani/lora_structeval_t_qwen3_4b_v8",
        "NibiruTwin/qwen3-4b-structured-output-lora-v6",
        "yokobo-ai/qwen3-4b-so-lora-v2",
        "hikahika/Qwen3-4B-Instruct-2507exp18",
        "takayosh/your-lora-repo",
        "Yuya0/qwen3-4b-lora_v1.8",
        "G7O8/lora_R8_A16_D005_epo2_LR1e4_structeval_t_qwen3_4b",
        "takeofuture/shibatake-SFT_2602071922",
        "sam-murayama/sam-qwen3-lora-15",
        "worldmate/004kuma",
        "Zsom1997/your-lora-repo-11r",
        "akamei/AK_1ep_4e-6_512_LORAdr_Decay_WU_0219",
        "takao-nb/qwen3-4b-structured-submit23-lora",
        "ortiz-ai/qwen3-4b-structured-output-lora_2ep_5e5_512_005_toml64",
        "okaba815/your-lora-repo",
        "Isk5434/qwen3-4b-structured-output-lora-onlydown2"
    ],
    "train+valid_accuracy": 0.67,
    "test_accuracy": 0.5496888175065248,
    "weights": [
        0.5786932750800617,
        0.48252154426605925,
        0.4838904239191138,
        -0.01730549072373953,
        -0.01608326525830098,
        -0.0020597264442193623,
        -0.01563520750101947,
        0.011286720562549566,
        -0.01600570459820171,
        0.007067660384397322,
        0.047396437833980565,
        0.48430193467168803,
        -0.005882354574461457,
        -0.017645729280920622,
        0.0013478518496712962,
        -0.023675249654990536,
        -0.019581061980379892,
        -0.007170706713578855,
        0.04058732510542561,
        -0.014123356561252232,
        -0.0038824266012182323,
        -0.008146274184020825,
        -0.01985858550781482,
        -0.006305718756143513,
        0.03459928324857078,
        -0.009746041490350783,
        -0.00047611014874030357,
        -0.025596397602929647,
        -0.009423191307657987,
        -0.0013735935382893493
    ]
}