{
    "task": "mmlu_combined",
    "expert_name": [
        "r-three/lora_baseline_qwen_lr3e-4_step400_rank64_mmlu_combined",
        "yochimachika/yochimachika-lora-repo07",
        "shokuma/qwen3-4b-structured-output-lora-20260217-1st",
        "Kaito-F/lora-repo-v18",
        "cjkasbdkjnlakb/agent-0927-05",
        "kochan13/qwen-qwen3-4b-structured-output-lora-26020502",
        "jmJapan/jm26",
        "Shusuke07/qwen3-4b-structured-output-lora-repo-1-3_2-3_01",
        "tmiyamoto/qwen3-4b-agentbench-exp02",
        "Shusuke07/qwen3-4b-structured-output-lora-repo-2-3_04",
        "fumikawa/a25-v0004",
        "cjkasbdkjnlakb/agnet-0906",
        "Tanayuya/qwen3-4b-structured-output-lora-ver2",
        "shinich001/qwen3-4b-5kmix-seq2k-ep1",
        "y-tani/lora_structeval_t_qwen3_4b_v8",
        "NibiruTwin/qwen3-4b-structured-output-lora-v6",
        "yokobo-ai/qwen3-4b-so-lora-v2",
        "hikahika/Qwen3-4B-Instruct-2507exp18",
        "takayosh/your-lora-repo",
        "Yuya0/qwen3-4b-lora_v1.8",
        "G7O8/lora_R8_A16_D005_epo2_LR1e4_structeval_t_qwen3_4b",
        "takeofuture/shibatake-SFT_2602071922",
        "sam-murayama/sam-qwen3-lora-15",
        "worldmate/004kuma",
        "Zsom1997/your-lora-repo-11r",
        "akamei/AK_1ep_4e-6_512_LORAdr_Decay_WU_0219",
        "takao-nb/qwen3-4b-structured-submit23-lora",
        "ortiz-ai/qwen3-4b-structured-output-lora_2ep_5e5_512_005_toml64",
        "okaba815/your-lora-repo",
        "Isk5434/qwen3-4b-structured-output-lora-onlydown2"
    ],
    "train+valid_accuracy": 0.76,
    "test_accuracy": 0.6254545454545455,
    "weights": [
        0.6798254250793736,
        0.5406181775937688,
        0.5031333331134991,
        -0.12151419792924707,
        0.0034773061899153372,
        -0.06599472158239837,
        -0.028890055338520473,
        -0.07570643178583285,
        0.5673447684337036,
        0.048679124906273886,
        -0.0837705597060057,
        0.5705568004982571,
        0.1286916709632133,
        -0.05536057479498624,
        0.02463911306560859,
        0.03208021134391626,
        -0.07399429992703534,
        -0.032379454151183984,
        0.00016466147232723806,
        -0.0958574261019028,
        -0.03292284711289252,
        0.010329102532598796,
        -0.03211959084939558,
        0.0043617230553396275,
        -0.040100519753265514,
        -0.09749210728827039,
        -0.05148052258652276,
        -0.03676722784046794,
        -0.055256094150303955,
        -0.015694328963652526
    ]
}