{
    "task": "multistep_arithmetic",
    "expert_name": [
        "sfutenma/lora_structeval_t_qwen3_4b_v260221-211258",
        "tehiro/qwen3-structeval-lora",
        "kmd2525/qwen3-4b-structured-output-lora-v5.2",
        "t-mizuma/qwen3-4b-structeval-lora-5",
        "worldmate/007kuma",
        "ksk740/model20260211",
        "YyUuYyAa/qwen3-4b-structured-output-lora-revised",
        "takao-nb/qwen3-4b-structured-submit10-lora",
        "sabia0080/qwen3-4b-sft-v0-cotv2-lr2e6-ep2-wd001",
        "sam-murayama/sam-qwen3-lora-16",
        "help2opensource/Qwen3-4B-Instruct-2507_mental_health",
        "pokke11/qwen3-4b-structured-output-lora3",
        "takao-nb/qwen3-4b-structured-submit16-lora",
        "Centkun/qwen3-4b-instruct-2507-lora-homework_vo6",
        "marukame332/final_asignment",
        "tsubasaka/lora-repo-v4",
        "Sumiokashi/qwen3-4b-structured-3k-mix-sft_lora-repo_ver34",
        "Kpitc5884/Kpitc5884-lora-repo",
        "yokobo-ai/qwen3-4b-so-lora-v10",
        "MMdesanQ1/your-lora-repo-v3",
        "Umezaki/sft-qwen-v2-lora8-upsample-adapter",
        "hiro877/your-lora-repo-structured-hard-sft-4-0205",
        "katsumi1701/qwen3-4b-structured-output-lora-sft2",
        "thetmon/c1",
        "tmiyamoto/qwen3-4b-agentbench-exp02",
        "yokobo-ai/qwen3-4b-so-lora-v8",
        "manamano88/qwen3-4b-structured-output-lora-v15-14",
        "kiratan/qwen3-4b-structeval-lora-87",
        "choco800/Qwen3-4B-SFT-v13",
        "kawashimas/qwen3-4b-lora-exp1"
    ],
    "train+valid_accuracy": 0.13,
    "test_accuracy": 0.16666666666666666,
    "weights": [
        0.43355863678157225,
        0.5373647978019018,
        0.48836726983843326,
        0.46538997397396575,
        -0.038039693539007116,
        -0.05172574943296337,
        -0.026039030006930072,
        0.42586905048113083,
        0.056690520113749435,
        0.01393318359889011,
        0.10321617014504915,
        0.03859806330458971,
        0.1415173639674897,
        0.17577786276428511,
        0.10796040178821018,
        0.12163442873211414,
        0.7008059170475374,
        -0.09487406783543441,
        -0.046136422808482715,
        0.007724755521001683,
        0.02422591118437352,
        0.06927865786391547,
        0.04198097494755063,
        -0.016533825944990175,
        -0.1013130507659782,
        -0.06359263778399758,
        -0.009991500216245106,
        -0.0038496961685623287,
        0.033158186243031476,
        -0.06148476933955105
    ]
}