{
    "task": "commonsense_qa",
    "expert_name": [
        "yochimachika/yochimachika-lora-repo07",
        "shokuma/qwen3-4b-structured-output-lora-20260217-1st",
        "Kaito-F/lora-repo-v18",
        "cjkasbdkjnlakb/agent-0927-05",
        "kochan13/qwen-qwen3-4b-structured-output-lora-26020502",
        "jmJapan/jm26",
        "Shusuke07/qwen3-4b-structured-output-lora-repo-1-3_2-3_01",
        "tmiyamoto/qwen3-4b-agentbench-exp02",
        "Shusuke07/qwen3-4b-structured-output-lora-repo-2-3_04",
        "fumikawa/a25-v0004",
        "cjkasbdkjnlakb/agnet-0906",
        "Tanayuya/qwen3-4b-structured-output-lora-ver2",
        "shinich001/qwen3-4b-5kmix-seq2k-ep1",
        "y-tani/lora_structeval_t_qwen3_4b_v8",
        "NibiruTwin/qwen3-4b-structured-output-lora-v6",
        "yokobo-ai/qwen3-4b-so-lora-v2",
        "hikahika/Qwen3-4B-Instruct-2507exp18",
        "takayosh/your-lora-repo",
        "Yuya0/qwen3-4b-lora_v1.8",
        "G7O8/lora_R8_A16_D005_epo2_LR1e4_structeval_t_qwen3_4b",
        "takeofuture/shibatake-SFT_2602071922",
        "sam-murayama/sam-qwen3-lora-15",
        "worldmate/004kuma",
        "Zsom1997/your-lora-repo-11r",
        "akamei/AK_1ep_4e-6_512_LORAdr_Decay_WU_0219",
        "takao-nb/qwen3-4b-structured-submit23-lora",
        "ortiz-ai/qwen3-4b-structured-output-lora_2ep_5e5_512_005_toml64",
        "okaba815/your-lora-repo",
        "Isk5434/qwen3-4b-structured-output-lora-onlydown2",
        "thetmon/c11"
    ],
    "train+valid_accuracy": 0.47,
    "test_accuracy": 0.5302564102564102,
    "weights": [
        0.666620041544802,
        0.11596903435105796,
        -0.13295953214220635,
        0.08865166654135855,
        -0.1027587654674151,
        -0.018784862217799066,
        -0.4714969367739629,
        -0.17295146860519234,
        -0.16398541010813322,
        -0.23135062682977084,
        0.3576237716332062,
        -0.044407850328469015,
        0.516986546992323,
        0.47886024169641267,
        0.13205578899874218,
        -0.03145768305666627,
        0.7463472189051957,
        -0.13638565636113964,
        -0.36809572626608233,
        -0.23846412850204335,
        0.2953247597436207,
        0.5222244338891033,
        -0.2509415699760412,
        0.53244834717423,
        -0.03923370927489909,
        0.5524257126424631,
        -0.2960062680558891,
        -0.05493226782725445,
        -0.07648369847325363,
        0.4565118529615323
    ]
}