{
    "task": "typescript_chunks",
    "expert_name": [
        "sfutenma/lora_structeval_t_qwen3_4b_v260221-211258",
        "tehiro/qwen3-structeval-lora",
        "kmd2525/qwen3-4b-structured-output-lora-v5.2",
        "t-mizuma/qwen3-4b-structeval-lora-5",
        "worldmate/007kuma",
        "ksk740/model20260211",
        "YyUuYyAa/qwen3-4b-structured-output-lora-revised",
        "takao-nb/qwen3-4b-structured-submit10-lora",
        "sabia0080/qwen3-4b-sft-v0-cotv2-lr2e6-ep2-wd001",
        "sam-murayama/sam-qwen3-lora-16",
        "help2opensource/Qwen3-4B-Instruct-2507_mental_health",
        "pokke11/qwen3-4b-structured-output-lora3",
        "takao-nb/qwen3-4b-structured-submit16-lora",
        "Centkun/qwen3-4b-instruct-2507-lora-homework_vo6",
        "marukame332/final_asignment",
        "tsubasaka/lora-repo-v4",
        "Sumiokashi/qwen3-4b-structured-3k-mix-sft_lora-repo_ver34",
        "Kpitc5884/Kpitc5884-lora-repo",
        "yokobo-ai/qwen3-4b-so-lora-v10",
        "MMdesanQ1/your-lora-repo-v3",
        "Umezaki/sft-qwen-v2-lora8-upsample-adapter",
        "hiro877/your-lora-repo-structured-hard-sft-4-0205",
        "katsumi1701/qwen3-4b-structured-output-lora-sft2",
        "thetmon/c1",
        "tmiyamoto/qwen3-4b-agentbench-exp02",
        "yokobo-ai/qwen3-4b-so-lora-v8",
        "manamano88/qwen3-4b-structured-output-lora-v15-14",
        "kiratan/qwen3-4b-structeval-lora-87",
        "choco800/Qwen3-4B-SFT-v13",
        "kawashimas/qwen3-4b-lora-exp1"
    ],
    "train+valid_accuracy": 0.92,
    "test_accuracy": 0.9404,
    "weights": [
        0.06557040111743853,
        -0.006980746867300773,
        -0.00966286507706688,
        -0.014039400964643236,
        -0.012630605254802878,
        0.017587063269259663,
        -0.006624119316202461,
        0.016516325513049605,
        -0.006557297421123495,
        0.04376405058856147,
        -0.00544306565776091,
        -0.018322210769536187,
        -0.006525019307334049,
        -0.020737348209929545,
        -0.018687690315237537,
        -0.005559755235876607,
        -0.005516762926799075,
        -0.030231257773837387,
        -0.029382539619296037,
        0.02031418586799068,
        0.0016573965371973745,
        0.004194995629668026,
        -0.030244290115849302,
        -0.019642209529185377,
        0.006929788611781382,
        -0.003171564273354372,
        -0.010826412607159174,
        -0.010652848804389456,
        0.5391946784439922,
        0.038617411404148067
    ]
}