{
    "task": "ade_corpus_v2",
    "expert_name": [
        "yochimachika/yochimachika-lora-repo07",
        "shokuma/qwen3-4b-structured-output-lora-20260217-1st",
        "Kaito-F/lora-repo-v18",
        "cjkasbdkjnlakb/agent-0927-05",
        "kochan13/qwen-qwen3-4b-structured-output-lora-26020502",
        "jmJapan/jm26",
        "Shusuke07/qwen3-4b-structured-output-lora-repo-1-3_2-3_01",
        "tmiyamoto/qwen3-4b-agentbench-exp02",
        "Shusuke07/qwen3-4b-structured-output-lora-repo-2-3_04",
        "fumikawa/a25-v0004",
        "cjkasbdkjnlakb/agnet-0906",
        "Tanayuya/qwen3-4b-structured-output-lora-ver2",
        "shinich001/qwen3-4b-5kmix-seq2k-ep1",
        "y-tani/lora_structeval_t_qwen3_4b_v8",
        "NibiruTwin/qwen3-4b-structured-output-lora-v6",
        "yokobo-ai/qwen3-4b-so-lora-v2",
        "hikahika/Qwen3-4B-Instruct-2507exp18",
        "takayosh/your-lora-repo",
        "Yuya0/qwen3-4b-lora_v1.8",
        "G7O8/lora_R8_A16_D005_epo2_LR1e4_structeval_t_qwen3_4b",
        "takeofuture/shibatake-SFT_2602071922",
        "sam-murayama/sam-qwen3-lora-15",
        "worldmate/004kuma",
        "Zsom1997/your-lora-repo-11r",
        "akamei/AK_1ep_4e-6_512_LORAdr_Decay_WU_0219",
        "takao-nb/qwen3-4b-structured-submit23-lora",
        "ortiz-ai/qwen3-4b-structured-output-lora_2ep_5e5_512_005_toml64",
        "okaba815/your-lora-repo",
        "Isk5434/qwen3-4b-structured-output-lora-onlydown2",
        "thetmon/c11"
    ],
    "train+valid_accuracy": 0.79,
    "test_accuracy": 0.7988945578231292,
    "weights": [
        0.5025226144349082,
        -0.0014272066126383815,
        0.49999016909186417,
        0.5013273025004636,
        -0.02201365954873628,
        -0.0023438074246900607,
        -0.0015531490152608035,
        0.0021771805567846634,
        -0.0066763179806589995,
        -0.0007075187084575184,
        0.0014245333920894984,
        -0.006873099767206539,
        0.028101842919874415,
        -0.017066168906670308,
        -0.0065401896663670805,
        -0.026767518937641958,
        -0.02290433591149709,
        0.00503942372549948,
        0.04621243907828835,
        0.03166816733203677,
        -0.0002646687156704215,
        0.013718645300295245,
        -0.023665926195909695,
        0.027058502107870887,
        0.005777034914723294,
        -0.02093458090759259,
        0.4823231508775805,
        0.5036340921315678,
        -0.0007843311337705686,
        0.000786235287297939
    ]
}