{
    "task": "cryptonews_articles",
    "expert_name": [
        "yochimachika/yochimachika-lora-repo07",
        "shokuma/qwen3-4b-structured-output-lora-20260217-1st",
        "Kaito-F/lora-repo-v18",
        "cjkasbdkjnlakb/agent-0927-05",
        "kochan13/qwen-qwen3-4b-structured-output-lora-26020502",
        "jmJapan/jm26",
        "Shusuke07/qwen3-4b-structured-output-lora-repo-1-3_2-3_01",
        "tmiyamoto/qwen3-4b-agentbench-exp02",
        "Shusuke07/qwen3-4b-structured-output-lora-repo-2-3_04",
        "fumikawa/a25-v0004",
        "cjkasbdkjnlakb/agnet-0906",
        "Tanayuya/qwen3-4b-structured-output-lora-ver2",
        "shinich001/qwen3-4b-5kmix-seq2k-ep1",
        "y-tani/lora_structeval_t_qwen3_4b_v8",
        "NibiruTwin/qwen3-4b-structured-output-lora-v6",
        "yokobo-ai/qwen3-4b-so-lora-v2",
        "hikahika/Qwen3-4B-Instruct-2507exp18",
        "takayosh/your-lora-repo",
        "Yuya0/qwen3-4b-lora_v1.8",
        "G7O8/lora_R8_A16_D005_epo2_LR1e4_structeval_t_qwen3_4b",
        "takeofuture/shibatake-SFT_2602071922",
        "sam-murayama/sam-qwen3-lora-15",
        "worldmate/004kuma",
        "Zsom1997/your-lora-repo-11r",
        "akamei/AK_1ep_4e-6_512_LORAdr_Decay_WU_0219",
        "takao-nb/qwen3-4b-structured-submit23-lora",
        "ortiz-ai/qwen3-4b-structured-output-lora_2ep_5e5_512_005_toml64",
        "okaba815/your-lora-repo",
        "Isk5434/qwen3-4b-structured-output-lora-onlydown2",
        "thetmon/c11"
    ],
    "train+valid_accuracy": 0.45,
    "test_accuracy": 0.4424,
    "weights": [
        0.9131768324927602,
        -0.1745484803447326,
        0.5281261468628922,
        0.5247151772917893,
        -0.47347662453240197,
        0.2738737174000647,
        -0.03623201212153817,
        0.187356100611033,
        -0.02947914145086694,
        -0.36008665931127715,
        0.17599865964494976,
        0.42321706828229555,
        0.5199850950935899,
        0.3223057420388497,
        0.21058491191217202,
        0.3391004443414552,
        -0.06482036714486561,
        -0.20834766621525222,
        -0.02614643959514079,
        1.0103184405640189,
        0.17753751398773313,
        -0.713091206446907,
        -0.04665555162094043,
        -0.11837334189255637,
        -0.2941470903963495,
        0.16440654420713194,
        0.06981739504447389,
        -0.19827816425184977,
        0.04967686235128356,
        0.8124554628607377
    ]
}