{
    "task": "mnist_ascii",
    "expert_name": [
        "yochimachika/yochimachika-lora-repo07",
        "shokuma/qwen3-4b-structured-output-lora-20260217-1st",
        "Kaito-F/lora-repo-v18",
        "cjkasbdkjnlakb/agent-0927-05",
        "kochan13/qwen-qwen3-4b-structured-output-lora-26020502",
        "jmJapan/jm26",
        "Shusuke07/qwen3-4b-structured-output-lora-repo-1-3_2-3_01",
        "tmiyamoto/qwen3-4b-agentbench-exp02",
        "Shusuke07/qwen3-4b-structured-output-lora-repo-2-3_04",
        "fumikawa/a25-v0004",
        "cjkasbdkjnlakb/agnet-0906",
        "Tanayuya/qwen3-4b-structured-output-lora-ver2",
        "shinich001/qwen3-4b-5kmix-seq2k-ep1",
        "y-tani/lora_structeval_t_qwen3_4b_v8",
        "NibiruTwin/qwen3-4b-structured-output-lora-v6",
        "yokobo-ai/qwen3-4b-so-lora-v2",
        "hikahika/Qwen3-4B-Instruct-2507exp18",
        "takayosh/your-lora-repo",
        "Yuya0/qwen3-4b-lora_v1.8",
        "G7O8/lora_R8_A16_D005_epo2_LR1e4_structeval_t_qwen3_4b",
        "takeofuture/shibatake-SFT_2602071922",
        "sam-murayama/sam-qwen3-lora-15",
        "worldmate/004kuma",
        "Zsom1997/your-lora-repo-11r",
        "akamei/AK_1ep_4e-6_512_LORAdr_Decay_WU_0219",
        "takao-nb/qwen3-4b-structured-submit23-lora",
        "ortiz-ai/qwen3-4b-structured-output-lora_2ep_5e5_512_005_toml64",
        "okaba815/your-lora-repo",
        "Isk5434/qwen3-4b-structured-output-lora-onlydown2",
        "thetmon/c11"
    ],
    "train+valid_accuracy": 0.07,
    "test_accuracy": 0.0988,
    "weights": [
        0.5081827250888059,
        0.46494582223422415,
        -0.034556465829469765,
        0.5132348602476483,
        0.0007165000948326696,
        -0.0326181806608368,
        -0.004963691520506729,
        0.022573033322471105,
        -0.0193972461594785,
        0.08489632434287803,
        -0.008182139141872541,
        0.0207902261250921,
        -0.006961066636666873,
        0.030681718092886397,
        0.022726235894873038,
        -0.016518791160497495,
        -0.04806039645172456,
        0.03500746419549173,
        0.0639293702657379,
        -0.010222287576473216,
        0.025345081541990194,
        -0.02956080277363088,
        -0.05342285724732829,
        -0.051518293983914984,
        -0.009679786454095219,
        -0.01542403252338008,
        -0.00635779919077523,
        -0.0018776290960648197,
        0.034574053491261934,
        0.06119561433073201
    ]
}