{
    "task": "xnli_es",
    "expert_name": [
        "r-three/lora_baseline_qwen_lr3e-4_step400_rank64_xnli_es",
        "sfutenma/lora_structeval_t_qwen3_4b_v260221-211258",
        "tehiro/qwen3-structeval-lora",
        "kmd2525/qwen3-4b-structured-output-lora-v5.2",
        "t-mizuma/qwen3-4b-structeval-lora-5",
        "worldmate/007kuma",
        "ksk740/model20260211",
        "YyUuYyAa/qwen3-4b-structured-output-lora-revised",
        "takao-nb/qwen3-4b-structured-submit10-lora",
        "sabia0080/qwen3-4b-sft-v0-cotv2-lr2e6-ep2-wd001",
        "sam-murayama/sam-qwen3-lora-16",
        "help2opensource/Qwen3-4B-Instruct-2507_mental_health",
        "pokke11/qwen3-4b-structured-output-lora3",
        "takao-nb/qwen3-4b-structured-submit16-lora",
        "Centkun/qwen3-4b-instruct-2507-lora-homework_vo6",
        "marukame332/final_asignment",
        "tsubasaka/lora-repo-v4",
        "Sumiokashi/qwen3-4b-structured-3k-mix-sft_lora-repo_ver34",
        "Kpitc5884/Kpitc5884-lora-repo",
        "yokobo-ai/qwen3-4b-so-lora-v10",
        "MMdesanQ1/your-lora-repo-v3",
        "Umezaki/sft-qwen-v2-lora8-upsample-adapter",
        "hiro877/your-lora-repo-structured-hard-sft-4-0205",
        "katsumi1701/qwen3-4b-structured-output-lora-sft2",
        "thetmon/c1",
        "tmiyamoto/qwen3-4b-agentbench-exp02",
        "yokobo-ai/qwen3-4b-so-lora-v8",
        "manamano88/qwen3-4b-structured-output-lora-v15-14",
        "kiratan/qwen3-4b-structeval-lora-87",
        "choco800/Qwen3-4B-SFT-v13"
    ],
    "train+valid_accuracy": 0.74,
    "test_accuracy": 0.7362,
    "weights": [
        0.5910291548055839,
        0.382507572181652,
        0.34788450630483947,
        -0.04156253079925144,
        0.5004293696830591,
        -0.04606177724460003,
        -0.09038550109011138,
        -0.003796358224108911,
        0.0020340948591190075,
        0.009821759000555146,
        -0.06446256810947418,
        0.008406468533343987,
        -0.08582224651299514,
        0.010683768621306735,
        0.0010104429011621385,
        0.009782510197232723,
        0.007570380297926144,
        -0.03065438276962309,
        -0.022828848101727785,
        -0.00544927727303119,
        0.11870965580404459,
        -0.005292754371884203,
        0.015280453192779927,
        -0.049306469210785756,
        0.02809584914244507,
        -0.080658331300415,
        0.013045720448197583,
        -0.021836777882795894,
        0.009690684362314636,
        0.5549017405095213
    ]
}