{
    "task": "hyperbaton",
    "expert_name": [
        "r-three/lora_baseline_qwen_lr3e-4_step400_rank64_hyperbaton",
        "yochimachika/yochimachika-lora-repo07",
        "shokuma/qwen3-4b-structured-output-lora-20260217-1st",
        "Kaito-F/lora-repo-v18",
        "cjkasbdkjnlakb/agent-0927-05",
        "kochan13/qwen-qwen3-4b-structured-output-lora-26020502",
        "jmJapan/jm26",
        "Shusuke07/qwen3-4b-structured-output-lora-repo-1-3_2-3_01",
        "tmiyamoto/qwen3-4b-agentbench-exp02",
        "Shusuke07/qwen3-4b-structured-output-lora-repo-2-3_04",
        "fumikawa/a25-v0004",
        "cjkasbdkjnlakb/agnet-0906",
        "Tanayuya/qwen3-4b-structured-output-lora-ver2",
        "shinich001/qwen3-4b-5kmix-seq2k-ep1",
        "y-tani/lora_structeval_t_qwen3_4b_v8",
        "NibiruTwin/qwen3-4b-structured-output-lora-v6",
        "yokobo-ai/qwen3-4b-so-lora-v2",
        "hikahika/Qwen3-4B-Instruct-2507exp18",
        "takayosh/your-lora-repo",
        "Yuya0/qwen3-4b-lora_v1.8",
        "G7O8/lora_R8_A16_D005_epo2_LR1e4_structeval_t_qwen3_4b",
        "takeofuture/shibatake-SFT_2602071922",
        "sam-murayama/sam-qwen3-lora-15",
        "worldmate/004kuma",
        "Zsom1997/your-lora-repo-11r",
        "akamei/AK_1ep_4e-6_512_LORAdr_Decay_WU_0219",
        "takao-nb/qwen3-4b-structured-submit23-lora",
        "ortiz-ai/qwen3-4b-structured-output-lora_2ep_5e5_512_005_toml64",
        "okaba815/your-lora-repo",
        "Isk5434/qwen3-4b-structured-output-lora-onlydown2"
    ],
    "train+valid_accuracy": 0.5,
    "test_accuracy": 0.5114,
    "weights": [
        0.005842426904019899,
        0.49870689945806446,
        0.48898025168897824,
        0.49554628702718384,
        0.5221607868278478,
        -0.03660610803921538,
        0.014182231617736803,
        0.026011602569452973,
        0.5053141485403957,
        0.015793666458485484,
        0.009126327815952281,
        0.040426573018357656,
        -0.014117015583389448,
        0.003283393125094427,
        -0.003491726430212293,
        -0.002222937759426236,
        -0.010420268195320211,
        0.04278948120827856,
        -0.032586155129359466,
        -0.003895554790986723,
        -0.009003605211798753,
        0.0056108439044704195,
        -0.014506087850915391,
        -0.04835835196876405,
        0.0009862510571168742,
        0.017423505146745167,
        0.031127382306712165,
        0.5279635636984437,
        0.0035856940211523858,
        0.001752699376408871
    ]
}