{
    "task": "super_glue_wic",
    "expert_name": [
        "r-three/lora_baseline_qwen_lr3e-4_step400_rank64_super_glue_wic",
        "sfutenma/lora_structeval_t_qwen3_4b_v260221-211258",
        "tehiro/qwen3-structeval-lora",
        "kmd2525/qwen3-4b-structured-output-lora-v5.2",
        "t-mizuma/qwen3-4b-structeval-lora-5",
        "worldmate/007kuma",
        "ksk740/model20260211",
        "YyUuYyAa/qwen3-4b-structured-output-lora-revised",
        "takao-nb/qwen3-4b-structured-submit10-lora",
        "sabia0080/qwen3-4b-sft-v0-cotv2-lr2e6-ep2-wd001",
        "sam-murayama/sam-qwen3-lora-16",
        "help2opensource/Qwen3-4B-Instruct-2507_mental_health",
        "pokke11/qwen3-4b-structured-output-lora3",
        "takao-nb/qwen3-4b-structured-submit16-lora",
        "Centkun/qwen3-4b-instruct-2507-lora-homework_vo6",
        "marukame332/final_asignment",
        "tsubasaka/lora-repo-v4",
        "Sumiokashi/qwen3-4b-structured-3k-mix-sft_lora-repo_ver34",
        "Kpitc5884/Kpitc5884-lora-repo",
        "yokobo-ai/qwen3-4b-so-lora-v10",
        "MMdesanQ1/your-lora-repo-v3",
        "Umezaki/sft-qwen-v2-lora8-upsample-adapter",
        "hiro877/your-lora-repo-structured-hard-sft-4-0205",
        "katsumi1701/qwen3-4b-structured-output-lora-sft2",
        "thetmon/c1",
        "tmiyamoto/qwen3-4b-agentbench-exp02",
        "yokobo-ai/qwen3-4b-so-lora-v8",
        "manamano88/qwen3-4b-structured-output-lora-v15-14",
        "kiratan/qwen3-4b-structeval-lora-87",
        "choco800/Qwen3-4B-SFT-v13"
    ],
    "train+valid_accuracy": 0.73,
    "test_accuracy": 0.7440147329650092,
    "weights": [
        0.5010687326689459,
        0.5480418512117325,
        -0.061685603087400995,
        -0.09729182002514788,
        -0.04300858805142418,
        -0.05054008964353215,
        -0.08297392240875957,
        -0.04859611009411493,
        -0.06325921069806675,
        -0.08766843495674642,
        0.46240494733763043,
        0.5012274479865335,
        0.0016474555195841495,
        -0.005739590630372979,
        -0.008849306176872214,
        -0.004861283306224547,
        0.5031757050658372,
        -0.025204359044373906,
        -0.06017412603310837,
        -0.050801479343027964,
        -0.07421419319906988,
        0.0005901072778115988,
        -0.09200213390097389,
        -0.05101867113229651,
        -0.08187874657079508,
        -0.04004561953854565,
        -0.06623198211416502,
        -0.0016844644431029095,
        -0.02608222692203162,
        -0.05667189456034152
    ]
}