{
    "task": "sciq",
    "expert_name": [
        "sfutenma/lora_structeval_t_qwen3_4b_v260221-211258",
        "tehiro/qwen3-structeval-lora",
        "kmd2525/qwen3-4b-structured-output-lora-v5.2",
        "t-mizuma/qwen3-4b-structeval-lora-5",
        "worldmate/007kuma",
        "ksk740/model20260211",
        "YyUuYyAa/qwen3-4b-structured-output-lora-revised",
        "takao-nb/qwen3-4b-structured-submit10-lora",
        "sabia0080/qwen3-4b-sft-v0-cotv2-lr2e6-ep2-wd001",
        "sam-murayama/sam-qwen3-lora-16",
        "help2opensource/Qwen3-4B-Instruct-2507_mental_health",
        "pokke11/qwen3-4b-structured-output-lora3",
        "takao-nb/qwen3-4b-structured-submit16-lora",
        "Centkun/qwen3-4b-instruct-2507-lora-homework_vo6",
        "marukame332/final_asignment",
        "tsubasaka/lora-repo-v4",
        "Sumiokashi/qwen3-4b-structured-3k-mix-sft_lora-repo_ver34",
        "Kpitc5884/Kpitc5884-lora-repo",
        "yokobo-ai/qwen3-4b-so-lora-v10",
        "MMdesanQ1/your-lora-repo-v3",
        "Umezaki/sft-qwen-v2-lora8-upsample-adapter",
        "hiro877/your-lora-repo-structured-hard-sft-4-0205",
        "katsumi1701/qwen3-4b-structured-output-lora-sft2",
        "thetmon/c1",
        "tmiyamoto/qwen3-4b-agentbench-exp02",
        "yokobo-ai/qwen3-4b-so-lora-v8",
        "manamano88/qwen3-4b-structured-output-lora-v15-14",
        "kiratan/qwen3-4b-structeval-lora-87",
        "choco800/Qwen3-4B-SFT-v13",
        "kawashimas/qwen3-4b-lora-exp1"
    ],
    "train+valid_accuracy": 0.4,
    "test_accuracy": 0.423,
    "weights": [
        0.395427571123183,
        0.27915277544964895,
        0.3853474041008073,
        0.41003432233846804,
        -0.07633778834391095,
        -0.08016549844837823,
        -0.08532585502951676,
        0.07708105006479128,
        -0.2477900259225052,
        0.00839584280455605,
        0.07735326731849522,
        -0.20458747118038614,
        0.07672248677990948,
        -0.06143370544351998,
        0.06226863221721439,
        0.100498170812175,
        0.8695417871691127,
        0.07567392479338399,
        0.0926624304033667,
        -0.11198805344114705,
        0.4075166308677699,
        0.06992444128406507,
        0.13238446451527688,
        0.6486242285568693,
        0.022966221258181818,
        0.11343413169918012,
        0.10136068733757782,
        0.08527848705898984,
        0.5987935670189339,
        -0.14286411084910128
    ]
}