{
    "task": "openmathinstruct_2",
    "expert_name": [
        "r-three/lora_baseline_qwen_lr3e-4_step400_rank64_openmathinstruct_2",
        "yochimachika/yochimachika-lora-repo07",
        "shokuma/qwen3-4b-structured-output-lora-20260217-1st",
        "Kaito-F/lora-repo-v18",
        "cjkasbdkjnlakb/agent-0927-05",
        "kochan13/qwen-qwen3-4b-structured-output-lora-26020502",
        "jmJapan/jm26",
        "Shusuke07/qwen3-4b-structured-output-lora-repo-1-3_2-3_01",
        "tmiyamoto/qwen3-4b-agentbench-exp02",
        "Shusuke07/qwen3-4b-structured-output-lora-repo-2-3_04",
        "fumikawa/a25-v0004",
        "cjkasbdkjnlakb/agnet-0906",
        "Tanayuya/qwen3-4b-structured-output-lora-ver2",
        "shinich001/qwen3-4b-5kmix-seq2k-ep1",
        "y-tani/lora_structeval_t_qwen3_4b_v8",
        "NibiruTwin/qwen3-4b-structured-output-lora-v6",
        "yokobo-ai/qwen3-4b-so-lora-v2",
        "hikahika/Qwen3-4B-Instruct-2507exp18",
        "takayosh/your-lora-repo",
        "Yuya0/qwen3-4b-lora_v1.8",
        "G7O8/lora_R8_A16_D005_epo2_LR1e4_structeval_t_qwen3_4b",
        "takeofuture/shibatake-SFT_2602071922",
        "sam-murayama/sam-qwen3-lora-15",
        "worldmate/004kuma",
        "Zsom1997/your-lora-repo-11r",
        "akamei/AK_1ep_4e-6_512_LORAdr_Decay_WU_0219",
        "takao-nb/qwen3-4b-structured-submit23-lora",
        "ortiz-ai/qwen3-4b-structured-output-lora_2ep_5e5_512_005_toml64",
        "okaba815/your-lora-repo",
        "Isk5434/qwen3-4b-structured-output-lora-onlydown2"
    ],
    "train+valid_accuracy": 0.15,
    "test_accuracy": 0.12324929971988796,
    "weights": [
        0.48051132009290964,
        0.39516200399975315,
        0.44967160368321557,
        -0.024784159807190512,
        0.04666279748658293,
        -0.07678109148011948,
        -0.03906432382182788,
        -0.21798259470157205,
        0.031055696175682122,
        0.06673713378338195,
        -0.13265616408255904,
        0.0008119712385916337,
        -0.19498584230007462,
        0.5890604127190662,
        0.4876882814744952,
        -0.05641403508406999,
        -0.05218468514942498,
        0.10570583971924556,
        0.3372987331428026,
        -0.041226728208052135,
        0.302355994743699,
        -0.06370031371646723,
        -0.0792944892262413,
        -0.04938459221483369,
        -0.0782563592805974,
        -0.11149107422069392,
        0.4550235009511108,
        -0.09949661825613845,
        -0.08074860596166566,
        -0.04407882358221967
    ]
}