{
    "task": "sports_understanding",
    "expert_name": [
        "r-three/lora_baseline_qwen_lr3e-4_step400_rank64_sports_understanding",
        "yochimachika/yochimachika-lora-repo07",
        "shokuma/qwen3-4b-structured-output-lora-20260217-1st",
        "Kaito-F/lora-repo-v18",
        "cjkasbdkjnlakb/agent-0927-05",
        "kochan13/qwen-qwen3-4b-structured-output-lora-26020502",
        "jmJapan/jm26",
        "Shusuke07/qwen3-4b-structured-output-lora-repo-1-3_2-3_01",
        "tmiyamoto/qwen3-4b-agentbench-exp02",
        "Shusuke07/qwen3-4b-structured-output-lora-repo-2-3_04",
        "fumikawa/a25-v0004",
        "cjkasbdkjnlakb/agnet-0906",
        "Tanayuya/qwen3-4b-structured-output-lora-ver2",
        "shinich001/qwen3-4b-5kmix-seq2k-ep1",
        "y-tani/lora_structeval_t_qwen3_4b_v8",
        "NibiruTwin/qwen3-4b-structured-output-lora-v6",
        "yokobo-ai/qwen3-4b-so-lora-v2",
        "hikahika/Qwen3-4B-Instruct-2507exp18",
        "takayosh/your-lora-repo",
        "Yuya0/qwen3-4b-lora_v1.8",
        "G7O8/lora_R8_A16_D005_epo2_LR1e4_structeval_t_qwen3_4b",
        "takeofuture/shibatake-SFT_2602071922",
        "sam-murayama/sam-qwen3-lora-15",
        "worldmate/004kuma",
        "Zsom1997/your-lora-repo-11r",
        "akamei/AK_1ep_4e-6_512_LORAdr_Decay_WU_0219",
        "takao-nb/qwen3-4b-structured-submit23-lora",
        "ortiz-ai/qwen3-4b-structured-output-lora_2ep_5e5_512_005_toml64",
        "okaba815/your-lora-repo",
        "Isk5434/qwen3-4b-structured-output-lora-onlydown2"
    ],
    "train+valid_accuracy": 0.81,
    "test_accuracy": 0.7049891540130152,
    "weights": [
        0.4828342370396206,
        -0.01643142136969663,
        -0.011199434412415417,
        -0.03754001321830936,
        0.015650295511554932,
        -0.006772505265464029,
        0.5118154057069064,
        -0.009178246218019173,
        -0.007988838351422797,
        -0.00420820293913242,
        0.036578936732838734,
        -0.003412283628476348,
        -0.01756644411123008,
        -0.009703082620134546,
        -0.0038160116499407603,
        -0.009072582912984531,
        -0.011949245251578264,
        -0.005318891862054962,
        0.0033051438033520225,
        -0.012740186430648576,
        -0.007730105672332835,
        -0.004329953463374608,
        0.002395829622841524,
        -0.0034750576383449903,
        0.005857315375737574,
        -6.433174003349847e-05,
        0.00218923065222901,
        -0.001997066163294043,
        -0.003140577097600507,
        0.004785628971033073
    ]
}