{
    "task": "super_glue_wsc",
    "expert_name": [
        "r-three/lora_baseline_qwen_lr3e-4_step400_rank64_super_glue_wsc",
        "sfutenma/lora_structeval_t_qwen3_4b_v260221-211258",
        "tehiro/qwen3-structeval-lora",
        "kmd2525/qwen3-4b-structured-output-lora-v5.2",
        "t-mizuma/qwen3-4b-structeval-lora-5",
        "worldmate/007kuma",
        "ksk740/model20260211",
        "YyUuYyAa/qwen3-4b-structured-output-lora-revised",
        "takao-nb/qwen3-4b-structured-submit10-lora",
        "sabia0080/qwen3-4b-sft-v0-cotv2-lr2e6-ep2-wd001",
        "sam-murayama/sam-qwen3-lora-16",
        "help2opensource/Qwen3-4B-Instruct-2507_mental_health",
        "pokke11/qwen3-4b-structured-output-lora3",
        "takao-nb/qwen3-4b-structured-submit16-lora",
        "Centkun/qwen3-4b-instruct-2507-lora-homework_vo6",
        "marukame332/final_asignment",
        "tsubasaka/lora-repo-v4",
        "Sumiokashi/qwen3-4b-structured-3k-mix-sft_lora-repo_ver34",
        "Kpitc5884/Kpitc5884-lora-repo",
        "yokobo-ai/qwen3-4b-so-lora-v10",
        "MMdesanQ1/your-lora-repo-v3",
        "Umezaki/sft-qwen-v2-lora8-upsample-adapter",
        "hiro877/your-lora-repo-structured-hard-sft-4-0205",
        "katsumi1701/qwen3-4b-structured-output-lora-sft2",
        "thetmon/c1",
        "tmiyamoto/qwen3-4b-agentbench-exp02",
        "yokobo-ai/qwen3-4b-so-lora-v8",
        "manamano88/qwen3-4b-structured-output-lora-v15-14",
        "kiratan/qwen3-4b-structeval-lora-87",
        "choco800/Qwen3-4B-SFT-v13"
    ],
    "train+valid_accuracy": 0.78,
    "test_accuracy": 0.5,
    "weights": [
        0.570212898014712,
        0.5249361369969842,
        -0.01007651848430226,
        -0.003352937208942957,
        -0.024810399864847208,
        -0.017401884134639313,
        -0.021891662615692885,
        -0.011878877018562238,
        0.0026568371618005933,
        -0.0012794710853267438,
        0.006298370795532778,
        -0.007100210063659024,
        -0.007321018350106754,
        -0.001980024172253701,
        -0.012265828676777835,
        0.0008098878691897735,
        -0.00872281483461696,
        -0.008825990435378902,
        -0.013831441191754196,
        -0.012184334974700166,
        0.04685817882983852,
        0.0017078084714382087,
        -0.028358738640988694,
        -0.01264555755436852,
        0.044282841458314924,
        -0.00278071520563513,
        -0.00976876687331584,
        0.0006763395079888142,
        0.001157849590235516,
        0.0009298662134316972
    ]
}