{
    "task": "mmlu_combined",
    "expert_name": [
        "r-three/lora_baseline_qwen_lr3e-4_step400_rank64_mmlu_combined",
        "sfutenma/lora_structeval_t_qwen3_4b_v260221-211258",
        "tehiro/qwen3-structeval-lora",
        "kmd2525/qwen3-4b-structured-output-lora-v5.2",
        "t-mizuma/qwen3-4b-structeval-lora-5",
        "worldmate/007kuma",
        "ksk740/model20260211",
        "YyUuYyAa/qwen3-4b-structured-output-lora-revised",
        "takao-nb/qwen3-4b-structured-submit10-lora",
        "sabia0080/qwen3-4b-sft-v0-cotv2-lr2e6-ep2-wd001",
        "sam-murayama/sam-qwen3-lora-16",
        "help2opensource/Qwen3-4B-Instruct-2507_mental_health",
        "pokke11/qwen3-4b-structured-output-lora3",
        "takao-nb/qwen3-4b-structured-submit16-lora",
        "Centkun/qwen3-4b-instruct-2507-lora-homework_vo6",
        "marukame332/final_asignment",
        "tsubasaka/lora-repo-v4",
        "Sumiokashi/qwen3-4b-structured-3k-mix-sft_lora-repo_ver34",
        "Kpitc5884/Kpitc5884-lora-repo",
        "yokobo-ai/qwen3-4b-so-lora-v10",
        "MMdesanQ1/your-lora-repo-v3",
        "Umezaki/sft-qwen-v2-lora8-upsample-adapter",
        "hiro877/your-lora-repo-structured-hard-sft-4-0205",
        "katsumi1701/qwen3-4b-structured-output-lora-sft2",
        "thetmon/c1",
        "tmiyamoto/qwen3-4b-agentbench-exp02",
        "yokobo-ai/qwen3-4b-so-lora-v8",
        "manamano88/qwen3-4b-structured-output-lora-v15-14",
        "kiratan/qwen3-4b-structeval-lora-87",
        "choco800/Qwen3-4B-SFT-v13"
    ],
    "train+valid_accuracy": 0.72,
    "test_accuracy": 0.6690909090909091,
    "weights": [
        0.5709908645381233,
        0.49189157718582616,
        0.2909449476256906,
        -0.06397128009586557,
        0.526465721162869,
        0.052560594137151806,
        -0.06861009519639306,
        -0.03732253904575386,
        -0.02744546629961018,
        -0.0064451007709938075,
        0.020251134259617404,
        0.46502630275384216,
        -0.04313948145550059,
        -0.020767408029856133,
        0.019792248707215142,
        0.03725816224327759,
        0.05025855822941827,
        -0.002443107155690731,
        -0.06133221636637515,
        -0.011181979854145216,
        0.22580898265251453,
        -0.020567077042322267,
        0.015155385892758938,
        0.02066530750432489,
        -0.03242700714963036,
        -0.030540933940546112,
        -0.04700079567195593,
        0.07394653599130414,
        -0.008345571102790925,
        0.550348370703224
    ]
}