{
    "task": "race_high",
    "expert_name": [
        "sfutenma/lora_structeval_t_qwen3_4b_v260221-211258",
        "tehiro/qwen3-structeval-lora",
        "kmd2525/qwen3-4b-structured-output-lora-v5.2",
        "t-mizuma/qwen3-4b-structeval-lora-5",
        "worldmate/007kuma",
        "ksk740/model20260211",
        "YyUuYyAa/qwen3-4b-structured-output-lora-revised",
        "takao-nb/qwen3-4b-structured-submit10-lora",
        "sabia0080/qwen3-4b-sft-v0-cotv2-lr2e6-ep2-wd001",
        "sam-murayama/sam-qwen3-lora-16",
        "help2opensource/Qwen3-4B-Instruct-2507_mental_health",
        "pokke11/qwen3-4b-structured-output-lora3",
        "takao-nb/qwen3-4b-structured-submit16-lora",
        "Centkun/qwen3-4b-instruct-2507-lora-homework_vo6",
        "marukame332/final_asignment",
        "tsubasaka/lora-repo-v4",
        "Sumiokashi/qwen3-4b-structured-3k-mix-sft_lora-repo_ver34",
        "Kpitc5884/Kpitc5884-lora-repo",
        "yokobo-ai/qwen3-4b-so-lora-v10",
        "MMdesanQ1/your-lora-repo-v3",
        "Umezaki/sft-qwen-v2-lora8-upsample-adapter",
        "hiro877/your-lora-repo-structured-hard-sft-4-0205",
        "katsumi1701/qwen3-4b-structured-output-lora-sft2",
        "thetmon/c1",
        "tmiyamoto/qwen3-4b-agentbench-exp02",
        "yokobo-ai/qwen3-4b-so-lora-v8",
        "manamano88/qwen3-4b-structured-output-lora-v15-14",
        "kiratan/qwen3-4b-structeval-lora-87",
        "choco800/Qwen3-4B-SFT-v13",
        "kawashimas/qwen3-4b-lora-exp1"
    ],
    "train+valid_accuracy": 0.82,
    "test_accuracy": 0.7927387078330475,
    "weights": [
        0.22568453476710865,
        -0.07043421227648416,
        -0.04135525677099494,
        -0.037593254272011684,
        0.20874939997493408,
        -0.30334084553796875,
        -0.025076107649692314,
        -0.03812316942477703,
        -0.008425833670801703,
        -0.07062382611743699,
        0.46240256155419485,
        -0.05113464045879999,
        -0.022333218467912322,
        0.1646591814528397,
        0.8019111316054637,
        -0.11839690767055554,
        0.08084560894877145,
        0.04504037012454107,
        0.7616587497240564,
        -0.00039953209943343997,
        0.07719818379112661,
        0.1263994253481662,
        -0.17202019300737312,
        0.12204653092889746,
        0.6170382633356412,
        0.0652069982409717,
        0.5489114842315295,
        -0.24269116303750707,
        0.5028415523393903,
        -0.0780266245754756
    ]
}