{
    "task": "gsm8k",
    "expert_name": [
        "r-three/lora_baseline_qwen_lr3e-4_step400_rank64_gsm8k",
        "sfutenma/lora_structeval_t_qwen3_4b_v260221-211258",
        "tehiro/qwen3-structeval-lora",
        "kmd2525/qwen3-4b-structured-output-lora-v5.2",
        "t-mizuma/qwen3-4b-structeval-lora-5",
        "worldmate/007kuma",
        "ksk740/model20260211",
        "YyUuYyAa/qwen3-4b-structured-output-lora-revised",
        "takao-nb/qwen3-4b-structured-submit10-lora",
        "sabia0080/qwen3-4b-sft-v0-cotv2-lr2e6-ep2-wd001",
        "sam-murayama/sam-qwen3-lora-16",
        "help2opensource/Qwen3-4B-Instruct-2507_mental_health",
        "pokke11/qwen3-4b-structured-output-lora3",
        "takao-nb/qwen3-4b-structured-submit16-lora",
        "Centkun/qwen3-4b-instruct-2507-lora-homework_vo6",
        "marukame332/final_asignment",
        "tsubasaka/lora-repo-v4",
        "Sumiokashi/qwen3-4b-structured-3k-mix-sft_lora-repo_ver34",
        "Kpitc5884/Kpitc5884-lora-repo",
        "yokobo-ai/qwen3-4b-so-lora-v10",
        "MMdesanQ1/your-lora-repo-v3",
        "Umezaki/sft-qwen-v2-lora8-upsample-adapter",
        "hiro877/your-lora-repo-structured-hard-sft-4-0205",
        "katsumi1701/qwen3-4b-structured-output-lora-sft2",
        "thetmon/c1",
        "tmiyamoto/qwen3-4b-agentbench-exp02",
        "yokobo-ai/qwen3-4b-so-lora-v8",
        "manamano88/qwen3-4b-structured-output-lora-v15-14",
        "kiratan/qwen3-4b-structeval-lora-87",
        "choco800/Qwen3-4B-SFT-v13"
    ],
    "train+valid_accuracy": 0.8,
    "test_accuracy": 0.7278241091736164,
    "weights": [
        0.644392091403334,
        0.3958459536519547,
        -0.005844533768247418,
        0.4467418797909803,
        0.48112490068095687,
        0.38726510912889206,
        -0.08384796183343932,
        -0.13867359058509,
        0.09223063418696963,
        0.030746632859439495,
        -0.06333850862819171,
        0.5302568025487728,
        -0.03563939759937144,
        0.0011779716324732082,
        0.011490770433409658,
        0.03934083171510983,
        -0.003039897328194722,
        0.05328648528315555,
        -0.011134917455928574,
        -0.027323431674836633,
        0.024380016453584136,
        0.5588624692715182,
        -0.03362637875495754,
        0.20253646953690546,
        0.062055169604143395,
        -0.06363799576290206,
        0.07836326832903327,
        -0.05704518036869886,
        -0.0024060090540320694,
        0.5201897181716764
    ]
}