{
    "task": "mmlu_pro",
    "expert_name": [
        "r-three/lora_baseline_qwen_lr3e-4_step400_rank64_mmlu_pro",
        "sfutenma/lora_structeval_t_qwen3_4b_v260221-211258",
        "tehiro/qwen3-structeval-lora",
        "kmd2525/qwen3-4b-structured-output-lora-v5.2",
        "t-mizuma/qwen3-4b-structeval-lora-5",
        "worldmate/007kuma",
        "ksk740/model20260211",
        "YyUuYyAa/qwen3-4b-structured-output-lora-revised",
        "takao-nb/qwen3-4b-structured-submit10-lora",
        "sabia0080/qwen3-4b-sft-v0-cotv2-lr2e6-ep2-wd001",
        "sam-murayama/sam-qwen3-lora-16",
        "help2opensource/Qwen3-4B-Instruct-2507_mental_health",
        "pokke11/qwen3-4b-structured-output-lora3",
        "takao-nb/qwen3-4b-structured-submit16-lora",
        "Centkun/qwen3-4b-instruct-2507-lora-homework_vo6",
        "marukame332/final_asignment",
        "tsubasaka/lora-repo-v4",
        "Sumiokashi/qwen3-4b-structured-3k-mix-sft_lora-repo_ver34",
        "Kpitc5884/Kpitc5884-lora-repo",
        "yokobo-ai/qwen3-4b-so-lora-v10",
        "MMdesanQ1/your-lora-repo-v3",
        "Umezaki/sft-qwen-v2-lora8-upsample-adapter",
        "hiro877/your-lora-repo-structured-hard-sft-4-0205",
        "katsumi1701/qwen3-4b-structured-output-lora-sft2",
        "thetmon/c1",
        "tmiyamoto/qwen3-4b-agentbench-exp02",
        "yokobo-ai/qwen3-4b-so-lora-v8",
        "manamano88/qwen3-4b-structured-output-lora-v15-14",
        "kiratan/qwen3-4b-structeval-lora-87",
        "choco800/Qwen3-4B-SFT-v13"
    ],
    "train+valid_accuracy": 0.31,
    "test_accuracy": 0.2591362126245847,
    "weights": [
        0.39129891791420335,
        0.417051219071283,
        0.28716633135841324,
        0.0066318108921275525,
        0.4668376155791519,
        -0.01586961842451872,
        -0.08617232986494845,
        -0.006298094277171228,
        -0.028181736477936613,
        0.023235992486338293,
        -0.05147612875576948,
        0.48714860065759674,
        -0.008279443175681214,
        -0.025910700594403445,
        0.03532065540671869,
        0.014516189259996043,
        -0.01600779456570328,
        -0.02134751836247832,
        -0.03578195381452575,
        -0.0184484678491281,
        0.17384816268735956,
        -0.024883528909229805,
        0.07940302205387861,
        -0.01602463887387904,
        0.010980475854657865,
        -0.06548696131432058,
        0.010413961583762227,
        0.04342775049925399,
        0.003172946240282575,
        0.539504181477286
    ]
}