{
    "task": "glue_sst2",
    "expert_name": [
        "yochimachika/yochimachika-lora-repo07",
        "shokuma/qwen3-4b-structured-output-lora-20260217-1st",
        "Kaito-F/lora-repo-v18",
        "cjkasbdkjnlakb/agent-0927-05",
        "kochan13/qwen-qwen3-4b-structured-output-lora-26020502",
        "jmJapan/jm26",
        "Shusuke07/qwen3-4b-structured-output-lora-repo-1-3_2-3_01",
        "tmiyamoto/qwen3-4b-agentbench-exp02",
        "Shusuke07/qwen3-4b-structured-output-lora-repo-2-3_04",
        "fumikawa/a25-v0004",
        "cjkasbdkjnlakb/agnet-0906",
        "Tanayuya/qwen3-4b-structured-output-lora-ver2",
        "shinich001/qwen3-4b-5kmix-seq2k-ep1",
        "y-tani/lora_structeval_t_qwen3_4b_v8",
        "NibiruTwin/qwen3-4b-structured-output-lora-v6",
        "yokobo-ai/qwen3-4b-so-lora-v2",
        "hikahika/Qwen3-4B-Instruct-2507exp18",
        "takayosh/your-lora-repo",
        "Yuya0/qwen3-4b-lora_v1.8",
        "G7O8/lora_R8_A16_D005_epo2_LR1e4_structeval_t_qwen3_4b",
        "takeofuture/shibatake-SFT_2602071922",
        "sam-murayama/sam-qwen3-lora-15",
        "worldmate/004kuma",
        "Zsom1997/your-lora-repo-11r",
        "akamei/AK_1ep_4e-6_512_LORAdr_Decay_WU_0219",
        "takao-nb/qwen3-4b-structured-submit23-lora",
        "ortiz-ai/qwen3-4b-structured-output-lora_2ep_5e5_512_005_toml64",
        "okaba815/your-lora-repo",
        "Isk5434/qwen3-4b-structured-output-lora-onlydown2",
        "thetmon/c11"
    ],
    "train+valid_accuracy": 0.86,
    "test_accuracy": 0.9162,
    "weights": [
        0.5837409084221671,
        0.0002080964031728038,
        0.036958399114997,
        0.008154600340165024,
        -0.06861022656805166,
        0.019191860154702603,
        -0.0733651887274577,
        0.013838528623956707,
        0.02928174140935825,
        0.005295973856825744,
        0.47161031232976236,
        -0.059771438695960105,
        0.5498704662912953,
        -0.04738421526699935,
        -0.017269938478086614,
        0.028441499392072373,
        -0.027206070402089746,
        0.004546677210495292,
        -0.013033840190333122,
        -0.029848484388163017,
        0.5089483489817334,
        -0.036605422463895906,
        0.03218579110592479,
        0.08174184395326821,
        -0.07129547532084801,
        0.005600609536196075,
        -0.02419921960548979,
        -0.024941240262083657,
        0.00902931571977323,
        0.016713611979663503
    ]
}