{
    "task": "reasoning_about_colored_objects",
    "expert_name": [
        "yochimachika/yochimachika-lora-repo07",
        "shokuma/qwen3-4b-structured-output-lora-20260217-1st",
        "Kaito-F/lora-repo-v18",
        "cjkasbdkjnlakb/agent-0927-05",
        "kochan13/qwen-qwen3-4b-structured-output-lora-26020502",
        "jmJapan/jm26",
        "Shusuke07/qwen3-4b-structured-output-lora-repo-1-3_2-3_01",
        "tmiyamoto/qwen3-4b-agentbench-exp02",
        "Shusuke07/qwen3-4b-structured-output-lora-repo-2-3_04",
        "fumikawa/a25-v0004",
        "cjkasbdkjnlakb/agnet-0906",
        "Tanayuya/qwen3-4b-structured-output-lora-ver2",
        "shinich001/qwen3-4b-5kmix-seq2k-ep1",
        "y-tani/lora_structeval_t_qwen3_4b_v8",
        "NibiruTwin/qwen3-4b-structured-output-lora-v6",
        "yokobo-ai/qwen3-4b-so-lora-v2",
        "hikahika/Qwen3-4B-Instruct-2507exp18",
        "takayosh/your-lora-repo",
        "Yuya0/qwen3-4b-lora_v1.8",
        "G7O8/lora_R8_A16_D005_epo2_LR1e4_structeval_t_qwen3_4b",
        "takeofuture/shibatake-SFT_2602071922",
        "sam-murayama/sam-qwen3-lora-15",
        "worldmate/004kuma",
        "Zsom1997/your-lora-repo-11r",
        "akamei/AK_1ep_4e-6_512_LORAdr_Decay_WU_0219",
        "takao-nb/qwen3-4b-structured-submit23-lora",
        "ortiz-ai/qwen3-4b-structured-output-lora_2ep_5e5_512_005_toml64",
        "okaba815/your-lora-repo",
        "Isk5434/qwen3-4b-structured-output-lora-onlydown2",
        "thetmon/c11"
    ],
    "train+valid_accuracy": 0.45,
    "test_accuracy": 0.41375,
    "weights": [
        0.5347957836444537,
        -0.2666918008829823,
        0.4826888161362145,
        0.4447130736755636,
        -0.018847115315368035,
        0.5341583488299962,
        -0.012102675622910043,
        -0.031135107628031976,
        -0.011843388879826531,
        0.026276757381105985,
        0.5045596727251158,
        0.05325412332697219,
        0.4856461176487192,
        0.0220514561070614,
        0.04821746846526246,
        0.04265475993844879,
        0.008410833413576364,
        -0.019992788161459663,
        0.05507790941690224,
        0.51008559476761,
        -0.02431803698475921,
        -0.016320880187396438,
        0.009959095136307322,
        -0.005289773358683459,
        -0.006168441438229253,
        -0.01122294792581018,
        0.01516144577289905,
        -0.014903397227177905,
        -0.027520846673542508,
        -0.023517466692711358
    ]
}