{
    "task": "banking77",
    "expert_name": [
        "r-three/lora_baseline_qwen_lr3e-4_step400_rank64_banking77",
        "sfutenma/lora_structeval_t_qwen3_4b_v260221-211258",
        "tehiro/qwen3-structeval-lora",
        "kmd2525/qwen3-4b-structured-output-lora-v5.2",
        "t-mizuma/qwen3-4b-structeval-lora-5",
        "worldmate/007kuma",
        "ksk740/model20260211",
        "YyUuYyAa/qwen3-4b-structured-output-lora-revised",
        "takao-nb/qwen3-4b-structured-submit10-lora",
        "sabia0080/qwen3-4b-sft-v0-cotv2-lr2e6-ep2-wd001",
        "sam-murayama/sam-qwen3-lora-16",
        "help2opensource/Qwen3-4B-Instruct-2507_mental_health",
        "pokke11/qwen3-4b-structured-output-lora3",
        "takao-nb/qwen3-4b-structured-submit16-lora",
        "Centkun/qwen3-4b-instruct-2507-lora-homework_vo6",
        "marukame332/final_asignment",
        "tsubasaka/lora-repo-v4",
        "Sumiokashi/qwen3-4b-structured-3k-mix-sft_lora-repo_ver34",
        "Kpitc5884/Kpitc5884-lora-repo",
        "yokobo-ai/qwen3-4b-so-lora-v10",
        "MMdesanQ1/your-lora-repo-v3",
        "Umezaki/sft-qwen-v2-lora8-upsample-adapter",
        "hiro877/your-lora-repo-structured-hard-sft-4-0205",
        "katsumi1701/qwen3-4b-structured-output-lora-sft2",
        "thetmon/c1",
        "tmiyamoto/qwen3-4b-agentbench-exp02",
        "yokobo-ai/qwen3-4b-so-lora-v8",
        "manamano88/qwen3-4b-structured-output-lora-v15-14",
        "kiratan/qwen3-4b-structeval-lora-87",
        "choco800/Qwen3-4B-SFT-v13"
    ],
    "train+valid_accuracy": 0.75,
    "test_accuracy": 0.6483766233766234,
    "weights": [
        0.7087920941369433,
        0.35125364623524663,
        0.4142182746665491,
        0.30685640862109864,
        -0.06838764392029886,
        -0.12184679668458057,
        -0.12365408384299167,
        -0.13072046092820364,
        -0.04459189379607225,
        -0.14755310690463555,
        -0.19615039496736733,
        -0.06823501131154035,
        -0.13591452139086815,
        -0.07555041597432696,
        0.031262188784715,
        -0.12705081590386888,
        -0.05651073356240035,
        -0.13513606802670824,
        -0.02922942276859805,
        -0.16385069332238125,
        -0.24831854396107647,
        -0.030170797529091423,
        -0.10259980772226225,
        -0.17233424057678848,
        -0.16073931430124044,
        -0.03887703425128457,
        -0.1359821063783314,
        -0.022740394237578274,
        -0.021726538426402098,
        0.5167910552413537
    ]
}