{
    "task": "object_counting",
    "expert_name": [
        "sfutenma/lora_structeval_t_qwen3_4b_v260221-211258",
        "tehiro/qwen3-structeval-lora",
        "kmd2525/qwen3-4b-structured-output-lora-v5.2",
        "t-mizuma/qwen3-4b-structeval-lora-5",
        "worldmate/007kuma",
        "ksk740/model20260211",
        "YyUuYyAa/qwen3-4b-structured-output-lora-revised",
        "takao-nb/qwen3-4b-structured-submit10-lora",
        "sabia0080/qwen3-4b-sft-v0-cotv2-lr2e6-ep2-wd001",
        "sam-murayama/sam-qwen3-lora-16",
        "help2opensource/Qwen3-4B-Instruct-2507_mental_health",
        "pokke11/qwen3-4b-structured-output-lora3",
        "takao-nb/qwen3-4b-structured-submit16-lora",
        "Centkun/qwen3-4b-instruct-2507-lora-homework_vo6",
        "marukame332/final_asignment",
        "tsubasaka/lora-repo-v4",
        "Sumiokashi/qwen3-4b-structured-3k-mix-sft_lora-repo_ver34",
        "Kpitc5884/Kpitc5884-lora-repo",
        "yokobo-ai/qwen3-4b-so-lora-v10",
        "MMdesanQ1/your-lora-repo-v3",
        "Umezaki/sft-qwen-v2-lora8-upsample-adapter",
        "hiro877/your-lora-repo-structured-hard-sft-4-0205",
        "katsumi1701/qwen3-4b-structured-output-lora-sft2",
        "thetmon/c1",
        "tmiyamoto/qwen3-4b-agentbench-exp02",
        "yokobo-ai/qwen3-4b-so-lora-v8",
        "manamano88/qwen3-4b-structured-output-lora-v15-14",
        "kiratan/qwen3-4b-structeval-lora-87",
        "choco800/Qwen3-4B-SFT-v13",
        "kawashimas/qwen3-4b-lora-exp1"
    ],
    "train+valid_accuracy": 0.4,
    "test_accuracy": 0.34418282548476453,
    "weights": [
        0.1387343006169936,
        0.09170597223905926,
        0.019744063407701806,
        0.2626662416593569,
        0.09552835773720239,
        -0.17293230957763608,
        0.12210994770785896,
        0.20843692942721995,
        -0.10675844551627733,
        0.0017456749679492759,
        0.2618682923161297,
        0.07571654795615813,
        0.08182302902734581,
        0.003232936525546297,
        -0.33030395725241407,
        -0.03889077235023957,
        -0.5527414600619674,
        -0.34635779545293965,
        0.33023579249543233,
        -0.04194222814501605,
        -0.2281243000003082,
        -0.18933692315854755,
        -0.48418584532490827,
        0.6714139811194553,
        -0.002836276864472827,
        0.3062038276185913,
        0.1585565205914836,
        0.436861049039225,
        0.5083845456595442,
        -0.05130589843849636
    ]
}