{
    "task": "object_counting",
    "expert_name": [
        "r-three/lora_baseline_qwen_lr3e-4_step400_rank64_object_counting",
        "sfutenma/lora_structeval_t_qwen3_4b_v260221-211258",
        "tehiro/qwen3-structeval-lora",
        "kmd2525/qwen3-4b-structured-output-lora-v5.2",
        "t-mizuma/qwen3-4b-structeval-lora-5",
        "worldmate/007kuma",
        "ksk740/model20260211",
        "YyUuYyAa/qwen3-4b-structured-output-lora-revised",
        "takao-nb/qwen3-4b-structured-submit10-lora",
        "sabia0080/qwen3-4b-sft-v0-cotv2-lr2e6-ep2-wd001",
        "sam-murayama/sam-qwen3-lora-16",
        "help2opensource/Qwen3-4B-Instruct-2507_mental_health",
        "pokke11/qwen3-4b-structured-output-lora3",
        "takao-nb/qwen3-4b-structured-submit16-lora",
        "Centkun/qwen3-4b-instruct-2507-lora-homework_vo6",
        "marukame332/final_asignment",
        "tsubasaka/lora-repo-v4",
        "Sumiokashi/qwen3-4b-structured-3k-mix-sft_lora-repo_ver34",
        "Kpitc5884/Kpitc5884-lora-repo",
        "yokobo-ai/qwen3-4b-so-lora-v10",
        "MMdesanQ1/your-lora-repo-v3",
        "Umezaki/sft-qwen-v2-lora8-upsample-adapter",
        "hiro877/your-lora-repo-structured-hard-sft-4-0205",
        "katsumi1701/qwen3-4b-structured-output-lora-sft2",
        "thetmon/c1",
        "tmiyamoto/qwen3-4b-agentbench-exp02",
        "yokobo-ai/qwen3-4b-so-lora-v8",
        "manamano88/qwen3-4b-structured-output-lora-v15-14",
        "kiratan/qwen3-4b-structeval-lora-87",
        "choco800/Qwen3-4B-SFT-v13"
    ],
    "train+valid_accuracy": 0.58,
    "test_accuracy": 0.4425207756232687,
    "weights": [
        0.5943706906268562,
        0.2632021002995184,
        -0.04258474011988755,
        -0.025505234022245266,
        0.011481917456306376,
        0.028931782932428332,
        -0.20186575068299467,
        -0.024045286528267373,
        -0.22658884801185167,
        0.12338760172966602,
        0.09208436702244994,
        0.06922923318196932,
        -0.009061147521770702,
        0.04073427857109554,
        0.0037759005549644503,
        -0.019991145730149255,
        0.011775426219578973,
        0.4994586541506781,
        0.07593299106810059,
        0.045091054542441146,
        0.03890205844061303,
        0.54781922949837,
        0.0277145786131977,
        -0.20651946894528495,
        0.0044993829080699575,
        0.8561017657895024,
        0.43477600409199185,
        0.41998534594388254,
        0.5029578731782717,
        0.5253085627636896
    ]
}