{
    "task": "clinc_oos",
    "expert_name": [
        "sfutenma/lora_structeval_t_qwen3_4b_v260221-211258",
        "tehiro/qwen3-structeval-lora",
        "kmd2525/qwen3-4b-structured-output-lora-v5.2",
        "t-mizuma/qwen3-4b-structeval-lora-5",
        "worldmate/007kuma",
        "ksk740/model20260211",
        "YyUuYyAa/qwen3-4b-structured-output-lora-revised",
        "takao-nb/qwen3-4b-structured-submit10-lora",
        "sabia0080/qwen3-4b-sft-v0-cotv2-lr2e6-ep2-wd001",
        "sam-murayama/sam-qwen3-lora-16",
        "help2opensource/Qwen3-4B-Instruct-2507_mental_health",
        "pokke11/qwen3-4b-structured-output-lora3",
        "takao-nb/qwen3-4b-structured-submit16-lora",
        "Centkun/qwen3-4b-instruct-2507-lora-homework_vo6",
        "marukame332/final_asignment",
        "tsubasaka/lora-repo-v4",
        "Sumiokashi/qwen3-4b-structured-3k-mix-sft_lora-repo_ver34",
        "Kpitc5884/Kpitc5884-lora-repo",
        "yokobo-ai/qwen3-4b-so-lora-v10",
        "MMdesanQ1/your-lora-repo-v3",
        "Umezaki/sft-qwen-v2-lora8-upsample-adapter",
        "hiro877/your-lora-repo-structured-hard-sft-4-0205",
        "katsumi1701/qwen3-4b-structured-output-lora-sft2",
        "thetmon/c1",
        "tmiyamoto/qwen3-4b-agentbench-exp02",
        "yokobo-ai/qwen3-4b-so-lora-v8",
        "manamano88/qwen3-4b-structured-output-lora-v15-14",
        "kiratan/qwen3-4b-structeval-lora-87",
        "choco800/Qwen3-4B-SFT-v13",
        "kawashimas/qwen3-4b-lora-exp1"
    ],
    "train+valid_accuracy": 0.4,
    "test_accuracy": 0.3556,
    "weights": [
        0.42234962275085797,
        0.3831782352070434,
        -0.031891940706198586,
        0.016022921398128828,
        0.4683036648781466,
        0.0447196884536479,
        0.01888666866773508,
        0.033478283680771395,
        -0.013624467652329567,
        0.019336298155135663,
        0.011240858472142892,
        0.03816912345141283,
        0.025441061913921863,
        -0.026374694031108335,
        -0.012563962903418994,
        -0.04702891567054058,
        -0.02071534067316563,
        0.0017725076183836555,
        0.06025197702928121,
        -0.0072842875760524926,
        0.019198184243136823,
        -0.13736164166535061,
        -0.029359182978553184,
        0.002766222898176472,
        0.046895240745057576,
        0.011404997625663434,
        0.03205296057767531,
        0.019914909246701647,
        0.5512684391892099,
        -0.005289328148931564
    ]
}