{
    "task": "quail",
    "expert_name": [
        "sfutenma/lora_structeval_t_qwen3_4b_v260221-211258",
        "tehiro/qwen3-structeval-lora",
        "kmd2525/qwen3-4b-structured-output-lora-v5.2",
        "t-mizuma/qwen3-4b-structeval-lora-5",
        "worldmate/007kuma",
        "ksk740/model20260211",
        "YyUuYyAa/qwen3-4b-structured-output-lora-revised",
        "takao-nb/qwen3-4b-structured-submit10-lora",
        "sabia0080/qwen3-4b-sft-v0-cotv2-lr2e6-ep2-wd001",
        "sam-murayama/sam-qwen3-lora-16",
        "help2opensource/Qwen3-4B-Instruct-2507_mental_health",
        "pokke11/qwen3-4b-structured-output-lora3",
        "takao-nb/qwen3-4b-structured-submit16-lora",
        "Centkun/qwen3-4b-instruct-2507-lora-homework_vo6",
        "marukame332/final_asignment",
        "tsubasaka/lora-repo-v4",
        "Sumiokashi/qwen3-4b-structured-3k-mix-sft_lora-repo_ver34",
        "Kpitc5884/Kpitc5884-lora-repo",
        "yokobo-ai/qwen3-4b-so-lora-v10",
        "MMdesanQ1/your-lora-repo-v3",
        "Umezaki/sft-qwen-v2-lora8-upsample-adapter",
        "hiro877/your-lora-repo-structured-hard-sft-4-0205",
        "katsumi1701/qwen3-4b-structured-output-lora-sft2",
        "thetmon/c1",
        "tmiyamoto/qwen3-4b-agentbench-exp02",
        "yokobo-ai/qwen3-4b-so-lora-v8",
        "manamano88/qwen3-4b-structured-output-lora-v15-14",
        "kiratan/qwen3-4b-structeval-lora-87",
        "choco800/Qwen3-4B-SFT-v13",
        "kawashimas/qwen3-4b-lora-exp1"
    ],
    "train+valid_accuracy": 0.48,
    "test_accuracy": 0.5229268292682927,
    "weights": [
        0.4703836097330438,
        -0.20339404994006266,
        -0.00546823178776557,
        0.018535940760583815,
        0.2615302577145232,
        -0.012949515098126934,
        -0.26481572952208576,
        0.07006366509168427,
        0.19668489606479347,
        -0.07384554099906283,
        0.45421266550595835,
        -0.1679869052157144,
        0.6166129790930966,
        0.10818037605408189,
        0.5484257623775648,
        0.4735065442307401,
        -0.005515983516550632,
        -0.03453853639717896,
        0.0189085649709317,
        0.09145138401241411,
        0.5140697879278562,
        -0.027596954851762744,
        -0.019953201309975528,
        -0.018984652030162703,
        0.4284172886790672,
        0.016910946476667337,
        0.13164737611678337,
        0.05843813560342103,
        0.58541278420544,
        -0.00558704278266788
    ]
}