{
    "task": "temporal_sequences",
    "expert_name": [
        "r-three/lora_baseline_qwen_lr3e-4_step400_rank64_temporal_sequences",
        "sfutenma/lora_structeval_t_qwen3_4b_v260221-211258",
        "tehiro/qwen3-structeval-lora",
        "kmd2525/qwen3-4b-structured-output-lora-v5.2",
        "t-mizuma/qwen3-4b-structeval-lora-5",
        "worldmate/007kuma",
        "ksk740/model20260211",
        "YyUuYyAa/qwen3-4b-structured-output-lora-revised",
        "takao-nb/qwen3-4b-structured-submit10-lora",
        "sabia0080/qwen3-4b-sft-v0-cotv2-lr2e6-ep2-wd001",
        "sam-murayama/sam-qwen3-lora-16",
        "help2opensource/Qwen3-4B-Instruct-2507_mental_health",
        "pokke11/qwen3-4b-structured-output-lora3",
        "takao-nb/qwen3-4b-structured-submit16-lora",
        "Centkun/qwen3-4b-instruct-2507-lora-homework_vo6",
        "marukame332/final_asignment",
        "tsubasaka/lora-repo-v4",
        "Sumiokashi/qwen3-4b-structured-3k-mix-sft_lora-repo_ver34",
        "Kpitc5884/Kpitc5884-lora-repo",
        "yokobo-ai/qwen3-4b-so-lora-v10",
        "MMdesanQ1/your-lora-repo-v3",
        "Umezaki/sft-qwen-v2-lora8-upsample-adapter",
        "hiro877/your-lora-repo-structured-hard-sft-4-0205",
        "katsumi1701/qwen3-4b-structured-output-lora-sft2",
        "thetmon/c1",
        "tmiyamoto/qwen3-4b-agentbench-exp02",
        "yokobo-ai/qwen3-4b-so-lora-v8",
        "manamano88/qwen3-4b-structured-output-lora-v15-14",
        "kiratan/qwen3-4b-structeval-lora-87",
        "choco800/Qwen3-4B-SFT-v13"
    ],
    "train+valid_accuracy": 1.0,
    "test_accuracy": 1.0,
    "weights": [
        0.8411978227542577,
        0.4694115866127277,
        0.4971610654838743,
        0.4437037839386126,
        0.012819710164110435,
        -0.15517672629943574,
        -0.11315611912698414,
        0.05924967104575832,
        0.043621645665992054,
        -0.16705139207174757,
        -0.16978410465993118,
        0.027108159152319983,
        -0.19275086752378426,
        -0.008510715603435642,
        -0.1037616220570254,
        0.02393968519503808,
        -0.011625122987771136,
        -0.05221699511448735,
        -0.05784998287639966,
        -0.08204984809095808,
        -0.15937175559065034,
        0.06129813595753451,
        -0.22108000222283905,
        -0.2046166469338783,
        -0.19730639815221473,
        -0.07144912577704104,
        -0.15463899108693888,
        -0.022296359460803564,
        -0.10736611079513039,
        -0.010418474704748245
    ]
}