{
    "task": "twitter_complaints",
    "expert_name": [
        "r-three/lora_baseline_qwen_lr3e-4_step400_rank64_twitter_complaints",
        "sfutenma/lora_structeval_t_qwen3_4b_v260221-211258",
        "tehiro/qwen3-structeval-lora",
        "kmd2525/qwen3-4b-structured-output-lora-v5.2",
        "t-mizuma/qwen3-4b-structeval-lora-5",
        "worldmate/007kuma",
        "ksk740/model20260211",
        "YyUuYyAa/qwen3-4b-structured-output-lora-revised",
        "takao-nb/qwen3-4b-structured-submit10-lora",
        "sabia0080/qwen3-4b-sft-v0-cotv2-lr2e6-ep2-wd001",
        "sam-murayama/sam-qwen3-lora-16",
        "help2opensource/Qwen3-4B-Instruct-2507_mental_health",
        "pokke11/qwen3-4b-structured-output-lora3",
        "takao-nb/qwen3-4b-structured-submit16-lora",
        "Centkun/qwen3-4b-instruct-2507-lora-homework_vo6",
        "marukame332/final_asignment",
        "tsubasaka/lora-repo-v4",
        "Sumiokashi/qwen3-4b-structured-3k-mix-sft_lora-repo_ver34",
        "Kpitc5884/Kpitc5884-lora-repo",
        "yokobo-ai/qwen3-4b-so-lora-v10",
        "MMdesanQ1/your-lora-repo-v3",
        "Umezaki/sft-qwen-v2-lora8-upsample-adapter",
        "hiro877/your-lora-repo-structured-hard-sft-4-0205",
        "katsumi1701/qwen3-4b-structured-output-lora-sft2",
        "thetmon/c1",
        "tmiyamoto/qwen3-4b-agentbench-exp02",
        "yokobo-ai/qwen3-4b-so-lora-v8",
        "manamano88/qwen3-4b-structured-output-lora-v15-14",
        "kiratan/qwen3-4b-structeval-lora-87",
        "choco800/Qwen3-4B-SFT-v13"
    ],
    "train+valid_accuracy": 0.91,
    "test_accuracy": 0.863768115942029,
    "weights": [
        -0.03166182118032989,
        0.532154290487575,
        -0.046269981602939346,
        0.4977041768066564,
        0.04043591022207087,
        0.5025953908880042,
        0.00683307662852529,
        -0.042541271209800544,
        -0.08702205023118637,
        -0.05941312325546417,
        0.02228908403652935,
        -0.03342696853566421,
        0.0175281235468378,
        -0.019036527482884258,
        -0.009140259143728017,
        0.003986729051906005,
        0.017810824692343234,
        -0.015201572434437809,
        -0.005271014908014304,
        0.07110112873141979,
        0.08628315980093586,
        0.028470779652803566,
        -0.05521024927803017,
        -0.022421001281032204,
        0.010746713738300427,
        0.037277041459772176,
        -0.024338268163143113,
        -0.016955658189211843,
        -0.032909247957868294,
        -0.0019153314914985167
    ]
}