{
    "task": "super_glue_copa",
    "expert_name": [
        "r-three/lora_baseline_qwen_lr3e-4_step400_rank64_super_glue_copa",
        "yochimachika/yochimachika-lora-repo07",
        "shokuma/qwen3-4b-structured-output-lora-20260217-1st",
        "Kaito-F/lora-repo-v18",
        "cjkasbdkjnlakb/agent-0927-05",
        "kochan13/qwen-qwen3-4b-structured-output-lora-26020502",
        "jmJapan/jm26",
        "Shusuke07/qwen3-4b-structured-output-lora-repo-1-3_2-3_01",
        "tmiyamoto/qwen3-4b-agentbench-exp02",
        "Shusuke07/qwen3-4b-structured-output-lora-repo-2-3_04",
        "fumikawa/a25-v0004",
        "cjkasbdkjnlakb/agnet-0906",
        "Tanayuya/qwen3-4b-structured-output-lora-ver2",
        "shinich001/qwen3-4b-5kmix-seq2k-ep1",
        "y-tani/lora_structeval_t_qwen3_4b_v8",
        "NibiruTwin/qwen3-4b-structured-output-lora-v6",
        "yokobo-ai/qwen3-4b-so-lora-v2",
        "hikahika/Qwen3-4B-Instruct-2507exp18",
        "takayosh/your-lora-repo",
        "Yuya0/qwen3-4b-lora_v1.8",
        "G7O8/lora_R8_A16_D005_epo2_LR1e4_structeval_t_qwen3_4b",
        "takeofuture/shibatake-SFT_2602071922",
        "sam-murayama/sam-qwen3-lora-15",
        "worldmate/004kuma",
        "Zsom1997/your-lora-repo-11r",
        "akamei/AK_1ep_4e-6_512_LORAdr_Decay_WU_0219",
        "takao-nb/qwen3-4b-structured-submit23-lora",
        "ortiz-ai/qwen3-4b-structured-output-lora_2ep_5e5_512_005_toml64",
        "okaba815/your-lora-repo",
        "Isk5434/qwen3-4b-structured-output-lora-onlydown2"
    ],
    "train+valid_accuracy": 0.99,
    "test_accuracy": 0.925,
    "weights": [
        0.5800908656504223,
        0.5230134572150145,
        -0.002755532588644976,
        0.486286932318884,
        0.45866240606372005,
        -0.013150776924152192,
        -0.006304610120474054,
        -0.04572568619576969,
        -0.022712969682959397,
        -0.06745151140686521,
        0.007621885970857396,
        -0.028234313565200966,
        -0.04932480990384282,
        0.010900857045969575,
        0.039000342807532326,
        0.0008192656668514903,
        -0.011104806566935122,
        -0.04544908251856972,
        -0.019419223936924496,
        -0.08514230164343653,
        -0.02229918893459238,
        0.029097449482393158,
        -0.004724411547258182,
        0.028515929255707312,
        -0.004600071853088682,
        0.008723744821725703,
        -0.00892067841977044,
        -0.003217753262542717,
        -0.009994009737456712,
        -0.010949582527487178
    ]
}