{
    "task": "xnli_hi",
    "expert_name": [
        "yochimachika/yochimachika-lora-repo07",
        "shokuma/qwen3-4b-structured-output-lora-20260217-1st",
        "Kaito-F/lora-repo-v18",
        "cjkasbdkjnlakb/agent-0927-05",
        "kochan13/qwen-qwen3-4b-structured-output-lora-26020502",
        "jmJapan/jm26",
        "Shusuke07/qwen3-4b-structured-output-lora-repo-1-3_2-3_01",
        "tmiyamoto/qwen3-4b-agentbench-exp02",
        "Shusuke07/qwen3-4b-structured-output-lora-repo-2-3_04",
        "fumikawa/a25-v0004",
        "cjkasbdkjnlakb/agnet-0906",
        "Tanayuya/qwen3-4b-structured-output-lora-ver2",
        "shinich001/qwen3-4b-5kmix-seq2k-ep1",
        "y-tani/lora_structeval_t_qwen3_4b_v8",
        "NibiruTwin/qwen3-4b-structured-output-lora-v6",
        "yokobo-ai/qwen3-4b-so-lora-v2",
        "hikahika/Qwen3-4B-Instruct-2507exp18",
        "takayosh/your-lora-repo",
        "Yuya0/qwen3-4b-lora_v1.8",
        "G7O8/lora_R8_A16_D005_epo2_LR1e4_structeval_t_qwen3_4b",
        "takeofuture/shibatake-SFT_2602071922",
        "sam-murayama/sam-qwen3-lora-15",
        "worldmate/004kuma",
        "Zsom1997/your-lora-repo-11r",
        "akamei/AK_1ep_4e-6_512_LORAdr_Decay_WU_0219",
        "takao-nb/qwen3-4b-structured-submit23-lora",
        "ortiz-ai/qwen3-4b-structured-output-lora_2ep_5e5_512_005_toml64",
        "okaba815/your-lora-repo",
        "Isk5434/qwen3-4b-structured-output-lora-onlydown2",
        "thetmon/c11"
    ],
    "train+valid_accuracy": 0.48,
    "test_accuracy": 0.507,
    "weights": [
        0.5154806438327845,
        -0.34097022972188357,
        0.43308509300067244,
        0.5211402921824898,
        -0.05958610176775871,
        0.5471866855894646,
        0.04650235773754408,
        -0.061886527419421376,
        0.061020823171282344,
        -0.02507809814021842,
        0.0007825024256879545,
        0.02461639464783714,
        0.0153053438318353,
        -0.03986744818533972,
        0.037240783002443205,
        -0.01862584452196535,
        -0.0042381665317577,
        0.1252673751700845,
        0.013381533308041376,
        -0.05460010937791179,
        -0.03452091291325116,
        -0.05696101376959211,
        0.015468385343888462,
        -0.09363380696010096,
        0.019039624084716072,
        0.010659114531904492,
        0.4824541487487585,
        0.021793682098866868,
        -0.009072266095144495,
        -0.07205151470951263
    ]
}