{
    "task": "super_glue_boolq",
    "expert_name": [
        "r-three/lora_baseline_qwen_lr3e-4_step400_rank64_super_glue_boolq",
        "sfutenma/lora_structeval_t_qwen3_4b_v260221-211258",
        "tehiro/qwen3-structeval-lora",
        "kmd2525/qwen3-4b-structured-output-lora-v5.2",
        "t-mizuma/qwen3-4b-structeval-lora-5",
        "worldmate/007kuma",
        "ksk740/model20260211",
        "YyUuYyAa/qwen3-4b-structured-output-lora-revised",
        "takao-nb/qwen3-4b-structured-submit10-lora",
        "sabia0080/qwen3-4b-sft-v0-cotv2-lr2e6-ep2-wd001",
        "sam-murayama/sam-qwen3-lora-16",
        "help2opensource/Qwen3-4B-Instruct-2507_mental_health",
        "pokke11/qwen3-4b-structured-output-lora3",
        "takao-nb/qwen3-4b-structured-submit16-lora",
        "Centkun/qwen3-4b-instruct-2507-lora-homework_vo6",
        "marukame332/final_asignment",
        "tsubasaka/lora-repo-v4",
        "Sumiokashi/qwen3-4b-structured-3k-mix-sft_lora-repo_ver34",
        "Kpitc5884/Kpitc5884-lora-repo",
        "yokobo-ai/qwen3-4b-so-lora-v10",
        "MMdesanQ1/your-lora-repo-v3",
        "Umezaki/sft-qwen-v2-lora8-upsample-adapter",
        "hiro877/your-lora-repo-structured-hard-sft-4-0205",
        "katsumi1701/qwen3-4b-structured-output-lora-sft2",
        "thetmon/c1",
        "tmiyamoto/qwen3-4b-agentbench-exp02",
        "yokobo-ai/qwen3-4b-so-lora-v8",
        "manamano88/qwen3-4b-structured-output-lora-v15-14",
        "kiratan/qwen3-4b-structeval-lora-87",
        "choco800/Qwen3-4B-SFT-v13"
    ],
    "train+valid_accuracy": 0.84,
    "test_accuracy": 0.8218451749734889,
    "weights": [
        0.467195218604047,
        0.4897823915219951,
        0.004293108368934231,
        0.5568600163030522,
        0.46904077837457464,
        -0.06865755501200614,
        0.0038344345816240847,
        -0.028750498822993027,
        -0.00947524829029684,
        0.011013423144756005,
        0.003084558980270188,
        0.004597745149077275,
        -0.0019477802059378103,
        0.01293896669334365,
        -0.007769489181039462,
        0.5139535859890636,
        0.02292061556911467,
        -0.029850366193617427,
        -0.006453172304115452,
        0.00047670648843639867,
        0.010954043417992033,
        0.49487369000293535,
        -0.01229312144091218,
        -0.016414216888432934,
        -0.015882076557222926,
        -0.003906623936910512,
        -0.005449985906824786,
        0.028204431070047317,
        0.003448007130126726,
        0.03861921538093188
    ]
}