{
    "task": "glue_mnli",
    "expert_name": [
        "sfutenma/lora_structeval_t_qwen3_4b_v260221-211258",
        "tehiro/qwen3-structeval-lora",
        "kmd2525/qwen3-4b-structured-output-lora-v5.2",
        "t-mizuma/qwen3-4b-structeval-lora-5",
        "worldmate/007kuma",
        "ksk740/model20260211",
        "YyUuYyAa/qwen3-4b-structured-output-lora-revised",
        "takao-nb/qwen3-4b-structured-submit10-lora",
        "sabia0080/qwen3-4b-sft-v0-cotv2-lr2e6-ep2-wd001",
        "sam-murayama/sam-qwen3-lora-16",
        "help2opensource/Qwen3-4B-Instruct-2507_mental_health",
        "pokke11/qwen3-4b-structured-output-lora3",
        "takao-nb/qwen3-4b-structured-submit16-lora",
        "Centkun/qwen3-4b-instruct-2507-lora-homework_vo6",
        "marukame332/final_asignment",
        "tsubasaka/lora-repo-v4",
        "Sumiokashi/qwen3-4b-structured-3k-mix-sft_lora-repo_ver34",
        "Kpitc5884/Kpitc5884-lora-repo",
        "yokobo-ai/qwen3-4b-so-lora-v10",
        "MMdesanQ1/your-lora-repo-v3",
        "Umezaki/sft-qwen-v2-lora8-upsample-adapter",
        "hiro877/your-lora-repo-structured-hard-sft-4-0205",
        "katsumi1701/qwen3-4b-structured-output-lora-sft2",
        "thetmon/c1",
        "tmiyamoto/qwen3-4b-agentbench-exp02",
        "yokobo-ai/qwen3-4b-so-lora-v8",
        "manamano88/qwen3-4b-structured-output-lora-v15-14",
        "kiratan/qwen3-4b-structeval-lora-87",
        "choco800/Qwen3-4B-SFT-v13",
        "kawashimas/qwen3-4b-lora-exp1"
    ],
    "train+valid_accuracy": 0.81,
    "test_accuracy": 0.7758,
    "weights": [
        0.564296252345815,
        0.0035376695232032795,
        0.0036754147574031342,
        0.0030961856061328097,
        0.4977766442343002,
        0.013967860326579432,
        -0.07994893660274786,
        0.005527983268223798,
        0.0008295897803531455,
        -0.0379691361528156,
        -0.028237582353996236,
        0.018245136552148898,
        0.005708112780578251,
        0.007225977344896065,
        0.003617389552415505,
        0.0022558635281945388,
        -0.035425123647066355,
        -0.016010982029320095,
        -0.008362398392108323,
        0.12077473150676298,
        0.5046769523677377,
        -0.040827600271590735,
        -0.046403723118702174,
        -0.009202341619378293,
        -0.007452935626337496,
        -0.010105461244746304,
        -0.008875822213292257,
        0.5096075146819,
        -0.0017605470762677492,
        0.010198999370485684
    ]
}