{
    "task": "unarxive_imrad_clf",
    "expert_name": [
        "sfutenma/lora_structeval_t_qwen3_4b_v260221-211258",
        "tehiro/qwen3-structeval-lora",
        "kmd2525/qwen3-4b-structured-output-lora-v5.2",
        "t-mizuma/qwen3-4b-structeval-lora-5",
        "worldmate/007kuma",
        "ksk740/model20260211",
        "YyUuYyAa/qwen3-4b-structured-output-lora-revised",
        "takao-nb/qwen3-4b-structured-submit10-lora",
        "sabia0080/qwen3-4b-sft-v0-cotv2-lr2e6-ep2-wd001",
        "sam-murayama/sam-qwen3-lora-16",
        "help2opensource/Qwen3-4B-Instruct-2507_mental_health",
        "pokke11/qwen3-4b-structured-output-lora3",
        "takao-nb/qwen3-4b-structured-submit16-lora",
        "Centkun/qwen3-4b-instruct-2507-lora-homework_vo6",
        "marukame332/final_asignment",
        "tsubasaka/lora-repo-v4",
        "Sumiokashi/qwen3-4b-structured-3k-mix-sft_lora-repo_ver34",
        "Kpitc5884/Kpitc5884-lora-repo",
        "yokobo-ai/qwen3-4b-so-lora-v10",
        "MMdesanQ1/your-lora-repo-v3",
        "Umezaki/sft-qwen-v2-lora8-upsample-adapter",
        "hiro877/your-lora-repo-structured-hard-sft-4-0205",
        "katsumi1701/qwen3-4b-structured-output-lora-sft2",
        "thetmon/c1",
        "tmiyamoto/qwen3-4b-agentbench-exp02",
        "yokobo-ai/qwen3-4b-so-lora-v8",
        "manamano88/qwen3-4b-structured-output-lora-v15-14",
        "kiratan/qwen3-4b-structeval-lora-87",
        "choco800/Qwen3-4B-SFT-v13",
        "kawashimas/qwen3-4b-lora-exp1"
    ],
    "train+valid_accuracy": 0.15,
    "test_accuracy": 0.13551495683597672,
    "weights": [
        0.4630022891322114,
        0.5144379105914291,
        0.4957154336824196,
        0.4789852665940372,
        0.479604153862217,
        -0.06772831334786544,
        -0.013141107732516017,
        0.006616857759856298,
        0.007874981488190524,
        0.06838864803230794,
        0.0009227671990892398,
        0.01680502378393681,
        -0.016715213608759796,
        0.01726141945474466,
        0.5054150165553274,
        0.560866006183955,
        -0.013759415750909297,
        0.013171778314437018,
        0.027667860473379578,
        -0.022821653028141282,
        0.4951446576978477,
        -0.01702606297961298,
        -0.0323117520666749,
        -0.020177663436002767,
        -0.026740478046944908,
        -0.03284823598318098,
        -0.02196930920657621,
        -0.028531378150239498,
        -0.02181427324970309,
        -0.031147250336107084
    ]
}