{
    "task": "unarxive_imrad_clf",
    "expert_name": [
        "r-three/lora_baseline_qwen_lr3e-4_step400_rank64_unarxive_imrad_clf",
        "sfutenma/lora_structeval_t_qwen3_4b_v260221-211258",
        "tehiro/qwen3-structeval-lora",
        "kmd2525/qwen3-4b-structured-output-lora-v5.2",
        "t-mizuma/qwen3-4b-structeval-lora-5",
        "worldmate/007kuma",
        "ksk740/model20260211",
        "YyUuYyAa/qwen3-4b-structured-output-lora-revised",
        "takao-nb/qwen3-4b-structured-submit10-lora",
        "sabia0080/qwen3-4b-sft-v0-cotv2-lr2e6-ep2-wd001",
        "sam-murayama/sam-qwen3-lora-16",
        "help2opensource/Qwen3-4B-Instruct-2507_mental_health",
        "pokke11/qwen3-4b-structured-output-lora3",
        "takao-nb/qwen3-4b-structured-submit16-lora",
        "Centkun/qwen3-4b-instruct-2507-lora-homework_vo6",
        "marukame332/final_asignment",
        "tsubasaka/lora-repo-v4",
        "Sumiokashi/qwen3-4b-structured-3k-mix-sft_lora-repo_ver34",
        "Kpitc5884/Kpitc5884-lora-repo",
        "yokobo-ai/qwen3-4b-so-lora-v10",
        "MMdesanQ1/your-lora-repo-v3",
        "Umezaki/sft-qwen-v2-lora8-upsample-adapter",
        "hiro877/your-lora-repo-structured-hard-sft-4-0205",
        "katsumi1701/qwen3-4b-structured-output-lora-sft2",
        "thetmon/c1",
        "tmiyamoto/qwen3-4b-agentbench-exp02",
        "yokobo-ai/qwen3-4b-so-lora-v8",
        "manamano88/qwen3-4b-structured-output-lora-v15-14",
        "kiratan/qwen3-4b-structeval-lora-87",
        "choco800/Qwen3-4B-SFT-v13"
    ],
    "train+valid_accuracy": 0.38,
    "test_accuracy": 0.336679381650271,
    "weights": [
        0.469233958400448,
        0.44276305691174705,
        0.4559130186845032,
        0.21423846677609817,
        0.49397951747984936,
        -0.3579127932328365,
        -0.12651708700161848,
        0.31827316553715723,
        0.49573198342917857,
        -0.02206682958807006,
        -0.06822449727727134,
        -0.011392402868881437,
        -0.050957730818390626,
        -0.044784440375576155,
        -0.004419153083085661,
        0.5275681249790451,
        0.5176002518527849,
        0.031126370075280886,
        -0.05169356466489627,
        -0.060631988719644994,
        -0.09110754919228888,
        0.04477249180802045,
        0.045158016997658174,
        -0.02148670076713228,
        0.0063931913358369966,
        -0.10751661223740074,
        -0.062144186798550896,
        0.5189146791599936,
        -0.02640210566785689,
        -0.023674124632698183
    ]
}