{
    "task": "aqua_rat",
    "expert_name": [
        "r-three/lora_baseline_qwen_lr3e-4_step400_rank64_aqua_rat",
        "sfutenma/lora_structeval_t_qwen3_4b_v260221-211258",
        "tehiro/qwen3-structeval-lora",
        "kmd2525/qwen3-4b-structured-output-lora-v5.2",
        "t-mizuma/qwen3-4b-structeval-lora-5",
        "worldmate/007kuma",
        "ksk740/model20260211",
        "YyUuYyAa/qwen3-4b-structured-output-lora-revised",
        "takao-nb/qwen3-4b-structured-submit10-lora",
        "sabia0080/qwen3-4b-sft-v0-cotv2-lr2e6-ep2-wd001",
        "sam-murayama/sam-qwen3-lora-16",
        "help2opensource/Qwen3-4B-Instruct-2507_mental_health",
        "pokke11/qwen3-4b-structured-output-lora3",
        "takao-nb/qwen3-4b-structured-submit16-lora",
        "Centkun/qwen3-4b-instruct-2507-lora-homework_vo6",
        "marukame332/final_asignment",
        "tsubasaka/lora-repo-v4",
        "Sumiokashi/qwen3-4b-structured-3k-mix-sft_lora-repo_ver34",
        "Kpitc5884/Kpitc5884-lora-repo",
        "yokobo-ai/qwen3-4b-so-lora-v10",
        "MMdesanQ1/your-lora-repo-v3",
        "Umezaki/sft-qwen-v2-lora8-upsample-adapter",
        "hiro877/your-lora-repo-structured-hard-sft-4-0205",
        "katsumi1701/qwen3-4b-structured-output-lora-sft2",
        "thetmon/c1",
        "tmiyamoto/qwen3-4b-agentbench-exp02",
        "yokobo-ai/qwen3-4b-so-lora-v8",
        "manamano88/qwen3-4b-structured-output-lora-v15-14",
        "kiratan/qwen3-4b-structeval-lora-87",
        "choco800/Qwen3-4B-SFT-v13"
    ],
    "train+valid_accuracy": 0.37,
    "test_accuracy": 0.2559055118110236,
    "weights": [
        0.4965194785101231,
        0.495521193883024,
        0.0006056979118559928,
        0.4934470544929916,
        0.49910721718744694,
        0.4999891276102275,
        -0.000688408524556346,
        -0.0018102970081106849,
        -0.015765293210898975,
        -0.0009896561193706414,
        -0.0036130551758133084,
        -0.0021643176058817426,
        -0.0013981064920100855,
        -0.002157659756912885,
        -0.004204700579767657,
        -0.0024879166414834915,
        -0.002930660622115813,
        -0.002913539872234637,
        -0.002951129887142492,
        0.045174161910179186,
        -0.004226644973731702,
        0.4962467444341616,
        -0.0016123004503086245,
        -0.0030098565644499664,
        -0.0013986546341562388,
        0.0006149005412773976,
        -0.0018619534339680357,
        0.00018109907746815068,
        -0.0013134764236668673,
        0.5021371221849349
    ]
}