{
    "task": "ade_corpus_v2",
    "expert_name": [
        "sfutenma/lora_structeval_t_qwen3_4b_v260221-211258",
        "tehiro/qwen3-structeval-lora",
        "kmd2525/qwen3-4b-structured-output-lora-v5.2",
        "t-mizuma/qwen3-4b-structeval-lora-5",
        "worldmate/007kuma",
        "ksk740/model20260211",
        "YyUuYyAa/qwen3-4b-structured-output-lora-revised",
        "takao-nb/qwen3-4b-structured-submit10-lora",
        "sabia0080/qwen3-4b-sft-v0-cotv2-lr2e6-ep2-wd001",
        "sam-murayama/sam-qwen3-lora-16",
        "help2opensource/Qwen3-4B-Instruct-2507_mental_health",
        "pokke11/qwen3-4b-structured-output-lora3",
        "takao-nb/qwen3-4b-structured-submit16-lora",
        "Centkun/qwen3-4b-instruct-2507-lora-homework_vo6",
        "marukame332/final_asignment",
        "tsubasaka/lora-repo-v4",
        "Sumiokashi/qwen3-4b-structured-3k-mix-sft_lora-repo_ver34",
        "Kpitc5884/Kpitc5884-lora-repo",
        "yokobo-ai/qwen3-4b-so-lora-v10",
        "MMdesanQ1/your-lora-repo-v3",
        "Umezaki/sft-qwen-v2-lora8-upsample-adapter",
        "hiro877/your-lora-repo-structured-hard-sft-4-0205",
        "katsumi1701/qwen3-4b-structured-output-lora-sft2",
        "thetmon/c1",
        "tmiyamoto/qwen3-4b-agentbench-exp02",
        "yokobo-ai/qwen3-4b-so-lora-v8",
        "manamano88/qwen3-4b-structured-output-lora-v15-14",
        "kiratan/qwen3-4b-structeval-lora-87",
        "choco800/Qwen3-4B-SFT-v13",
        "kawashimas/qwen3-4b-lora-exp1"
    ],
    "train+valid_accuracy": 0.8,
    "test_accuracy": 0.7079081632653061,
    "weights": [
        0.504944974374784,
        -0.016066842909773508,
        -0.030935305331545173,
        -0.006376678988989347,
        8.596531112009537e-05,
        -0.006038849798357888,
        -0.021311960633944957,
        -0.005494192427153412,
        -0.015503158528721868,
        0.03499632578879988,
        -0.007318635581574835,
        -0.012027196228479014,
        0.48957575910109374,
        -0.0032047794542612957,
        -0.02211355583669595,
        0.012284728990045936,
        -0.006073402568628978,
        -0.013223709183353987,
        -0.002426445450762835,
        -0.04149384166755827,
        0.5146354168720376,
        0.01991865995820417,
        -0.03555565101892306,
        -0.02094502255537155,
        0.04088177244462261,
        -0.018527855368293284,
        -0.018623786301902312,
        -0.004708919029319326,
        0.01983600431862216,
        -0.015846651143821135
    ]
}