{
    "task": "machine_paraphrase_dataset",
    "expert_name": [
        "yochimachika/yochimachika-lora-repo07",
        "shokuma/qwen3-4b-structured-output-lora-20260217-1st",
        "Kaito-F/lora-repo-v18",
        "cjkasbdkjnlakb/agent-0927-05",
        "kochan13/qwen-qwen3-4b-structured-output-lora-26020502",
        "jmJapan/jm26",
        "Shusuke07/qwen3-4b-structured-output-lora-repo-1-3_2-3_01",
        "tmiyamoto/qwen3-4b-agentbench-exp02",
        "Shusuke07/qwen3-4b-structured-output-lora-repo-2-3_04",
        "fumikawa/a25-v0004",
        "cjkasbdkjnlakb/agnet-0906",
        "Tanayuya/qwen3-4b-structured-output-lora-ver2",
        "shinich001/qwen3-4b-5kmix-seq2k-ep1",
        "y-tani/lora_structeval_t_qwen3_4b_v8",
        "NibiruTwin/qwen3-4b-structured-output-lora-v6",
        "yokobo-ai/qwen3-4b-so-lora-v2",
        "hikahika/Qwen3-4B-Instruct-2507exp18",
        "takayosh/your-lora-repo",
        "Yuya0/qwen3-4b-lora_v1.8",
        "G7O8/lora_R8_A16_D005_epo2_LR1e4_structeval_t_qwen3_4b",
        "takeofuture/shibatake-SFT_2602071922",
        "sam-murayama/sam-qwen3-lora-15",
        "worldmate/004kuma",
        "Zsom1997/your-lora-repo-11r",
        "akamei/AK_1ep_4e-6_512_LORAdr_Decay_WU_0219",
        "takao-nb/qwen3-4b-structured-submit23-lora",
        "ortiz-ai/qwen3-4b-structured-output-lora_2ep_5e5_512_005_toml64",
        "okaba815/your-lora-repo",
        "Isk5434/qwen3-4b-structured-output-lora-onlydown2",
        "thetmon/c11"
    ],
    "train+valid_accuracy": 0.74,
    "test_accuracy": 0.6207724634780869,
    "weights": [
        -0.06526552947135267,
        -0.009730971014966203,
        0.0004634159394566687,
        0.5050510177143679,
        -0.004971639123275323,
        0.5005720474895333,
        -0.018696848895683578,
        -0.002522127139675944,
        -0.018896637268540576,
        -0.03281532732941882,
        0.5037762779999889,
        -0.04848318293271706,
        -0.03333676953507674,
        -0.0070245472476911245,
        -0.02940427398887907,
        -0.03455102117025666,
        -0.032246811969812224,
        -0.03958771483357282,
        -0.059036103711217855,
        -0.02394752894638353,
        -0.01672386604578691,
        -0.04188724020166169,
        -0.020908761548964448,
        -0.009478069555966263,
        -0.029994427412938486,
        -0.007494627249961796,
        -0.004539259008778627,
        -0.0173748053103354,
        -0.014904863593782597,
        0.00434620228912138
    ]
}