{
    "task": "twitter_financial_news_sentiment",
    "expert_name": [
        "r-three/lora_baseline_qwen_lr3e-4_step400_rank64_twitter_financial_news_sentiment",
        "sfutenma/lora_structeval_t_qwen3_4b_v260221-211258",
        "tehiro/qwen3-structeval-lora",
        "kmd2525/qwen3-4b-structured-output-lora-v5.2",
        "t-mizuma/qwen3-4b-structeval-lora-5",
        "worldmate/007kuma",
        "ksk740/model20260211",
        "YyUuYyAa/qwen3-4b-structured-output-lora-revised",
        "takao-nb/qwen3-4b-structured-submit10-lora",
        "sabia0080/qwen3-4b-sft-v0-cotv2-lr2e6-ep2-wd001",
        "sam-murayama/sam-qwen3-lora-16",
        "help2opensource/Qwen3-4B-Instruct-2507_mental_health",
        "pokke11/qwen3-4b-structured-output-lora3",
        "takao-nb/qwen3-4b-structured-submit16-lora",
        "Centkun/qwen3-4b-instruct-2507-lora-homework_vo6",
        "marukame332/final_asignment",
        "tsubasaka/lora-repo-v4",
        "Sumiokashi/qwen3-4b-structured-3k-mix-sft_lora-repo_ver34",
        "Kpitc5884/Kpitc5884-lora-repo",
        "yokobo-ai/qwen3-4b-so-lora-v10",
        "MMdesanQ1/your-lora-repo-v3",
        "Umezaki/sft-qwen-v2-lora8-upsample-adapter",
        "hiro877/your-lora-repo-structured-hard-sft-4-0205",
        "katsumi1701/qwen3-4b-structured-output-lora-sft2",
        "thetmon/c1",
        "tmiyamoto/qwen3-4b-agentbench-exp02",
        "yokobo-ai/qwen3-4b-so-lora-v8",
        "manamano88/qwen3-4b-structured-output-lora-v15-14",
        "kiratan/qwen3-4b-structeval-lora-87",
        "choco800/Qwen3-4B-SFT-v13"
    ],
    "train+valid_accuracy": 0.89,
    "test_accuracy": 0.7926701570680629,
    "weights": [
        0.7611237504021441,
        0.4957007058847254,
        -0.26072280545506415,
        0.5291864250502286,
        0.0034108413614968146,
        0.03090534919558402,
        -0.022565598674850498,
        -0.029090095069442573,
        0.021377455855053917,
        0.4736545004173252,
        -0.0068982976291613735,
        0.010975792035573523,
        -0.009834293862184101,
        0.010814676724168377,
        -0.002781532466995593,
        0.010218776527895714,
        0.01038737128608164,
        0.006289918365070545,
        0.003951196359422001,
        -0.012065052281443075,
        0.1041507442069554,
        0.5025629774695135,
        -0.031100972539039283,
        -0.025229576509517435,
        -0.02389677143845129,
        0.0025998395978024066,
        -0.021832148202158955,
        0.005964994602043847,
        0.0051590129848346844,
        0.008854659845808788
    ]
}