{
    "task": "cryptonews_articles",
    "expert_name": [
        "r-three/lora_baseline_qwen_lr3e-4_step400_rank64_cryptonews_articles",
        "sfutenma/lora_structeval_t_qwen3_4b_v260221-211258",
        "tehiro/qwen3-structeval-lora",
        "kmd2525/qwen3-4b-structured-output-lora-v5.2",
        "t-mizuma/qwen3-4b-structeval-lora-5",
        "worldmate/007kuma",
        "ksk740/model20260211",
        "YyUuYyAa/qwen3-4b-structured-output-lora-revised",
        "takao-nb/qwen3-4b-structured-submit10-lora",
        "sabia0080/qwen3-4b-sft-v0-cotv2-lr2e6-ep2-wd001",
        "sam-murayama/sam-qwen3-lora-16",
        "help2opensource/Qwen3-4B-Instruct-2507_mental_health",
        "pokke11/qwen3-4b-structured-output-lora3",
        "takao-nb/qwen3-4b-structured-submit16-lora",
        "Centkun/qwen3-4b-instruct-2507-lora-homework_vo6",
        "marukame332/final_asignment",
        "tsubasaka/lora-repo-v4",
        "Sumiokashi/qwen3-4b-structured-3k-mix-sft_lora-repo_ver34",
        "Kpitc5884/Kpitc5884-lora-repo",
        "yokobo-ai/qwen3-4b-so-lora-v10",
        "MMdesanQ1/your-lora-repo-v3",
        "Umezaki/sft-qwen-v2-lora8-upsample-adapter",
        "hiro877/your-lora-repo-structured-hard-sft-4-0205",
        "katsumi1701/qwen3-4b-structured-output-lora-sft2",
        "thetmon/c1",
        "tmiyamoto/qwen3-4b-agentbench-exp02",
        "yokobo-ai/qwen3-4b-so-lora-v8",
        "manamano88/qwen3-4b-structured-output-lora-v15-14",
        "kiratan/qwen3-4b-structeval-lora-87",
        "choco800/Qwen3-4B-SFT-v13"
    ],
    "train+valid_accuracy": 0.38,
    "test_accuracy": 0.3776,
    "weights": [
        0.4311057410208783,
        -0.008315339035182877,
        -0.009488668709870125,
        -0.006973553812919532,
        -0.008753529033138158,
        -0.007727309056286054,
        0.006659556512112259,
        -0.008366421610072543,
        -0.028635703338423052,
        -0.005964147707860646,
        0.014687729409154773,
        -0.007871503045370667,
        -0.015324570171901475,
        -0.004297793146112704,
        -0.004771009610229792,
        -0.008970380673830772,
        -0.003902100661728562,
        -0.009461887114671873,
        -0.007460355990568736,
        -0.0071554753503835136,
        -0.007680954105299339,
        -0.0031640679069349204,
        -0.005024864617258585,
        -0.005716240921888256,
        -0.006302115875188797,
        -0.006692925970959137,
        -0.007287800638199709,
        -0.007553200216630813,
        -0.004256135158095668,
        -0.007171594241022376
    ]
}