{
    "task": "hyperbaton",
    "expert_name": [
        "yochimachika/yochimachika-lora-repo07",
        "shokuma/qwen3-4b-structured-output-lora-20260217-1st",
        "Kaito-F/lora-repo-v18",
        "cjkasbdkjnlakb/agent-0927-05",
        "kochan13/qwen-qwen3-4b-structured-output-lora-26020502",
        "jmJapan/jm26",
        "Shusuke07/qwen3-4b-structured-output-lora-repo-1-3_2-3_01",
        "tmiyamoto/qwen3-4b-agentbench-exp02",
        "Shusuke07/qwen3-4b-structured-output-lora-repo-2-3_04",
        "fumikawa/a25-v0004",
        "cjkasbdkjnlakb/agnet-0906",
        "Tanayuya/qwen3-4b-structured-output-lora-ver2",
        "shinich001/qwen3-4b-5kmix-seq2k-ep1",
        "y-tani/lora_structeval_t_qwen3_4b_v8",
        "NibiruTwin/qwen3-4b-structured-output-lora-v6",
        "yokobo-ai/qwen3-4b-so-lora-v2",
        "hikahika/Qwen3-4B-Instruct-2507exp18",
        "takayosh/your-lora-repo",
        "Yuya0/qwen3-4b-lora_v1.8",
        "G7O8/lora_R8_A16_D005_epo2_LR1e4_structeval_t_qwen3_4b",
        "takeofuture/shibatake-SFT_2602071922",
        "sam-murayama/sam-qwen3-lora-15",
        "worldmate/004kuma",
        "Zsom1997/your-lora-repo-11r",
        "akamei/AK_1ep_4e-6_512_LORAdr_Decay_WU_0219",
        "takao-nb/qwen3-4b-structured-submit23-lora",
        "ortiz-ai/qwen3-4b-structured-output-lora_2ep_5e5_512_005_toml64",
        "okaba815/your-lora-repo",
        "Isk5434/qwen3-4b-structured-output-lora-onlydown2",
        "thetmon/c11"
    ],
    "train+valid_accuracy": 0.52,
    "test_accuracy": 0.5148,
    "weights": [
        0.5224348557242838,
        0.475817169347249,
        0.48210565480292306,
        0.5247541049853925,
        -0.007016400861193362,
        -0.0071559888413426954,
        -0.03357393230866362,
        0.4545620197149641,
        0.07099692776104094,
        0.043902918719814686,
        -0.0017164143106591246,
        -0.030875969568651133,
        0.008168970928460969,
        0.003834871045551972,
        0.007871018337372087,
        -0.03410786549075622,
        0.02806895310971848,
        -0.02519190208772961,
        -0.05518515377624063,
        0.003084700359105269,
        -0.019982254763962065,
        -0.02476858790571499,
        -0.03185451625696957,
        -0.0030019251186022963,
        -0.030227058903092574,
        0.002392981615657288,
        0.4936334007640423,
        -0.014666590913248139,
        -0.00010811325282853151,
        -0.022554426387190893
    ]
}