{
    "task": "boolean_expressions",
    "expert_name": [
        "r-three/lora_baseline_qwen_lr3e-4_step400_rank64_boolean_expressions",
        "sfutenma/lora_structeval_t_qwen3_4b_v260221-211258",
        "tehiro/qwen3-structeval-lora",
        "kmd2525/qwen3-4b-structured-output-lora-v5.2",
        "t-mizuma/qwen3-4b-structeval-lora-5",
        "worldmate/007kuma",
        "ksk740/model20260211",
        "YyUuYyAa/qwen3-4b-structured-output-lora-revised",
        "takao-nb/qwen3-4b-structured-submit10-lora",
        "sabia0080/qwen3-4b-sft-v0-cotv2-lr2e6-ep2-wd001",
        "sam-murayama/sam-qwen3-lora-16",
        "help2opensource/Qwen3-4B-Instruct-2507_mental_health",
        "pokke11/qwen3-4b-structured-output-lora3",
        "takao-nb/qwen3-4b-structured-submit16-lora",
        "Centkun/qwen3-4b-instruct-2507-lora-homework_vo6",
        "marukame332/final_asignment",
        "tsubasaka/lora-repo-v4",
        "Sumiokashi/qwen3-4b-structured-3k-mix-sft_lora-repo_ver34",
        "Kpitc5884/Kpitc5884-lora-repo",
        "yokobo-ai/qwen3-4b-so-lora-v10",
        "MMdesanQ1/your-lora-repo-v3",
        "Umezaki/sft-qwen-v2-lora8-upsample-adapter",
        "hiro877/your-lora-repo-structured-hard-sft-4-0205",
        "katsumi1701/qwen3-4b-structured-output-lora-sft2",
        "thetmon/c1",
        "tmiyamoto/qwen3-4b-agentbench-exp02",
        "yokobo-ai/qwen3-4b-so-lora-v8",
        "manamano88/qwen3-4b-structured-output-lora-v15-14",
        "kiratan/qwen3-4b-structeval-lora-87",
        "choco800/Qwen3-4B-SFT-v13"
    ],
    "train+valid_accuracy": 0.71,
    "test_accuracy": 0.754,
    "weights": [
        -0.13994762732731833,
        0.382163779810116,
        0.5321295486059577,
        0.7123854724405427,
        0.33049086306256104,
        0.2103629645021689,
        0.017065108220160358,
        0.06463846598927818,
        0.11874824399736038,
        -0.1846139445169103,
        -0.1630997834955758,
        0.0351716534878775,
        -0.04576806416084042,
        0.1912811332081686,
        -0.1511314573302122,
        -0.22653102797689542,
        0.16688976328852165,
        0.33289412203559804,
        -0.26838372585806664,
        -0.6723019891102735,
        -0.1970428163036623,
        0.16441887437794567,
        -0.3094776856254551,
        -0.196228901369417,
        -0.26035132708064557,
        -0.531965010589818,
        -0.018912617409765103,
        -0.07883765913657462,
        0.1350515929581223,
        0.7025611430518589
    ]
}