{
    "task": "clinc_oos",
    "expert_name": [
        "r-three/lora_baseline_qwen_lr3e-4_step400_rank64_clinc_oos",
        "yochimachika/yochimachika-lora-repo07",
        "shokuma/qwen3-4b-structured-output-lora-20260217-1st",
        "Kaito-F/lora-repo-v18",
        "cjkasbdkjnlakb/agent-0927-05",
        "kochan13/qwen-qwen3-4b-structured-output-lora-26020502",
        "jmJapan/jm26",
        "Shusuke07/qwen3-4b-structured-output-lora-repo-1-3_2-3_01",
        "tmiyamoto/qwen3-4b-agentbench-exp02",
        "Shusuke07/qwen3-4b-structured-output-lora-repo-2-3_04",
        "fumikawa/a25-v0004",
        "cjkasbdkjnlakb/agnet-0906",
        "Tanayuya/qwen3-4b-structured-output-lora-ver2",
        "shinich001/qwen3-4b-5kmix-seq2k-ep1",
        "y-tani/lora_structeval_t_qwen3_4b_v8",
        "NibiruTwin/qwen3-4b-structured-output-lora-v6",
        "yokobo-ai/qwen3-4b-so-lora-v2",
        "hikahika/Qwen3-4B-Instruct-2507exp18",
        "takayosh/your-lora-repo",
        "Yuya0/qwen3-4b-lora_v1.8",
        "G7O8/lora_R8_A16_D005_epo2_LR1e4_structeval_t_qwen3_4b",
        "takeofuture/shibatake-SFT_2602071922",
        "sam-murayama/sam-qwen3-lora-15",
        "worldmate/004kuma",
        "Zsom1997/your-lora-repo-11r",
        "akamei/AK_1ep_4e-6_512_LORAdr_Decay_WU_0219",
        "takao-nb/qwen3-4b-structured-submit23-lora",
        "ortiz-ai/qwen3-4b-structured-output-lora_2ep_5e5_512_005_toml64",
        "okaba815/your-lora-repo",
        "Isk5434/qwen3-4b-structured-output-lora-onlydown2"
    ],
    "train+valid_accuracy": 0.89,
    "test_accuracy": 0.6452,
    "weights": [
        0.5732180625979333,
        0.4818312996544218,
        0.005154981945553752,
        0.00621646017855477,
        0.49234473643040194,
        0.0007341409420903198,
        0.48498423199433216,
        -0.011026113411088764,
        -0.004443584339835408,
        -0.007925868875418131,
        -0.010261215297907873,
        -0.000930181563567096,
        0.04869948669640498,
        -0.020205326806225152,
        -0.0004571213045430855,
        -0.025838353222482006,
        -0.02663722644254852,
        -0.010468047364800495,
        0.03827019977266193,
        -0.010918374726366191,
        -0.001032376744055302,
        -0.005528070037131029,
        -0.0037414091760464147,
        0.007175270806835753,
        -0.002718399056409352,
        -0.009018031919364842,
        -0.002404315001851373,
        -0.0023619616378875376,
        -0.005229026276064184,
        -0.0016929023952900887
    ]
}