{
    "task": "xnli_de",
    "expert_name": [
        "yochimachika/yochimachika-lora-repo07",
        "shokuma/qwen3-4b-structured-output-lora-20260217-1st",
        "Kaito-F/lora-repo-v18",
        "cjkasbdkjnlakb/agent-0927-05",
        "kochan13/qwen-qwen3-4b-structured-output-lora-26020502",
        "jmJapan/jm26",
        "Shusuke07/qwen3-4b-structured-output-lora-repo-1-3_2-3_01",
        "tmiyamoto/qwen3-4b-agentbench-exp02",
        "Shusuke07/qwen3-4b-structured-output-lora-repo-2-3_04",
        "fumikawa/a25-v0004",
        "cjkasbdkjnlakb/agnet-0906",
        "Tanayuya/qwen3-4b-structured-output-lora-ver2",
        "shinich001/qwen3-4b-5kmix-seq2k-ep1",
        "y-tani/lora_structeval_t_qwen3_4b_v8",
        "NibiruTwin/qwen3-4b-structured-output-lora-v6",
        "yokobo-ai/qwen3-4b-so-lora-v2",
        "hikahika/Qwen3-4B-Instruct-2507exp18",
        "takayosh/your-lora-repo",
        "Yuya0/qwen3-4b-lora_v1.8",
        "G7O8/lora_R8_A16_D005_epo2_LR1e4_structeval_t_qwen3_4b",
        "takeofuture/shibatake-SFT_2602071922",
        "sam-murayama/sam-qwen3-lora-15",
        "worldmate/004kuma",
        "Zsom1997/your-lora-repo-11r",
        "akamei/AK_1ep_4e-6_512_LORAdr_Decay_WU_0219",
        "takao-nb/qwen3-4b-structured-submit23-lora",
        "ortiz-ai/qwen3-4b-structured-output-lora_2ep_5e5_512_005_toml64",
        "okaba815/your-lora-repo",
        "Isk5434/qwen3-4b-structured-output-lora-onlydown2",
        "thetmon/c11"
    ],
    "train+valid_accuracy": 0.58,
    "test_accuracy": 0.5684,
    "weights": [
        0.7539877106314054,
        -0.021496057227603258,
        0.49492638726044363,
        0.46730892070466407,
        -0.003285375135719009,
        0.003370486115134342,
        -0.07083829321655333,
        0.048011394705368936,
        -0.018975335325269627,
        -0.017413099630334262,
        0.4848628009601456,
        -0.03126358125508653,
        0.005921547558516191,
        0.004281819127154601,
        -0.009666940119129275,
        0.016286091037221957,
        -0.0235724595372864,
        -0.004966290505548044,
        -0.023914666408600672,
        -0.0026693339906355617,
        -0.009607396060675854,
        -0.01448644321817967,
        -0.01431114556092938,
        -0.005848731888484128,
        -0.0202792515689661,
        0.004082408210007098,
        -0.010645670719361351,
        -0.012537298955492446,
        -0.0020041164989960387,
        0.5084145045007329
    ]
}