{
    "task": "qa_wikidata",
    "expert_name": [
        "r-three/lora_baseline_qwen_lr3e-4_step400_rank64_qa_wikidata",
        "sfutenma/lora_structeval_t_qwen3_4b_v260221-211258",
        "tehiro/qwen3-structeval-lora",
        "kmd2525/qwen3-4b-structured-output-lora-v5.2",
        "t-mizuma/qwen3-4b-structeval-lora-5",
        "worldmate/007kuma",
        "ksk740/model20260211",
        "YyUuYyAa/qwen3-4b-structured-output-lora-revised",
        "takao-nb/qwen3-4b-structured-submit10-lora",
        "sabia0080/qwen3-4b-sft-v0-cotv2-lr2e6-ep2-wd001",
        "sam-murayama/sam-qwen3-lora-16",
        "help2opensource/Qwen3-4B-Instruct-2507_mental_health",
        "pokke11/qwen3-4b-structured-output-lora3",
        "takao-nb/qwen3-4b-structured-submit16-lora",
        "Centkun/qwen3-4b-instruct-2507-lora-homework_vo6",
        "marukame332/final_asignment",
        "tsubasaka/lora-repo-v4",
        "Sumiokashi/qwen3-4b-structured-3k-mix-sft_lora-repo_ver34",
        "Kpitc5884/Kpitc5884-lora-repo",
        "yokobo-ai/qwen3-4b-so-lora-v10",
        "MMdesanQ1/your-lora-repo-v3",
        "Umezaki/sft-qwen-v2-lora8-upsample-adapter",
        "hiro877/your-lora-repo-structured-hard-sft-4-0205",
        "katsumi1701/qwen3-4b-structured-output-lora-sft2",
        "thetmon/c1",
        "tmiyamoto/qwen3-4b-agentbench-exp02",
        "yokobo-ai/qwen3-4b-so-lora-v8",
        "manamano88/qwen3-4b-structured-output-lora-v15-14",
        "kiratan/qwen3-4b-structeval-lora-87",
        "choco800/Qwen3-4B-SFT-v13"
    ],
    "train+valid_accuracy": 0.79,
    "test_accuracy": 0.7188264058679706,
    "weights": [
        0.6626346971616769,
        0.5428196211773342,
        -0.04615432582509022,
        0.0014796397160929513,
        0.005074419252127731,
        0.02707591441130895,
        0.0013053985240134968,
        -0.0641818394868817,
        0.3478602139909621,
        0.08752695899580548,
        0.004207392700822479,
        0.11471387719502113,
        0.06330129818073452,
        0.11266976241790234,
        0.05403153511746316,
        0.11005058275953991,
        0.06315076194470813,
        0.7255753887364464,
        -0.11987372630732752,
        -0.06865700450576134,
        -0.06727629119456084,
        0.028973277691395356,
        -0.10689816414379963,
        -0.03822847359656513,
        -0.052608499460386385,
        -0.008208230045636316,
        -0.0839948386378062,
        -0.020519213658879452,
        0.006547679919331929,
        -0.031178226340095788
    ]
}