{
    "task": "super_glue_wsc",
    "expert_name": [
        "r-three/lora_baseline_qwen_lr3e-4_step400_rank64_super_glue_wsc",
        "yochimachika/yochimachika-lora-repo07",
        "shokuma/qwen3-4b-structured-output-lora-20260217-1st",
        "Kaito-F/lora-repo-v18",
        "cjkasbdkjnlakb/agent-0927-05",
        "kochan13/qwen-qwen3-4b-structured-output-lora-26020502",
        "jmJapan/jm26",
        "Shusuke07/qwen3-4b-structured-output-lora-repo-1-3_2-3_01",
        "tmiyamoto/qwen3-4b-agentbench-exp02",
        "Shusuke07/qwen3-4b-structured-output-lora-repo-2-3_04",
        "fumikawa/a25-v0004",
        "cjkasbdkjnlakb/agnet-0906",
        "Tanayuya/qwen3-4b-structured-output-lora-ver2",
        "shinich001/qwen3-4b-5kmix-seq2k-ep1",
        "y-tani/lora_structeval_t_qwen3_4b_v8",
        "NibiruTwin/qwen3-4b-structured-output-lora-v6",
        "yokobo-ai/qwen3-4b-so-lora-v2",
        "hikahika/Qwen3-4B-Instruct-2507exp18",
        "takayosh/your-lora-repo",
        "Yuya0/qwen3-4b-lora_v1.8",
        "G7O8/lora_R8_A16_D005_epo2_LR1e4_structeval_t_qwen3_4b",
        "takeofuture/shibatake-SFT_2602071922",
        "sam-murayama/sam-qwen3-lora-15",
        "worldmate/004kuma",
        "Zsom1997/your-lora-repo-11r",
        "akamei/AK_1ep_4e-6_512_LORAdr_Decay_WU_0219",
        "takao-nb/qwen3-4b-structured-submit23-lora",
        "ortiz-ai/qwen3-4b-structured-output-lora_2ep_5e5_512_005_toml64",
        "okaba815/your-lora-repo",
        "Isk5434/qwen3-4b-structured-output-lora-onlydown2"
    ],
    "train+valid_accuracy": 0.77,
    "test_accuracy": 0.5,
    "weights": [
        0.5735301626750818,
        0.5219175005326717,
        -0.0154209820240005,
        0.004614486611995131,
        -0.0007575514123213676,
        -0.017333045885564807,
        -0.004919243891995663,
        0.010530751833811395,
        -0.0019099937865377373,
        -0.02344337735821719,
        -0.02334457643207508,
        0.49983296755345297,
        0.04139914533224943,
        -0.01582004403616457,
        -0.0023023971679093473,
        -0.01125208526969844,
        -0.0194780280449826,
        -0.015606509903478458,
        -0.017420544522590314,
        0.02194381921978324,
        -0.005248510541922944,
        -0.009781508089212384,
        0.030257192769738962,
        -0.01179927578950234,
        -0.012371572125152209,
        -0.013885804453325618,
        -0.002651905382276264,
        -0.014859604792692811,
        -0.008067399296150472,
        -0.0037263263057749794
    ]
}