{
    "task": "glue_sst2",
    "expert_name": [
        "r-three/lora_baseline_qwen_lr3e-4_step400_rank64_glue_sst2",
        "yochimachika/yochimachika-lora-repo07",
        "shokuma/qwen3-4b-structured-output-lora-20260217-1st",
        "Kaito-F/lora-repo-v18",
        "cjkasbdkjnlakb/agent-0927-05",
        "kochan13/qwen-qwen3-4b-structured-output-lora-26020502",
        "jmJapan/jm26",
        "Shusuke07/qwen3-4b-structured-output-lora-repo-1-3_2-3_01",
        "tmiyamoto/qwen3-4b-agentbench-exp02",
        "Shusuke07/qwen3-4b-structured-output-lora-repo-2-3_04",
        "fumikawa/a25-v0004",
        "cjkasbdkjnlakb/agnet-0906",
        "Tanayuya/qwen3-4b-structured-output-lora-ver2",
        "shinich001/qwen3-4b-5kmix-seq2k-ep1",
        "y-tani/lora_structeval_t_qwen3_4b_v8",
        "NibiruTwin/qwen3-4b-structured-output-lora-v6",
        "yokobo-ai/qwen3-4b-so-lora-v2",
        "hikahika/Qwen3-4B-Instruct-2507exp18",
        "takayosh/your-lora-repo",
        "Yuya0/qwen3-4b-lora_v1.8",
        "G7O8/lora_R8_A16_D005_epo2_LR1e4_structeval_t_qwen3_4b",
        "takeofuture/shibatake-SFT_2602071922",
        "sam-murayama/sam-qwen3-lora-15",
        "worldmate/004kuma",
        "Zsom1997/your-lora-repo-11r",
        "akamei/AK_1ep_4e-6_512_LORAdr_Decay_WU_0219",
        "takao-nb/qwen3-4b-structured-submit23-lora",
        "ortiz-ai/qwen3-4b-structured-output-lora_2ep_5e5_512_005_toml64",
        "okaba815/your-lora-repo",
        "Isk5434/qwen3-4b-structured-output-lora-onlydown2"
    ],
    "train+valid_accuracy": 0.92,
    "test_accuracy": 0.9042,
    "weights": [
        0.739739180686135,
        0.77567183913943,
        -0.2644504997536356,
        -0.0006082938387950354,
        0.46824722602994506,
        0.0020099512082970726,
        0.028864960571467105,
        0.0032405011695881628,
        0.04479092114401213,
        0.0474159498817228,
        0.07794709421367144,
        0.01746083195029397,
        0.0041453510461704896,
        0.5353223503592696,
        -0.018717097078863956,
        -0.026336492229197244,
        0.037628378786325405,
        -0.02324114447348969,
        -0.0028634277141950906,
        0.04142204630046249,
        0.4596818364297658,
        0.054326606314158296,
        0.045430507571568926,
        0.006482081614938649,
        -0.004435978666739056,
        -0.01346190137847295,
        0.028375778259644102,
        0.02339274798678433,
        0.04044264754863078,
        0.04408021934005916
    ]
}