{
    "task": "glue_qnli",
    "expert_name": [
        "r-three/lora_baseline_qwen_lr3e-4_step400_rank64_glue_qnli",
        "sfutenma/lora_structeval_t_qwen3_4b_v260221-211258",
        "tehiro/qwen3-structeval-lora",
        "kmd2525/qwen3-4b-structured-output-lora-v5.2",
        "t-mizuma/qwen3-4b-structeval-lora-5",
        "worldmate/007kuma",
        "ksk740/model20260211",
        "YyUuYyAa/qwen3-4b-structured-output-lora-revised",
        "takao-nb/qwen3-4b-structured-submit10-lora",
        "sabia0080/qwen3-4b-sft-v0-cotv2-lr2e6-ep2-wd001",
        "sam-murayama/sam-qwen3-lora-16",
        "help2opensource/Qwen3-4B-Instruct-2507_mental_health",
        "pokke11/qwen3-4b-structured-output-lora3",
        "takao-nb/qwen3-4b-structured-submit16-lora",
        "Centkun/qwen3-4b-instruct-2507-lora-homework_vo6",
        "marukame332/final_asignment",
        "tsubasaka/lora-repo-v4",
        "Sumiokashi/qwen3-4b-structured-3k-mix-sft_lora-repo_ver34",
        "Kpitc5884/Kpitc5884-lora-repo",
        "yokobo-ai/qwen3-4b-so-lora-v10",
        "MMdesanQ1/your-lora-repo-v3",
        "Umezaki/sft-qwen-v2-lora8-upsample-adapter",
        "hiro877/your-lora-repo-structured-hard-sft-4-0205",
        "katsumi1701/qwen3-4b-structured-output-lora-sft2",
        "thetmon/c1",
        "tmiyamoto/qwen3-4b-agentbench-exp02",
        "yokobo-ai/qwen3-4b-so-lora-v8",
        "manamano88/qwen3-4b-structured-output-lora-v15-14",
        "kiratan/qwen3-4b-structeval-lora-87",
        "choco800/Qwen3-4B-SFT-v13"
    ],
    "train+valid_accuracy": 0.94,
    "test_accuracy": 0.8718,
    "weights": [
        0.6122249822872433,
        0.47065560217468744,
        0.05772660011866075,
        0.5189838220220162,
        -0.04565890625159149,
        -0.05343634260317778,
        0.009736226226330847,
        -0.06759494939981821,
        0.5499186357601169,
        0.033058251634752345,
        -0.03355101976033227,
        -0.0034540230168691516,
        0.05185603643415207,
        0.006061200856179498,
        0.04660667145564468,
        0.01874522546693093,
        -0.09969360371107376,
        0.49063110937014887,
        0.06010145101520925,
        0.012450132587082573,
        0.029189789021272707,
        -0.029954083005556076,
        -0.06304116694937931,
        -0.06909518996485232,
        0.015655291923674465,
        -0.013104490206932592,
        0.021954192785930454,
        -0.023062573199491846,
        -0.0707358439191107,
        0.005395793586138448
    ]
}