{
    "task": "qa_wikidata",
    "expert_name": [
        "r-three/lora_baseline_qwen_lr3e-4_step400_rank64_qa_wikidata",
        "yochimachika/yochimachika-lora-repo07",
        "shokuma/qwen3-4b-structured-output-lora-20260217-1st",
        "Kaito-F/lora-repo-v18",
        "cjkasbdkjnlakb/agent-0927-05",
        "kochan13/qwen-qwen3-4b-structured-output-lora-26020502",
        "jmJapan/jm26",
        "Shusuke07/qwen3-4b-structured-output-lora-repo-1-3_2-3_01",
        "tmiyamoto/qwen3-4b-agentbench-exp02",
        "Shusuke07/qwen3-4b-structured-output-lora-repo-2-3_04",
        "fumikawa/a25-v0004",
        "cjkasbdkjnlakb/agnet-0906",
        "Tanayuya/qwen3-4b-structured-output-lora-ver2",
        "shinich001/qwen3-4b-5kmix-seq2k-ep1",
        "y-tani/lora_structeval_t_qwen3_4b_v8",
        "NibiruTwin/qwen3-4b-structured-output-lora-v6",
        "yokobo-ai/qwen3-4b-so-lora-v2",
        "hikahika/Qwen3-4B-Instruct-2507exp18",
        "takayosh/your-lora-repo",
        "Yuya0/qwen3-4b-lora_v1.8",
        "G7O8/lora_R8_A16_D005_epo2_LR1e4_structeval_t_qwen3_4b",
        "takeofuture/shibatake-SFT_2602071922",
        "sam-murayama/sam-qwen3-lora-15",
        "worldmate/004kuma",
        "Zsom1997/your-lora-repo-11r",
        "akamei/AK_1ep_4e-6_512_LORAdr_Decay_WU_0219",
        "takao-nb/qwen3-4b-structured-submit23-lora",
        "ortiz-ai/qwen3-4b-structured-output-lora_2ep_5e5_512_005_toml64",
        "okaba815/your-lora-repo",
        "Isk5434/qwen3-4b-structured-output-lora-onlydown2"
    ],
    "train+valid_accuracy": 0.78,
    "test_accuracy": 0.7188264058679706,
    "weights": [
        0.7738963534085919,
        0.772468891683808,
        0.0273334825543581,
        0.006264670039085164,
        0.4847771254274709,
        -0.03435335853095643,
        0.5047755408468508,
        -0.01393158527743453,
        -0.0029917253238049657,
        -0.0121201178093667,
        -0.02636006348610657,
        0.5080048334884811,
        -0.05577944881245919,
        -0.0008355816423011654,
        -0.002720706752490744,
        -0.019500544819607817,
        -0.016496665122877483,
        -0.016915487641090573,
        -0.017673527183286453,
        -0.047838493742023994,
        -0.010555174673445673,
        -0.008132958019294242,
        -0.023551455883739632,
        -0.0035798348524002316,
        -0.009714169324931375,
        -0.012912084609433236,
        -0.006192966092294749,
        -0.00308654702061395,
        -0.007598503871615215,
        -0.001605013340463501
    ]
}