{
    "task": "tweet_eval_hate",
    "expert_name": [
        "r-three/lora_baseline_qwen_lr3e-4_step400_rank64_tweet_eval_hate",
        "yochimachika/yochimachika-lora-repo07",
        "shokuma/qwen3-4b-structured-output-lora-20260217-1st",
        "Kaito-F/lora-repo-v18",
        "cjkasbdkjnlakb/agent-0927-05",
        "kochan13/qwen-qwen3-4b-structured-output-lora-26020502",
        "jmJapan/jm26",
        "Shusuke07/qwen3-4b-structured-output-lora-repo-1-3_2-3_01",
        "tmiyamoto/qwen3-4b-agentbench-exp02",
        "Shusuke07/qwen3-4b-structured-output-lora-repo-2-3_04",
        "fumikawa/a25-v0004",
        "cjkasbdkjnlakb/agnet-0906",
        "Tanayuya/qwen3-4b-structured-output-lora-ver2",
        "shinich001/qwen3-4b-5kmix-seq2k-ep1",
        "y-tani/lora_structeval_t_qwen3_4b_v8",
        "NibiruTwin/qwen3-4b-structured-output-lora-v6",
        "yokobo-ai/qwen3-4b-so-lora-v2",
        "hikahika/Qwen3-4B-Instruct-2507exp18",
        "takayosh/your-lora-repo",
        "Yuya0/qwen3-4b-lora_v1.8",
        "G7O8/lora_R8_A16_D005_epo2_LR1e4_structeval_t_qwen3_4b",
        "takeofuture/shibatake-SFT_2602071922",
        "sam-murayama/sam-qwen3-lora-15",
        "worldmate/004kuma",
        "Zsom1997/your-lora-repo-11r",
        "akamei/AK_1ep_4e-6_512_LORAdr_Decay_WU_0219",
        "takao-nb/qwen3-4b-structured-submit23-lora",
        "ortiz-ai/qwen3-4b-structured-output-lora_2ep_5e5_512_005_toml64",
        "okaba815/your-lora-repo",
        "Isk5434/qwen3-4b-structured-output-lora-onlydown2"
    ],
    "train+valid_accuracy": 0.67,
    "test_accuracy": 0.5498316498316498,
    "weights": [
        0.5576335983451778,
        0.5561384187508965,
        0.5023995200712972,
        -0.012797230103334707,
        -0.011407680609622602,
        -0.013121951923204775,
        -0.003910436946267954,
        -0.0013259320071365615,
        -0.015340978605132245,
        -0.01212419910187413,
        -0.10732117312140152,
        -0.002996107769857183,
        -0.03169353928858409,
        -0.03610755681028317,
        -0.0052786601044350935,
        -0.061656985535722804,
        -0.07876715527747373,
        -0.02105754449527618,
        -0.08466312850388988,
        -0.045629725439044096,
        -0.02968631138235132,
        -0.02838500842267719,
        -0.013316058559201996,
        -0.05099684717076278,
        -0.03224051406585397,
        -0.002639566672468532,
        -0.008555010260062177,
        -0.052506842112204966,
        -0.029277371273019968,
        -0.0038072484887365777
    ]
}