{
    "task": "hyperbaton",
    "expert_name": [
        "sfutenma/lora_structeval_t_qwen3_4b_v260221-211258",
        "tehiro/qwen3-structeval-lora",
        "kmd2525/qwen3-4b-structured-output-lora-v5.2",
        "t-mizuma/qwen3-4b-structeval-lora-5",
        "worldmate/007kuma",
        "ksk740/model20260211",
        "YyUuYyAa/qwen3-4b-structured-output-lora-revised",
        "takao-nb/qwen3-4b-structured-submit10-lora",
        "sabia0080/qwen3-4b-sft-v0-cotv2-lr2e6-ep2-wd001",
        "sam-murayama/sam-qwen3-lora-16",
        "help2opensource/Qwen3-4B-Instruct-2507_mental_health",
        "pokke11/qwen3-4b-structured-output-lora3",
        "takao-nb/qwen3-4b-structured-submit16-lora",
        "Centkun/qwen3-4b-instruct-2507-lora-homework_vo6",
        "marukame332/final_asignment",
        "tsubasaka/lora-repo-v4",
        "Sumiokashi/qwen3-4b-structured-3k-mix-sft_lora-repo_ver34",
        "Kpitc5884/Kpitc5884-lora-repo",
        "yokobo-ai/qwen3-4b-so-lora-v10",
        "MMdesanQ1/your-lora-repo-v3",
        "Umezaki/sft-qwen-v2-lora8-upsample-adapter",
        "hiro877/your-lora-repo-structured-hard-sft-4-0205",
        "katsumi1701/qwen3-4b-structured-output-lora-sft2",
        "thetmon/c1",
        "tmiyamoto/qwen3-4b-agentbench-exp02",
        "yokobo-ai/qwen3-4b-so-lora-v8",
        "manamano88/qwen3-4b-structured-output-lora-v15-14",
        "kiratan/qwen3-4b-structeval-lora-87",
        "choco800/Qwen3-4B-SFT-v13",
        "kawashimas/qwen3-4b-lora-exp1"
    ],
    "train+valid_accuracy": 0.73,
    "test_accuracy": 0.7416,
    "weights": [
        0.5147447649050536,
        0.5274076912091654,
        0.45296699757860126,
        0.07079335250634726,
        -0.025656458528298818,
        -0.08096954068259574,
        -0.03608420787093025,
        -0.22850111364053757,
        -0.30343565839172787,
        0.013660699601999324,
        0.04578641981491239,
        -0.11778292177021552,
        -0.00282857016491458,
        -0.02903406971302586,
        0.06867249752992496,
        0.6188987164671689,
        -0.020154820664852458,
        -0.06559494338654784,
        -0.0972904225950645,
        -0.3077569145232925,
        -0.0028765195453432924,
        -0.10911893722099718,
        -0.13488361764503518,
        -0.15590691612176452,
        -0.02529782983747798,
        -0.14162472236247098,
        0.0004081945509835218,
        -0.05732073723976166,
        0.535055529350448,
        -0.03509816110083895
    ]
}