{
    "task": "formal_fallacies_syllogisms_negation",
    "expert_name": [
        "sfutenma/lora_structeval_t_qwen3_4b_v260221-211258",
        "tehiro/qwen3-structeval-lora",
        "kmd2525/qwen3-4b-structured-output-lora-v5.2",
        "t-mizuma/qwen3-4b-structeval-lora-5",
        "worldmate/007kuma",
        "ksk740/model20260211",
        "YyUuYyAa/qwen3-4b-structured-output-lora-revised",
        "takao-nb/qwen3-4b-structured-submit10-lora",
        "sabia0080/qwen3-4b-sft-v0-cotv2-lr2e6-ep2-wd001",
        "sam-murayama/sam-qwen3-lora-16",
        "help2opensource/Qwen3-4B-Instruct-2507_mental_health",
        "pokke11/qwen3-4b-structured-output-lora3",
        "takao-nb/qwen3-4b-structured-submit16-lora",
        "Centkun/qwen3-4b-instruct-2507-lora-homework_vo6",
        "marukame332/final_asignment",
        "tsubasaka/lora-repo-v4",
        "Sumiokashi/qwen3-4b-structured-3k-mix-sft_lora-repo_ver34",
        "Kpitc5884/Kpitc5884-lora-repo",
        "yokobo-ai/qwen3-4b-so-lora-v10",
        "MMdesanQ1/your-lora-repo-v3",
        "Umezaki/sft-qwen-v2-lora8-upsample-adapter",
        "hiro877/your-lora-repo-structured-hard-sft-4-0205",
        "katsumi1701/qwen3-4b-structured-output-lora-sft2",
        "thetmon/c1",
        "tmiyamoto/qwen3-4b-agentbench-exp02",
        "yokobo-ai/qwen3-4b-so-lora-v8",
        "manamano88/qwen3-4b-structured-output-lora-v15-14",
        "kiratan/qwen3-4b-structeval-lora-87",
        "choco800/Qwen3-4B-SFT-v13",
        "kawashimas/qwen3-4b-lora-exp1"
    ],
    "train+valid_accuracy": 0.64,
    "test_accuracy": 0.5809859154929577,
    "weights": [
        0.4787697166024396,
        0.4345692585398021,
        0.5193961549278575,
        0.46146539801631664,
        0.023722771237188543,
        0.0418675443677269,
        -0.10924805817321569,
        0.48979978267560137,
        0.013761204418204068,
        0.01061818477087423,
        0.06227046840563516,
        0.027871733599566958,
        -0.01229384526441197,
        -0.01724041673571301,
        -0.030370548884751263,
        -0.019506000851192896,
        -0.036782481966326476,
        0.019750060751792687,
        0.07922082531635687,
        0.09591259609998401,
        0.0043355724362473865,
        0.026416068040471707,
        0.024202078982660035,
        0.026439672116580944,
        0.01052977049130518,
        0.03440956735835427,
        -0.0018515808862251475,
        -0.00041419843782499084,
        -0.05911780562930426,
        0.024839052812517897
    ]
}