{
    "task": "glue_qnli",
    "expert_name": [
        "r-three/lora_baseline_qwen_lr3e-4_step400_rank64_glue_qnli",
        "yochimachika/yochimachika-lora-repo07",
        "shokuma/qwen3-4b-structured-output-lora-20260217-1st",
        "Kaito-F/lora-repo-v18",
        "cjkasbdkjnlakb/agent-0927-05",
        "kochan13/qwen-qwen3-4b-structured-output-lora-26020502",
        "jmJapan/jm26",
        "Shusuke07/qwen3-4b-structured-output-lora-repo-1-3_2-3_01",
        "tmiyamoto/qwen3-4b-agentbench-exp02",
        "Shusuke07/qwen3-4b-structured-output-lora-repo-2-3_04",
        "fumikawa/a25-v0004",
        "cjkasbdkjnlakb/agnet-0906",
        "Tanayuya/qwen3-4b-structured-output-lora-ver2",
        "shinich001/qwen3-4b-5kmix-seq2k-ep1",
        "y-tani/lora_structeval_t_qwen3_4b_v8",
        "NibiruTwin/qwen3-4b-structured-output-lora-v6",
        "yokobo-ai/qwen3-4b-so-lora-v2",
        "hikahika/Qwen3-4B-Instruct-2507exp18",
        "takayosh/your-lora-repo",
        "Yuya0/qwen3-4b-lora_v1.8",
        "G7O8/lora_R8_A16_D005_epo2_LR1e4_structeval_t_qwen3_4b",
        "takeofuture/shibatake-SFT_2602071922",
        "sam-murayama/sam-qwen3-lora-15",
        "worldmate/004kuma",
        "Zsom1997/your-lora-repo-11r",
        "akamei/AK_1ep_4e-6_512_LORAdr_Decay_WU_0219",
        "takao-nb/qwen3-4b-structured-submit23-lora",
        "ortiz-ai/qwen3-4b-structured-output-lora_2ep_5e5_512_005_toml64",
        "okaba815/your-lora-repo",
        "Isk5434/qwen3-4b-structured-output-lora-onlydown2"
    ],
    "train+valid_accuracy": 0.91,
    "test_accuracy": 0.8588,
    "weights": [
        0.736709594844695,
        0.38033574889514343,
        0.14939334661094172,
        0.19175268813366914,
        -0.032814946111813154,
        0.26160332372114536,
        0.08400351761442543,
        -0.299542132886777,
        0.06361458086971414,
        -0.21561974955645066,
        0.0980374728646159,
        0.11927150857730699,
        0.20377177077013198,
        -0.36870641089206896,
        0.1398110761894803,
        0.16135991105537723,
        -0.15995003644177208,
        -0.21918583673323727,
        0.4347157380864944,
        -0.28962991427938156,
        0.3360276492123301,
        0.03135135675529232,
        0.06643425001450924,
        0.1280810883660522,
        0.3463515522713133,
        0.3217723625995168,
        0.8762752754857561,
        -0.17849359136208853,
        -0.1153535991286907,
        0.02139941584984117
    ]
}