{
    "task": "glue_cola",
    "expert_name": [
        "yochimachika/yochimachika-lora-repo07",
        "shokuma/qwen3-4b-structured-output-lora-20260217-1st",
        "Kaito-F/lora-repo-v18",
        "cjkasbdkjnlakb/agent-0927-05",
        "kochan13/qwen-qwen3-4b-structured-output-lora-26020502",
        "jmJapan/jm26",
        "Shusuke07/qwen3-4b-structured-output-lora-repo-1-3_2-3_01",
        "tmiyamoto/qwen3-4b-agentbench-exp02",
        "Shusuke07/qwen3-4b-structured-output-lora-repo-2-3_04",
        "fumikawa/a25-v0004",
        "cjkasbdkjnlakb/agnet-0906",
        "Tanayuya/qwen3-4b-structured-output-lora-ver2",
        "shinich001/qwen3-4b-5kmix-seq2k-ep1",
        "y-tani/lora_structeval_t_qwen3_4b_v8",
        "NibiruTwin/qwen3-4b-structured-output-lora-v6",
        "yokobo-ai/qwen3-4b-so-lora-v2",
        "hikahika/Qwen3-4B-Instruct-2507exp18",
        "takayosh/your-lora-repo",
        "Yuya0/qwen3-4b-lora_v1.8",
        "G7O8/lora_R8_A16_D005_epo2_LR1e4_structeval_t_qwen3_4b",
        "takeofuture/shibatake-SFT_2602071922",
        "sam-murayama/sam-qwen3-lora-15",
        "worldmate/004kuma",
        "Zsom1997/your-lora-repo-11r",
        "akamei/AK_1ep_4e-6_512_LORAdr_Decay_WU_0219",
        "takao-nb/qwen3-4b-structured-submit23-lora",
        "ortiz-ai/qwen3-4b-structured-output-lora_2ep_5e5_512_005_toml64",
        "okaba815/your-lora-repo",
        "Isk5434/qwen3-4b-structured-output-lora-onlydown2",
        "thetmon/c11"
    ],
    "train+valid_accuracy": 0.77,
    "test_accuracy": 0.8165887850467289,
    "weights": [
        0.5642187943221185,
        -0.20750564449063646,
        0.4638665415159971,
        -0.016855356593982948,
        -0.05590714234738231,
        0.45240091419107215,
        -0.25405970527140176,
        0.01580460332205392,
        0.034177851503650145,
        0.05951110569469619,
        0.4925203279096959,
        0.014280809992765695,
        0.5053043294228188,
        0.4424714227831032,
        -0.042967175716150836,
        -0.03914512313120996,
        0.008536871505284318,
        0.05839241340944459,
        -0.005041445076228784,
        0.06600406499145628,
        0.02882275861838448,
        -0.020777694310095823,
        -0.012199936951893494,
        0.03730368171489913,
        -0.04357227835231335,
        0.0067190216538094046,
        0.481651667188177,
        0.0019703934728612224,
        -0.042596865474831144,
        0.471862197677062
    ]
}