{
    "task": "glue_cola",
    "expert_name": [
        "r-three/lora_baseline_qwen_lr3e-4_step400_rank64_glue_cola",
        "yochimachika/yochimachika-lora-repo07",
        "shokuma/qwen3-4b-structured-output-lora-20260217-1st",
        "Kaito-F/lora-repo-v18",
        "cjkasbdkjnlakb/agent-0927-05",
        "kochan13/qwen-qwen3-4b-structured-output-lora-26020502",
        "jmJapan/jm26",
        "Shusuke07/qwen3-4b-structured-output-lora-repo-1-3_2-3_01",
        "tmiyamoto/qwen3-4b-agentbench-exp02",
        "Shusuke07/qwen3-4b-structured-output-lora-repo-2-3_04",
        "fumikawa/a25-v0004",
        "cjkasbdkjnlakb/agnet-0906",
        "Tanayuya/qwen3-4b-structured-output-lora-ver2",
        "shinich001/qwen3-4b-5kmix-seq2k-ep1",
        "y-tani/lora_structeval_t_qwen3_4b_v8",
        "NibiruTwin/qwen3-4b-structured-output-lora-v6",
        "yokobo-ai/qwen3-4b-so-lora-v2",
        "hikahika/Qwen3-4B-Instruct-2507exp18",
        "takayosh/your-lora-repo",
        "Yuya0/qwen3-4b-lora_v1.8",
        "G7O8/lora_R8_A16_D005_epo2_LR1e4_structeval_t_qwen3_4b",
        "takeofuture/shibatake-SFT_2602071922",
        "sam-murayama/sam-qwen3-lora-15",
        "worldmate/004kuma",
        "Zsom1997/your-lora-repo-11r",
        "akamei/AK_1ep_4e-6_512_LORAdr_Decay_WU_0219",
        "takao-nb/qwen3-4b-structured-submit23-lora",
        "ortiz-ai/qwen3-4b-structured-output-lora_2ep_5e5_512_005_toml64",
        "okaba815/your-lora-repo",
        "Isk5434/qwen3-4b-structured-output-lora-onlydown2"
    ],
    "train+valid_accuracy": 0.71,
    "test_accuracy": 0.772196261682243,
    "weights": [
        0.5219420198947792,
        0.5667381246518398,
        -0.02044286269042217,
        -0.011138320402142264,
        -0.005271156597553573,
        0.5160144016783325,
        -0.01934628180541523,
        -0.06676213867392657,
        -0.02159105831674453,
        -0.06634373486498933,
        -0.03774069226482725,
        -0.039834166602335686,
        -0.13453741309412537,
        -0.0018190550976195322,
        -0.05430567586276459,
        0.5575313461700395,
        0.5801846733749982,
        -0.040748807938913584,
        0.08599056291306532,
        -0.14257852181878536,
        0.06858674249554104,
        -0.04094833049630339,
        -0.04183389821401711,
        -0.06157333284736863,
        0.07862611047712333,
        -0.04074726080141754,
        -0.03774724071940079,
        0.07154191099068888,
        -0.0716107862581348,
        -0.0130608944127713
    ]
}