{
    "task": "unit_conversion_si_conversion",
    "expert_name": [
        "yochimachika/yochimachika-lora-repo07",
        "shokuma/qwen3-4b-structured-output-lora-20260217-1st",
        "Kaito-F/lora-repo-v18",
        "cjkasbdkjnlakb/agent-0927-05",
        "kochan13/qwen-qwen3-4b-structured-output-lora-26020502",
        "jmJapan/jm26",
        "Shusuke07/qwen3-4b-structured-output-lora-repo-1-3_2-3_01",
        "tmiyamoto/qwen3-4b-agentbench-exp02",
        "Shusuke07/qwen3-4b-structured-output-lora-repo-2-3_04",
        "fumikawa/a25-v0004",
        "cjkasbdkjnlakb/agnet-0906",
        "Tanayuya/qwen3-4b-structured-output-lora-ver2",
        "shinich001/qwen3-4b-5kmix-seq2k-ep1",
        "y-tani/lora_structeval_t_qwen3_4b_v8",
        "NibiruTwin/qwen3-4b-structured-output-lora-v6",
        "yokobo-ai/qwen3-4b-so-lora-v2",
        "hikahika/Qwen3-4B-Instruct-2507exp18",
        "takayosh/your-lora-repo",
        "Yuya0/qwen3-4b-lora_v1.8",
        "G7O8/lora_R8_A16_D005_epo2_LR1e4_structeval_t_qwen3_4b",
        "takeofuture/shibatake-SFT_2602071922",
        "sam-murayama/sam-qwen3-lora-15",
        "worldmate/004kuma",
        "Zsom1997/your-lora-repo-11r",
        "akamei/AK_1ep_4e-6_512_LORAdr_Decay_WU_0219",
        "takao-nb/qwen3-4b-structured-submit23-lora",
        "ortiz-ai/qwen3-4b-structured-output-lora_2ep_5e5_512_005_toml64",
        "okaba815/your-lora-repo",
        "Isk5434/qwen3-4b-structured-output-lora-onlydown2",
        "thetmon/c11"
    ],
    "train+valid_accuracy": 0.21,
    "test_accuracy": 0.16666666666666666,
    "weights": [
        0.5342824729871047,
        0.20817905050877397,
        0.4688382722205399,
        0.487745969149415,
        -0.06235795063274946,
        0.5369298550706595,
        -0.208561683011293,
        -0.004395567031218067,
        -0.03601769051959581,
        -0.17754127984842913,
        0.26288392033162306,
        0.31334093143710795,
        0.33456384147902757,
        0.9528477312265579,
        -0.05905778045436277,
        -0.33845876626964944,
        0.17324109735144017,
        0.25847574403537726,
        -0.07384050610401174,
        -0.071973060651278,
        -0.07602768712625156,
        -0.08071842843308048,
        -0.10237716804699684,
        0.1904222724030934,
        -0.3598106843517244,
        0.05516211736250971,
        -0.16999325901157128,
        -0.07643484746399687,
        0.04501797000641176,
        0.5936788140523115
    ]
}