{
    "task": "intersect_geometry",
    "expert_name": [
        "r-three/lora_baseline_qwen_lr3e-4_step400_rank64_intersect_geometry",
        "sfutenma/lora_structeval_t_qwen3_4b_v260221-211258",
        "tehiro/qwen3-structeval-lora",
        "kmd2525/qwen3-4b-structured-output-lora-v5.2",
        "t-mizuma/qwen3-4b-structeval-lora-5",
        "worldmate/007kuma",
        "ksk740/model20260211",
        "YyUuYyAa/qwen3-4b-structured-output-lora-revised",
        "takao-nb/qwen3-4b-structured-submit10-lora",
        "sabia0080/qwen3-4b-sft-v0-cotv2-lr2e6-ep2-wd001",
        "sam-murayama/sam-qwen3-lora-16",
        "help2opensource/Qwen3-4B-Instruct-2507_mental_health",
        "pokke11/qwen3-4b-structured-output-lora3",
        "takao-nb/qwen3-4b-structured-submit16-lora",
        "Centkun/qwen3-4b-instruct-2507-lora-homework_vo6",
        "marukame332/final_asignment",
        "tsubasaka/lora-repo-v4",
        "Sumiokashi/qwen3-4b-structured-3k-mix-sft_lora-repo_ver34",
        "Kpitc5884/Kpitc5884-lora-repo",
        "yokobo-ai/qwen3-4b-so-lora-v10",
        "MMdesanQ1/your-lora-repo-v3",
        "Umezaki/sft-qwen-v2-lora8-upsample-adapter",
        "hiro877/your-lora-repo-structured-hard-sft-4-0205",
        "katsumi1701/qwen3-4b-structured-output-lora-sft2",
        "thetmon/c1",
        "tmiyamoto/qwen3-4b-agentbench-exp02",
        "yokobo-ai/qwen3-4b-so-lora-v8",
        "manamano88/qwen3-4b-structured-output-lora-v15-14",
        "kiratan/qwen3-4b-structeval-lora-87",
        "choco800/Qwen3-4B-SFT-v13"
    ],
    "train+valid_accuracy": 0.26,
    "test_accuracy": 0.13,
    "weights": [
        0.46993948683669995,
        0.49051862910521576,
        0.5049833073693022,
        0.5267774573452677,
        -0.010744072369730441,
        -0.10738116385513,
        -0.07104143197912188,
        -0.19169102626998752,
        -0.01766873165887389,
        -0.09062872524642439,
        -0.11185039934502453,
        0.006068755879894444,
        -0.06409605347251963,
        0.0001816537822640768,
        -0.08917166064856283,
        -0.04768766776763282,
        0.5196498217200514,
        -0.0246031731736415,
        -0.01758682396892316,
        -0.10986946697268185,
        -0.2627078170549691,
        -0.007627793107611265,
        -0.18555177641995116,
        -0.17715710639079776,
        -0.16773529476068452,
        -0.07012873930168002,
        -0.13476485595102694,
        -0.017663840632335687,
        -0.07208401545689025,
        -0.06363621470663061
    ]
}