{
    "task": "glue_qnli",
    "expert_name": [
        "yochimachika/yochimachika-lora-repo07",
        "shokuma/qwen3-4b-structured-output-lora-20260217-1st",
        "Kaito-F/lora-repo-v18",
        "cjkasbdkjnlakb/agent-0927-05",
        "kochan13/qwen-qwen3-4b-structured-output-lora-26020502",
        "jmJapan/jm26",
        "Shusuke07/qwen3-4b-structured-output-lora-repo-1-3_2-3_01",
        "tmiyamoto/qwen3-4b-agentbench-exp02",
        "Shusuke07/qwen3-4b-structured-output-lora-repo-2-3_04",
        "fumikawa/a25-v0004",
        "cjkasbdkjnlakb/agnet-0906",
        "Tanayuya/qwen3-4b-structured-output-lora-ver2",
        "shinich001/qwen3-4b-5kmix-seq2k-ep1",
        "y-tani/lora_structeval_t_qwen3_4b_v8",
        "NibiruTwin/qwen3-4b-structured-output-lora-v6",
        "yokobo-ai/qwen3-4b-so-lora-v2",
        "hikahika/Qwen3-4B-Instruct-2507exp18",
        "takayosh/your-lora-repo",
        "Yuya0/qwen3-4b-lora_v1.8",
        "G7O8/lora_R8_A16_D005_epo2_LR1e4_structeval_t_qwen3_4b",
        "takeofuture/shibatake-SFT_2602071922",
        "sam-murayama/sam-qwen3-lora-15",
        "worldmate/004kuma",
        "Zsom1997/your-lora-repo-11r",
        "akamei/AK_1ep_4e-6_512_LORAdr_Decay_WU_0219",
        "takao-nb/qwen3-4b-structured-submit23-lora",
        "ortiz-ai/qwen3-4b-structured-output-lora_2ep_5e5_512_005_toml64",
        "okaba815/your-lora-repo",
        "Isk5434/qwen3-4b-structured-output-lora-onlydown2",
        "thetmon/c11"
    ],
    "train+valid_accuracy": 0.86,
    "test_accuracy": 0.8116,
    "weights": [
        0.0155816607568427,
        0.04255316890351761,
        0.21177679678007194,
        -0.04302117557703944,
        0.19849773784261843,
        -0.06260335590160376,
        -0.06192384098372816,
        -0.04244719997918849,
        -0.06355767219380998,
        -0.0648626207500875,
        -0.053978308497553674,
        -0.06612433630296662,
        0.45476808865677504,
        -0.020021846508431973,
        0.2153949625586182,
        0.1439170991626838,
        -0.14853542911447798,
        0.0013509419138830608,
        -0.14384576931433743,
        0.36621084407680726,
        -0.0791266695545432,
        0.04827786696821846,
        -0.011924117761325613,
        0.5289128253221609,
        0.526374598094545,
        0.008278631063035434,
        0.006332981094954211,
        0.01747666907152074,
        -0.0247750612071162,
        0.04254230141428661
    ]
}