{
    "task": "arc_challenge",
    "expert_name": [
        "sfutenma/lora_structeval_t_qwen3_4b_v260221-211258",
        "tehiro/qwen3-structeval-lora",
        "kmd2525/qwen3-4b-structured-output-lora-v5.2",
        "t-mizuma/qwen3-4b-structeval-lora-5",
        "worldmate/007kuma",
        "ksk740/model20260211",
        "YyUuYyAa/qwen3-4b-structured-output-lora-revised",
        "takao-nb/qwen3-4b-structured-submit10-lora",
        "sabia0080/qwen3-4b-sft-v0-cotv2-lr2e6-ep2-wd001",
        "sam-murayama/sam-qwen3-lora-16",
        "help2opensource/Qwen3-4B-Instruct-2507_mental_health",
        "pokke11/qwen3-4b-structured-output-lora3",
        "takao-nb/qwen3-4b-structured-submit16-lora",
        "Centkun/qwen3-4b-instruct-2507-lora-homework_vo6",
        "marukame332/final_asignment",
        "tsubasaka/lora-repo-v4",
        "Sumiokashi/qwen3-4b-structured-3k-mix-sft_lora-repo_ver34",
        "Kpitc5884/Kpitc5884-lora-repo",
        "yokobo-ai/qwen3-4b-so-lora-v10",
        "MMdesanQ1/your-lora-repo-v3",
        "Umezaki/sft-qwen-v2-lora8-upsample-adapter",
        "hiro877/your-lora-repo-structured-hard-sft-4-0205",
        "katsumi1701/qwen3-4b-structured-output-lora-sft2",
        "thetmon/c1",
        "tmiyamoto/qwen3-4b-agentbench-exp02",
        "yokobo-ai/qwen3-4b-so-lora-v8",
        "manamano88/qwen3-4b-structured-output-lora-v15-14",
        "kiratan/qwen3-4b-structeval-lora-87",
        "choco800/Qwen3-4B-SFT-v13",
        "kawashimas/qwen3-4b-lora-exp1"
    ],
    "train+valid_accuracy": 0.87,
    "test_accuracy": 0.8353242320819113,
    "weights": [
        0.4978776181149374,
        -0.3158489226948132,
        -0.20023029067909914,
        -0.21584640153134632,
        0.415800442264417,
        0.7622582602743716,
        -0.29179176843614685,
        0.1515208264285265,
        -0.25198630934480526,
        0.05327908494148413,
        0.48931041469678166,
        -0.26041934775254894,
        0.014152455369812779,
        -0.030432080103943913,
        0.04818050545020519,
        0.11046361484659853,
        0.30560628821318425,
        0.13230741074822658,
        0.1265974510607631,
        0.5899643512909236,
        0.9273432559343775,
        0.2809336301146287,
        -0.21919271944085228,
        -0.19953378457430412,
        0.14287745969397242,
        -0.3516521657535031,
        0.09805088158987596,
        -0.08912682212922103,
        0.20968771226300495,
        -0.4718340837238941
    ]
}