{
    "task": "formal_fallacies_syllogisms_negation",
    "expert_name": [
        "r-three/lora_baseline_qwen_lr3e-4_step400_rank64_formal_fallacies_syllogisms_negation",
        "sfutenma/lora_structeval_t_qwen3_4b_v260221-211258",
        "tehiro/qwen3-structeval-lora",
        "kmd2525/qwen3-4b-structured-output-lora-v5.2",
        "t-mizuma/qwen3-4b-structeval-lora-5",
        "worldmate/007kuma",
        "ksk740/model20260211",
        "YyUuYyAa/qwen3-4b-structured-output-lora-revised",
        "takao-nb/qwen3-4b-structured-submit10-lora",
        "sabia0080/qwen3-4b-sft-v0-cotv2-lr2e6-ep2-wd001",
        "sam-murayama/sam-qwen3-lora-16",
        "help2opensource/Qwen3-4B-Instruct-2507_mental_health",
        "pokke11/qwen3-4b-structured-output-lora3",
        "takao-nb/qwen3-4b-structured-submit16-lora",
        "Centkun/qwen3-4b-instruct-2507-lora-homework_vo6",
        "marukame332/final_asignment",
        "tsubasaka/lora-repo-v4",
        "Sumiokashi/qwen3-4b-structured-3k-mix-sft_lora-repo_ver34",
        "Kpitc5884/Kpitc5884-lora-repo",
        "yokobo-ai/qwen3-4b-so-lora-v10",
        "MMdesanQ1/your-lora-repo-v3",
        "Umezaki/sft-qwen-v2-lora8-upsample-adapter",
        "hiro877/your-lora-repo-structured-hard-sft-4-0205",
        "katsumi1701/qwen3-4b-structured-output-lora-sft2",
        "thetmon/c1",
        "tmiyamoto/qwen3-4b-agentbench-exp02",
        "yokobo-ai/qwen3-4b-so-lora-v8",
        "manamano88/qwen3-4b-structured-output-lora-v15-14",
        "kiratan/qwen3-4b-structeval-lora-87",
        "choco800/Qwen3-4B-SFT-v13"
    ],
    "train+valid_accuracy": 0.69,
    "test_accuracy": 0.602112676056338,
    "weights": [
        0.4829934819339211,
        0.3610264661002166,
        0.2287071588436822,
        0.5852003587289659,
        0.30367609327656486,
        -0.023092987294420962,
        -0.18150584224476146,
        0.3853475924229708,
        0.09937049959176611,
        -0.19732080769738444,
        -0.09040009504683799,
        0.2402916829325934,
        -0.013646697855602994,
        -0.10168231801869536,
        -0.11916095315998915,
        0.10347215853762705,
        0.1321419172742712,
        -0.23848083617729107,
        -0.0676485195746915,
        -0.057915281027273495,
        -0.0677028501881622,
        0.5349766231722902,
        0.3422260331809146,
        -0.20917941019783032,
        -0.019256298403560728,
        -0.039731824912013186,
        -0.29811318543671833,
        0.04779686193366262,
        -0.19075371917120157,
        0.8297707532814476
    ]
}