{
    "task": "tweet_eval_hate",
    "expert_name": [
        "sfutenma/lora_structeval_t_qwen3_4b_v260221-211258",
        "tehiro/qwen3-structeval-lora",
        "kmd2525/qwen3-4b-structured-output-lora-v5.2",
        "t-mizuma/qwen3-4b-structeval-lora-5",
        "worldmate/007kuma",
        "ksk740/model20260211",
        "YyUuYyAa/qwen3-4b-structured-output-lora-revised",
        "takao-nb/qwen3-4b-structured-submit10-lora",
        "sabia0080/qwen3-4b-sft-v0-cotv2-lr2e6-ep2-wd001",
        "sam-murayama/sam-qwen3-lora-16",
        "help2opensource/Qwen3-4B-Instruct-2507_mental_health",
        "pokke11/qwen3-4b-structured-output-lora3",
        "takao-nb/qwen3-4b-structured-submit16-lora",
        "Centkun/qwen3-4b-instruct-2507-lora-homework_vo6",
        "marukame332/final_asignment",
        "tsubasaka/lora-repo-v4",
        "Sumiokashi/qwen3-4b-structured-3k-mix-sft_lora-repo_ver34",
        "Kpitc5884/Kpitc5884-lora-repo",
        "yokobo-ai/qwen3-4b-so-lora-v10",
        "MMdesanQ1/your-lora-repo-v3",
        "Umezaki/sft-qwen-v2-lora8-upsample-adapter",
        "hiro877/your-lora-repo-structured-hard-sft-4-0205",
        "katsumi1701/qwen3-4b-structured-output-lora-sft2",
        "thetmon/c1",
        "tmiyamoto/qwen3-4b-agentbench-exp02",
        "yokobo-ai/qwen3-4b-so-lora-v8",
        "manamano88/qwen3-4b-structured-output-lora-v15-14",
        "kiratan/qwen3-4b-structeval-lora-87",
        "choco800/Qwen3-4B-SFT-v13",
        "kawashimas/qwen3-4b-lora-exp1"
    ],
    "train+valid_accuracy": 0.54,
    "test_accuracy": 0.6367003367003367,
    "weights": [
        0.4794007587364186,
        -0.05467708934813404,
        0.4946808960462476,
        -0.004941506352836202,
        0.5015845627452412,
        -0.014789884700347174,
        -0.008764405128340359,
        -0.014729116923138462,
        -0.018072031084501537,
        -0.0027718273807298497,
        0.05155054795364268,
        0.0395868420546498,
        0.0029469841867000943,
        0.013907280563534762,
        -0.0036523560123791613,
        0.02804865138224181,
        -0.0034180565846017074,
        0.023960414289232342,
        0.0006930019356884823,
        0.05250873867332981,
        -0.0039028509670962015,
        -0.014401331120875731,
        -0.01681546020462736,
        -0.003183858589825561,
        -0.00322709465950131,
        -0.03490821139025129,
        -0.006800830502634433,
        0.011904264050627281,
        -0.028108358049382984,
        0.02455782877741512
    ]
}