{
    "task": "temporal_sequences",
    "expert_name": [
        "r-three/lora_baseline_qwen_lr3e-4_step400_rank64_temporal_sequences",
        "yochimachika/yochimachika-lora-repo07",
        "shokuma/qwen3-4b-structured-output-lora-20260217-1st",
        "Kaito-F/lora-repo-v18",
        "cjkasbdkjnlakb/agent-0927-05",
        "kochan13/qwen-qwen3-4b-structured-output-lora-26020502",
        "jmJapan/jm26",
        "Shusuke07/qwen3-4b-structured-output-lora-repo-1-3_2-3_01",
        "tmiyamoto/qwen3-4b-agentbench-exp02",
        "Shusuke07/qwen3-4b-structured-output-lora-repo-2-3_04",
        "fumikawa/a25-v0004",
        "cjkasbdkjnlakb/agnet-0906",
        "Tanayuya/qwen3-4b-structured-output-lora-ver2",
        "shinich001/qwen3-4b-5kmix-seq2k-ep1",
        "y-tani/lora_structeval_t_qwen3_4b_v8",
        "NibiruTwin/qwen3-4b-structured-output-lora-v6",
        "yokobo-ai/qwen3-4b-so-lora-v2",
        "hikahika/Qwen3-4B-Instruct-2507exp18",
        "takayosh/your-lora-repo",
        "Yuya0/qwen3-4b-lora_v1.8",
        "G7O8/lora_R8_A16_D005_epo2_LR1e4_structeval_t_qwen3_4b",
        "takeofuture/shibatake-SFT_2602071922",
        "sam-murayama/sam-qwen3-lora-15",
        "worldmate/004kuma",
        "Zsom1997/your-lora-repo-11r",
        "akamei/AK_1ep_4e-6_512_LORAdr_Decay_WU_0219",
        "takao-nb/qwen3-4b-structured-submit23-lora",
        "ortiz-ai/qwen3-4b-structured-output-lora_2ep_5e5_512_005_toml64",
        "okaba815/your-lora-repo",
        "Isk5434/qwen3-4b-structured-output-lora-onlydown2"
    ],
    "train+valid_accuracy": 0.97,
    "test_accuracy": 0.93,
    "weights": [
        0.5646681369523967,
        0.49705804974744866,
        0.49384740641680425,
        0.013252472519864732,
        0.008922966504551363,
        0.0060714036302675885,
        -0.018994797056261163,
        -0.003068476914677659,
        0.007374436720262807,
        -0.01642706726926347,
        0.016594480590485884,
        0.0161010849771829,
        -0.015478285935415037,
        0.5086494327865743,
        -0.0020293948885795527,
        -0.019745089860730824,
        -0.01147009582726577,
        -0.02789463820830161,
        0.04419581013950256,
        0.021665137226326344,
        -0.017291594266767834,
        0.01803543210406278,
        -0.016481030825005332,
        -0.018215938849378287,
        -0.015818812391168887,
        -0.014528551495480881,
        -0.011225105819441424,
        -0.03046635915882314,
        -0.013858784871814052,
        -0.030620902275018357
    ]
}