{
    "task": "temporal_sequences",
    "expert_name": [
        "sfutenma/lora_structeval_t_qwen3_4b_v260221-211258",
        "tehiro/qwen3-structeval-lora",
        "kmd2525/qwen3-4b-structured-output-lora-v5.2",
        "t-mizuma/qwen3-4b-structeval-lora-5",
        "worldmate/007kuma",
        "ksk740/model20260211",
        "YyUuYyAa/qwen3-4b-structured-output-lora-revised",
        "takao-nb/qwen3-4b-structured-submit10-lora",
        "sabia0080/qwen3-4b-sft-v0-cotv2-lr2e6-ep2-wd001",
        "sam-murayama/sam-qwen3-lora-16",
        "help2opensource/Qwen3-4B-Instruct-2507_mental_health",
        "pokke11/qwen3-4b-structured-output-lora3",
        "takao-nb/qwen3-4b-structured-submit16-lora",
        "Centkun/qwen3-4b-instruct-2507-lora-homework_vo6",
        "marukame332/final_asignment",
        "tsubasaka/lora-repo-v4",
        "Sumiokashi/qwen3-4b-structured-3k-mix-sft_lora-repo_ver34",
        "Kpitc5884/Kpitc5884-lora-repo",
        "yokobo-ai/qwen3-4b-so-lora-v10",
        "MMdesanQ1/your-lora-repo-v3",
        "Umezaki/sft-qwen-v2-lora8-upsample-adapter",
        "hiro877/your-lora-repo-structured-hard-sft-4-0205",
        "katsumi1701/qwen3-4b-structured-output-lora-sft2",
        "thetmon/c1",
        "tmiyamoto/qwen3-4b-agentbench-exp02",
        "yokobo-ai/qwen3-4b-so-lora-v8",
        "manamano88/qwen3-4b-structured-output-lora-v15-14",
        "kiratan/qwen3-4b-structeval-lora-87",
        "choco800/Qwen3-4B-SFT-v13",
        "kawashimas/qwen3-4b-lora-exp1"
    ],
    "train+valid_accuracy": 0.35,
    "test_accuracy": 0.28,
    "weights": [
        0.4830086420820233,
        0.4678463938136007,
        0.5046748716531966,
        -0.0058046417504526516,
        -0.009671020978392357,
        0.022956643281006692,
        -0.004264361906487443,
        -0.005511019228004673,
        -0.010604228152723806,
        -0.004310190051768371,
        -0.00442251343543944,
        0.05013585737789839,
        -0.004785211617158907,
        -0.007320602664533523,
        -0.008367588881238728,
        -0.0306362285816736,
        0.023258298791325346,
        -0.010507511358261683,
        -0.007974966172826819,
        0.006985601939460813,
        -0.0007503384657148347,
        -0.01050188740100499,
        -0.007629156899982814,
        0.0061333817034437965,
        -0.008377837171459871,
        0.027340341529212334,
        -0.0024509909191599327,
        -0.007490901737475847,
        -0.0002327612127075516,
        0.029741085242139687
    ]
}