{
    "task": "super_glue_wsc",
    "expert_name": [
        "sfutenma/lora_structeval_t_qwen3_4b_v260221-211258",
        "tehiro/qwen3-structeval-lora",
        "kmd2525/qwen3-4b-structured-output-lora-v5.2",
        "t-mizuma/qwen3-4b-structeval-lora-5",
        "worldmate/007kuma",
        "ksk740/model20260211",
        "YyUuYyAa/qwen3-4b-structured-output-lora-revised",
        "takao-nb/qwen3-4b-structured-submit10-lora",
        "sabia0080/qwen3-4b-sft-v0-cotv2-lr2e6-ep2-wd001",
        "sam-murayama/sam-qwen3-lora-16",
        "help2opensource/Qwen3-4B-Instruct-2507_mental_health",
        "pokke11/qwen3-4b-structured-output-lora3",
        "takao-nb/qwen3-4b-structured-submit16-lora",
        "Centkun/qwen3-4b-instruct-2507-lora-homework_vo6",
        "marukame332/final_asignment",
        "tsubasaka/lora-repo-v4",
        "Sumiokashi/qwen3-4b-structured-3k-mix-sft_lora-repo_ver34",
        "Kpitc5884/Kpitc5884-lora-repo",
        "yokobo-ai/qwen3-4b-so-lora-v10",
        "MMdesanQ1/your-lora-repo-v3",
        "Umezaki/sft-qwen-v2-lora8-upsample-adapter",
        "hiro877/your-lora-repo-structured-hard-sft-4-0205",
        "katsumi1701/qwen3-4b-structured-output-lora-sft2",
        "thetmon/c1",
        "tmiyamoto/qwen3-4b-agentbench-exp02",
        "yokobo-ai/qwen3-4b-so-lora-v8",
        "manamano88/qwen3-4b-structured-output-lora-v15-14",
        "kiratan/qwen3-4b-structeval-lora-87",
        "choco800/Qwen3-4B-SFT-v13",
        "kawashimas/qwen3-4b-lora-exp1"
    ],
    "train+valid_accuracy": 0.51,
    "test_accuracy": 0.5357142857142857,
    "weights": [
        0.5859821367085574,
        0.42544967786118876,
        0.014488901272813656,
        -0.012859978109712776,
        -0.015523793302406675,
        -0.004805353994565751,
        -0.01438116577613188,
        -0.0016643770010019313,
        0.04067025393817027,
        -0.007514165981862494,
        -0.02148413902611754,
        0.014338337171249025,
        0.0029894157211264255,
        0.08011732369893905,
        0.005289265245764297,
        -0.026084307667122802,
        -0.030491803948363042,
        -0.04297168633933498,
        -0.011282849350765116,
        -0.05990624681666152,
        -0.030574214397083035,
        0.00713287905887003,
        -0.021437405989903686,
        -0.010710031883132689,
        -0.027109055043846697,
        0.025598307094448387,
        0.004521009535344031,
        -0.038772225046817425,
        0.5139923408171525,
        0.034508079562916356
    ]
}