{
    "task": "stackoverflow_questions",
    "expert_name": [
        "yochimachika/yochimachika-lora-repo07",
        "shokuma/qwen3-4b-structured-output-lora-20260217-1st",
        "Kaito-F/lora-repo-v18",
        "cjkasbdkjnlakb/agent-0927-05",
        "kochan13/qwen-qwen3-4b-structured-output-lora-26020502",
        "jmJapan/jm26",
        "Shusuke07/qwen3-4b-structured-output-lora-repo-1-3_2-3_01",
        "tmiyamoto/qwen3-4b-agentbench-exp02",
        "Shusuke07/qwen3-4b-structured-output-lora-repo-2-3_04",
        "fumikawa/a25-v0004",
        "cjkasbdkjnlakb/agnet-0906",
        "Tanayuya/qwen3-4b-structured-output-lora-ver2",
        "shinich001/qwen3-4b-5kmix-seq2k-ep1",
        "y-tani/lora_structeval_t_qwen3_4b_v8",
        "NibiruTwin/qwen3-4b-structured-output-lora-v6",
        "yokobo-ai/qwen3-4b-so-lora-v2",
        "hikahika/Qwen3-4B-Instruct-2507exp18",
        "takayosh/your-lora-repo",
        "Yuya0/qwen3-4b-lora_v1.8",
        "G7O8/lora_R8_A16_D005_epo2_LR1e4_structeval_t_qwen3_4b",
        "takeofuture/shibatake-SFT_2602071922",
        "sam-murayama/sam-qwen3-lora-15",
        "worldmate/004kuma",
        "Zsom1997/your-lora-repo-11r",
        "akamei/AK_1ep_4e-6_512_LORAdr_Decay_WU_0219",
        "takao-nb/qwen3-4b-structured-submit23-lora",
        "ortiz-ai/qwen3-4b-structured-output-lora_2ep_5e5_512_005_toml64",
        "okaba815/your-lora-repo",
        "Isk5434/qwen3-4b-structured-output-lora-onlydown2",
        "thetmon/c11"
    ],
    "train+valid_accuracy": 0.28125,
    "test_accuracy": 0.2545380379359576,
    "weights": [
        0.50269281101537,
        0.4300314168557262,
        0.5198999943440687,
        0.5410575841752873,
        0.004091618428705259,
        -0.02193634530984005,
        -0.040188758009144315,
        -0.0026812542126502656,
        -0.03661638866357847,
        -0.13033946691549825,
        0.018017463239154752,
        -0.07799413863072875,
        -0.017998358301802325,
        -0.07273748390100616,
        0.008816820171384483,
        -0.027769599642913187,
        0.010602076613734968,
        0.05113311521509649,
        0.017851328649132654,
        -0.03323390250870962,
        0.055557282022538616,
        0.002620432401664154,
        -0.02265647370927598,
        0.040517459200050114,
        -0.013338722312808957,
        -0.049683316957350156,
        -0.022311447801313354,
        0.031125834041045877,
        -0.09452341806776225,
        0.12164013504008238
    ]
}