{
    "task": "glue_qqp",
    "expert_name": [
        "r-three/lora_baseline_qwen_lr3e-4_step400_rank64_glue_qqp",
        "yochimachika/yochimachika-lora-repo07",
        "shokuma/qwen3-4b-structured-output-lora-20260217-1st",
        "Kaito-F/lora-repo-v18",
        "cjkasbdkjnlakb/agent-0927-05",
        "kochan13/qwen-qwen3-4b-structured-output-lora-26020502",
        "jmJapan/jm26",
        "Shusuke07/qwen3-4b-structured-output-lora-repo-1-3_2-3_01",
        "tmiyamoto/qwen3-4b-agentbench-exp02",
        "Shusuke07/qwen3-4b-structured-output-lora-repo-2-3_04",
        "fumikawa/a25-v0004",
        "cjkasbdkjnlakb/agnet-0906",
        "Tanayuya/qwen3-4b-structured-output-lora-ver2",
        "shinich001/qwen3-4b-5kmix-seq2k-ep1",
        "y-tani/lora_structeval_t_qwen3_4b_v8",
        "NibiruTwin/qwen3-4b-structured-output-lora-v6",
        "yokobo-ai/qwen3-4b-so-lora-v2",
        "hikahika/Qwen3-4B-Instruct-2507exp18",
        "takayosh/your-lora-repo",
        "Yuya0/qwen3-4b-lora_v1.8",
        "G7O8/lora_R8_A16_D005_epo2_LR1e4_structeval_t_qwen3_4b",
        "takeofuture/shibatake-SFT_2602071922",
        "sam-murayama/sam-qwen3-lora-15",
        "worldmate/004kuma",
        "Zsom1997/your-lora-repo-11r",
        "akamei/AK_1ep_4e-6_512_LORAdr_Decay_WU_0219",
        "takao-nb/qwen3-4b-structured-submit23-lora",
        "ortiz-ai/qwen3-4b-structured-output-lora_2ep_5e5_512_005_toml64",
        "okaba815/your-lora-repo",
        "Isk5434/qwen3-4b-structured-output-lora-onlydown2"
    ],
    "train+valid_accuracy": 0.85,
    "test_accuracy": 0.8178,
    "weights": [
        0.5642720400188912,
        0.49478564223173555,
        -0.013087080679109252,
        -0.004174893872999867,
        0.48927023128906466,
        -0.009200303544993427,
        -0.01990052034322311,
        -0.0077024429859098706,
        -0.002177594613836018,
        -0.004499949543218204,
        -0.012145184755004142,
        0.5129399895043245,
        -0.027376731064756764,
        -0.005968186962066536,
        -0.003062647338703436,
        -0.003964893396262475,
        -0.00042158194079758293,
        -0.0052054653132632,
        -0.012163670128803206,
        -0.020216469249669876,
        -0.003165118039385421,
        -0.003514123422400709,
        -0.009181922334994354,
        -0.005260283421488445,
        -0.0022270981624442493,
        -0.006034953110363429,
        -0.003236928272436974,
        -0.010298604541690837,
        -0.004076731682917399,
        -0.002147671661225541
    ]
}