{
    "task": "tweet_eval_hate",
    "expert_name": [
        "yochimachika/yochimachika-lora-repo07",
        "shokuma/qwen3-4b-structured-output-lora-20260217-1st",
        "Kaito-F/lora-repo-v18",
        "cjkasbdkjnlakb/agent-0927-05",
        "kochan13/qwen-qwen3-4b-structured-output-lora-26020502",
        "jmJapan/jm26",
        "Shusuke07/qwen3-4b-structured-output-lora-repo-1-3_2-3_01",
        "tmiyamoto/qwen3-4b-agentbench-exp02",
        "Shusuke07/qwen3-4b-structured-output-lora-repo-2-3_04",
        "fumikawa/a25-v0004",
        "cjkasbdkjnlakb/agnet-0906",
        "Tanayuya/qwen3-4b-structured-output-lora-ver2",
        "shinich001/qwen3-4b-5kmix-seq2k-ep1",
        "y-tani/lora_structeval_t_qwen3_4b_v8",
        "NibiruTwin/qwen3-4b-structured-output-lora-v6",
        "yokobo-ai/qwen3-4b-so-lora-v2",
        "hikahika/Qwen3-4B-Instruct-2507exp18",
        "takayosh/your-lora-repo",
        "Yuya0/qwen3-4b-lora_v1.8",
        "G7O8/lora_R8_A16_D005_epo2_LR1e4_structeval_t_qwen3_4b",
        "takeofuture/shibatake-SFT_2602071922",
        "sam-murayama/sam-qwen3-lora-15",
        "worldmate/004kuma",
        "Zsom1997/your-lora-repo-11r",
        "akamei/AK_1ep_4e-6_512_LORAdr_Decay_WU_0219",
        "takao-nb/qwen3-4b-structured-submit23-lora",
        "ortiz-ai/qwen3-4b-structured-output-lora_2ep_5e5_512_005_toml64",
        "okaba815/your-lora-repo",
        "Isk5434/qwen3-4b-structured-output-lora-onlydown2",
        "thetmon/c11"
    ],
    "train+valid_accuracy": 0.63,
    "test_accuracy": 0.5791245791245792,
    "weights": [
        0.46193936614851594,
        0.3279558692328814,
        -0.058662982413953964,
        0.4505199708392883,
        -0.0953593516099915,
        -0.20656417944550454,
        -0.07567227244096425,
        0.12043234828348814,
        -0.3910459099107932,
        0.491929244526851,
        0.7441288957448432,
        -0.07065793785195779,
        -0.17019780987869015,
        0.025339979345694937,
        0.004120314518292775,
        -0.0009134765715838924,
        0.015218752023330681,
        -0.2889110140951552,
        -0.2635065397568186,
        0.5674093650068742,
        0.22103169690830282,
        0.1836418844599191,
        0.21850401928616664,
        0.25825650816773166,
        0.23661425336557362,
        0.7561592043012232,
        0.06702218810075766,
        -0.00420804585814063,
        0.07407798667338683,
        0.16914595177785438
    ]
}