{
    "task": "glue_mnli",
    "expert_name": [
        "r-three/lora_baseline_qwen_lr3e-4_step400_rank64_glue_mnli",
        "yochimachika/yochimachika-lora-repo07",
        "shokuma/qwen3-4b-structured-output-lora-20260217-1st",
        "Kaito-F/lora-repo-v18",
        "cjkasbdkjnlakb/agent-0927-05",
        "kochan13/qwen-qwen3-4b-structured-output-lora-26020502",
        "jmJapan/jm26",
        "Shusuke07/qwen3-4b-structured-output-lora-repo-1-3_2-3_01",
        "tmiyamoto/qwen3-4b-agentbench-exp02",
        "Shusuke07/qwen3-4b-structured-output-lora-repo-2-3_04",
        "fumikawa/a25-v0004",
        "cjkasbdkjnlakb/agnet-0906",
        "Tanayuya/qwen3-4b-structured-output-lora-ver2",
        "shinich001/qwen3-4b-5kmix-seq2k-ep1",
        "y-tani/lora_structeval_t_qwen3_4b_v8",
        "NibiruTwin/qwen3-4b-structured-output-lora-v6",
        "yokobo-ai/qwen3-4b-so-lora-v2",
        "hikahika/Qwen3-4B-Instruct-2507exp18",
        "takayosh/your-lora-repo",
        "Yuya0/qwen3-4b-lora_v1.8",
        "G7O8/lora_R8_A16_D005_epo2_LR1e4_structeval_t_qwen3_4b",
        "takeofuture/shibatake-SFT_2602071922",
        "sam-murayama/sam-qwen3-lora-15",
        "worldmate/004kuma",
        "Zsom1997/your-lora-repo-11r",
        "akamei/AK_1ep_4e-6_512_LORAdr_Decay_WU_0219",
        "takao-nb/qwen3-4b-structured-submit23-lora",
        "ortiz-ai/qwen3-4b-structured-output-lora_2ep_5e5_512_005_toml64",
        "okaba815/your-lora-repo",
        "Isk5434/qwen3-4b-structured-output-lora-onlydown2"
    ],
    "train+valid_accuracy": 0.9,
    "test_accuracy": 0.8204,
    "weights": [
        0.4979232487277661,
        0.48723197586759687,
        0.03988320209807174,
        0.4980834907635497,
        0.49749656169639667,
        -0.0123016526874273,
        -0.006203884208664091,
        -0.039014154965095915,
        -0.00432227704460948,
        -0.014841492831377015,
        -0.017335759513488435,
        -0.0026792179728341407,
        0.009180245622401674,
        -0.0032230874215783568,
        0.000844030927721489,
        -0.0005324141785747215,
        -0.004795001858974867,
        -0.006501694761951828,
        -0.02675440315636788,
        -0.024804849338288186,
        -0.002146239165311846,
        -0.0054664798615657005,
        -0.008602145272294937,
        -0.007087739644482316,
        -0.008425245883926812,
        -0.008187009495537589,
        -0.0009460649036183071,
        -0.0032270369809150527,
        -0.0064642560428877106,
        -0.0031300081519739535
    ]
}