{
    "task": "twitter_complaints",
    "expert_name": [
        "sfutenma/lora_structeval_t_qwen3_4b_v260221-211258",
        "tehiro/qwen3-structeval-lora",
        "kmd2525/qwen3-4b-structured-output-lora-v5.2",
        "t-mizuma/qwen3-4b-structeval-lora-5",
        "worldmate/007kuma",
        "ksk740/model20260211",
        "YyUuYyAa/qwen3-4b-structured-output-lora-revised",
        "takao-nb/qwen3-4b-structured-submit10-lora",
        "sabia0080/qwen3-4b-sft-v0-cotv2-lr2e6-ep2-wd001",
        "sam-murayama/sam-qwen3-lora-16",
        "help2opensource/Qwen3-4B-Instruct-2507_mental_health",
        "pokke11/qwen3-4b-structured-output-lora3",
        "takao-nb/qwen3-4b-structured-submit16-lora",
        "Centkun/qwen3-4b-instruct-2507-lora-homework_vo6",
        "marukame332/final_asignment",
        "tsubasaka/lora-repo-v4",
        "Sumiokashi/qwen3-4b-structured-3k-mix-sft_lora-repo_ver34",
        "Kpitc5884/Kpitc5884-lora-repo",
        "yokobo-ai/qwen3-4b-so-lora-v10",
        "MMdesanQ1/your-lora-repo-v3",
        "Umezaki/sft-qwen-v2-lora8-upsample-adapter",
        "hiro877/your-lora-repo-structured-hard-sft-4-0205",
        "katsumi1701/qwen3-4b-structured-output-lora-sft2",
        "thetmon/c1",
        "tmiyamoto/qwen3-4b-agentbench-exp02",
        "yokobo-ai/qwen3-4b-so-lora-v8",
        "manamano88/qwen3-4b-structured-output-lora-v15-14",
        "kiratan/qwen3-4b-structeval-lora-87",
        "choco800/Qwen3-4B-SFT-v13",
        "kawashimas/qwen3-4b-lora-exp1"
    ],
    "train+valid_accuracy": 0.9,
    "test_accuracy": 0.8724637681159421,
    "weights": [
        0.497204591378861,
        0.0037287757917079415,
        0.4869398033456608,
        -0.02547686052653897,
        0.5018931821436916,
        -0.00745904231967929,
        -0.0014443312443156962,
        0.036274328648221,
        -0.006691835687344891,
        -0.0008306117293121005,
        0.030161535588537916,
        -0.006039856623444579,
        -0.0013609704039414519,
        -0.003939449821801502,
        -0.0005318869272826107,
        -0.0008218583934528016,
        -0.0006324619087369038,
        -0.005129499216284939,
        -0.00203147787942795,
        0.04854153456666115,
        -0.0010719964263120867,
        0.0007218064634903049,
        -0.009809275346182398,
        -0.0002231938334542041,
        -0.0013628466872059883,
        -0.009827256570331122,
        -0.0010748980072944922,
        -0.003263341232206454,
        -0.0004978567527459048,
        -0.007975062402736127
    ]
}