{
    "task": "qasc",
    "expert_name": [
        "yochimachika/yochimachika-lora-repo07",
        "shokuma/qwen3-4b-structured-output-lora-20260217-1st",
        "Kaito-F/lora-repo-v18",
        "cjkasbdkjnlakb/agent-0927-05",
        "kochan13/qwen-qwen3-4b-structured-output-lora-26020502",
        "jmJapan/jm26",
        "Shusuke07/qwen3-4b-structured-output-lora-repo-1-3_2-3_01",
        "tmiyamoto/qwen3-4b-agentbench-exp02",
        "Shusuke07/qwen3-4b-structured-output-lora-repo-2-3_04",
        "fumikawa/a25-v0004",
        "cjkasbdkjnlakb/agnet-0906",
        "Tanayuya/qwen3-4b-structured-output-lora-ver2",
        "shinich001/qwen3-4b-5kmix-seq2k-ep1",
        "y-tani/lora_structeval_t_qwen3_4b_v8",
        "NibiruTwin/qwen3-4b-structured-output-lora-v6",
        "yokobo-ai/qwen3-4b-so-lora-v2",
        "hikahika/Qwen3-4B-Instruct-2507exp18",
        "takayosh/your-lora-repo",
        "Yuya0/qwen3-4b-lora_v1.8",
        "G7O8/lora_R8_A16_D005_epo2_LR1e4_structeval_t_qwen3_4b",
        "takeofuture/shibatake-SFT_2602071922",
        "sam-murayama/sam-qwen3-lora-15",
        "worldmate/004kuma",
        "Zsom1997/your-lora-repo-11r",
        "akamei/AK_1ep_4e-6_512_LORAdr_Decay_WU_0219",
        "takao-nb/qwen3-4b-structured-submit23-lora",
        "ortiz-ai/qwen3-4b-structured-output-lora_2ep_5e5_512_005_toml64",
        "okaba815/your-lora-repo",
        "Isk5434/qwen3-4b-structured-output-lora-onlydown2",
        "thetmon/c11"
    ],
    "train+valid_accuracy": 0.92,
    "test_accuracy": 0.9115479115479116,
    "weights": [
        0.8043908863375893,
        0.03623628269935326,
        -0.23646639951819964,
        0.4672058050949204,
        -0.22537295721473008,
        0.5562616693217772,
        0.11154193860351731,
        0.4732544759339781,
        -0.01613492817909633,
        -0.054458301019903205,
        0.5061175167284504,
        -0.05359621704923046,
        0.04607465044168614,
        0.03687147481004839,
        -0.008474427302472089,
        0.06613795439286412,
        -0.02646903093937958,
        -0.0087066728839185,
        -0.05732154494326888,
        -0.027939730778479648,
        0.01408515506877462,
        -0.02524625171309279,
        -0.01425558183420431,
        0.006944256635753281,
        -0.010742884143011926,
        -0.0173461614606015,
        -0.015542177038356393,
        -0.007680807602576221,
        -0.0048298294595514185,
        -0.023448766574225833
    ]
}