{
    "task": "tracking_shuffled_objects",
    "expert_name": [
        "yochimachika/yochimachika-lora-repo07",
        "shokuma/qwen3-4b-structured-output-lora-20260217-1st",
        "Kaito-F/lora-repo-v18",
        "cjkasbdkjnlakb/agent-0927-05",
        "kochan13/qwen-qwen3-4b-structured-output-lora-26020502",
        "jmJapan/jm26",
        "Shusuke07/qwen3-4b-structured-output-lora-repo-1-3_2-3_01",
        "tmiyamoto/qwen3-4b-agentbench-exp02",
        "Shusuke07/qwen3-4b-structured-output-lora-repo-2-3_04",
        "fumikawa/a25-v0004",
        "cjkasbdkjnlakb/agnet-0906",
        "Tanayuya/qwen3-4b-structured-output-lora-ver2",
        "shinich001/qwen3-4b-5kmix-seq2k-ep1",
        "y-tani/lora_structeval_t_qwen3_4b_v8",
        "NibiruTwin/qwen3-4b-structured-output-lora-v6",
        "yokobo-ai/qwen3-4b-so-lora-v2",
        "hikahika/Qwen3-4B-Instruct-2507exp18",
        "takayosh/your-lora-repo",
        "Yuya0/qwen3-4b-lora_v1.8",
        "G7O8/lora_R8_A16_D005_epo2_LR1e4_structeval_t_qwen3_4b",
        "takeofuture/shibatake-SFT_2602071922",
        "sam-murayama/sam-qwen3-lora-15",
        "worldmate/004kuma",
        "Zsom1997/your-lora-repo-11r",
        "akamei/AK_1ep_4e-6_512_LORAdr_Decay_WU_0219",
        "takao-nb/qwen3-4b-structured-submit23-lora",
        "ortiz-ai/qwen3-4b-structured-output-lora_2ep_5e5_512_005_toml64",
        "okaba815/your-lora-repo",
        "Isk5434/qwen3-4b-structured-output-lora-onlydown2",
        "thetmon/c11"
    ],
    "train+valid_accuracy": 0.21,
    "test_accuracy": 0.17866666666666667,
    "weights": [
        0.479447406981797,
        0.4570320194637729,
        -0.046159634033173774,
        0.538899585026973,
        -0.01987111568886465,
        -0.018547405305228394,
        -0.020606249065246142,
        -0.035621858419914894,
        -0.02887264814169667,
        0.0799695515463912,
        0.5096014892106735,
        -0.02380968616801488,
        -0.024622446542110595,
        -0.0029436451457517114,
        0.03994227335047097,
        -0.02105147253909037,
        0.02050324683861355,
        0.017617704598651134,
        -0.021634235130087283,
        -0.011655465311945001,
        -0.022741052214091773,
        -0.03933095277027195,
        0.032887630563506895,
        0.027248099055091398,
        0.019081398136002906,
        0.02391259778608818,
        -0.026246115637203794,
        -0.01389707090989052,
        -0.029446502513829628,
        0.03144652087882408
    ]
}