{
    "task": "super_glue_boolq",
    "expert_name": [
        "r-three/lora_baseline_qwen_lr3e-4_step400_rank64_super_glue_boolq",
        "yochimachika/yochimachika-lora-repo07",
        "shokuma/qwen3-4b-structured-output-lora-20260217-1st",
        "Kaito-F/lora-repo-v18",
        "cjkasbdkjnlakb/agent-0927-05",
        "kochan13/qwen-qwen3-4b-structured-output-lora-26020502",
        "jmJapan/jm26",
        "Shusuke07/qwen3-4b-structured-output-lora-repo-1-3_2-3_01",
        "tmiyamoto/qwen3-4b-agentbench-exp02",
        "Shusuke07/qwen3-4b-structured-output-lora-repo-2-3_04",
        "fumikawa/a25-v0004",
        "cjkasbdkjnlakb/agnet-0906",
        "Tanayuya/qwen3-4b-structured-output-lora-ver2",
        "shinich001/qwen3-4b-5kmix-seq2k-ep1",
        "y-tani/lora_structeval_t_qwen3_4b_v8",
        "NibiruTwin/qwen3-4b-structured-output-lora-v6",
        "yokobo-ai/qwen3-4b-so-lora-v2",
        "hikahika/Qwen3-4B-Instruct-2507exp18",
        "takayosh/your-lora-repo",
        "Yuya0/qwen3-4b-lora_v1.8",
        "G7O8/lora_R8_A16_D005_epo2_LR1e4_structeval_t_qwen3_4b",
        "takeofuture/shibatake-SFT_2602071922",
        "sam-murayama/sam-qwen3-lora-15",
        "worldmate/004kuma",
        "Zsom1997/your-lora-repo-11r",
        "akamei/AK_1ep_4e-6_512_LORAdr_Decay_WU_0219",
        "takao-nb/qwen3-4b-structured-submit23-lora",
        "ortiz-ai/qwen3-4b-structured-output-lora_2ep_5e5_512_005_toml64",
        "okaba815/your-lora-repo",
        "Isk5434/qwen3-4b-structured-output-lora-onlydown2"
    ],
    "train+valid_accuracy": 0.8,
    "test_accuracy": 0.8377518557794273,
    "weights": [
        0.4122866916954968,
        0.4741556728155326,
        -0.06244748236785018,
        0.46605637473442585,
        0.4630166913276071,
        0.009500019080021752,
        0.008648271262748045,
        0.007077456378633449,
        -0.030659488480390275,
        -0.016399606547162944,
        -0.08439848531916823,
        -0.04356250931224936,
        -0.04828694504386211,
        0.042849741265570146,
        -0.012105857738556467,
        -0.006644065707024267,
        0.005538102894646936,
        -0.015571190497226491,
        -0.00359217164819182,
        0.06713533599891815,
        -0.013228320932620812,
        0.4829267403317728,
        0.11621822290875108,
        0.04833265932395878,
        0.48928753584170737,
        0.005061156167461747,
        0.010613164516629199,
        -0.02211526165182726,
        -0.0034659088751404585,
        -0.015325425953766656
    ]
}