{
    "task": "xnli_en",
    "expert_name": [
        "sfutenma/lora_structeval_t_qwen3_4b_v260221-211258",
        "tehiro/qwen3-structeval-lora",
        "kmd2525/qwen3-4b-structured-output-lora-v5.2",
        "t-mizuma/qwen3-4b-structeval-lora-5",
        "worldmate/007kuma",
        "ksk740/model20260211",
        "YyUuYyAa/qwen3-4b-structured-output-lora-revised",
        "takao-nb/qwen3-4b-structured-submit10-lora",
        "sabia0080/qwen3-4b-sft-v0-cotv2-lr2e6-ep2-wd001",
        "sam-murayama/sam-qwen3-lora-16",
        "help2opensource/Qwen3-4B-Instruct-2507_mental_health",
        "pokke11/qwen3-4b-structured-output-lora3",
        "takao-nb/qwen3-4b-structured-submit16-lora",
        "Centkun/qwen3-4b-instruct-2507-lora-homework_vo6",
        "marukame332/final_asignment",
        "tsubasaka/lora-repo-v4",
        "Sumiokashi/qwen3-4b-structured-3k-mix-sft_lora-repo_ver34",
        "Kpitc5884/Kpitc5884-lora-repo",
        "yokobo-ai/qwen3-4b-so-lora-v10",
        "MMdesanQ1/your-lora-repo-v3",
        "Umezaki/sft-qwen-v2-lora8-upsample-adapter",
        "hiro877/your-lora-repo-structured-hard-sft-4-0205",
        "katsumi1701/qwen3-4b-structured-output-lora-sft2",
        "thetmon/c1",
        "tmiyamoto/qwen3-4b-agentbench-exp02",
        "yokobo-ai/qwen3-4b-so-lora-v8",
        "manamano88/qwen3-4b-structured-output-lora-v15-14",
        "kiratan/qwen3-4b-structeval-lora-87",
        "choco800/Qwen3-4B-SFT-v13",
        "kawashimas/qwen3-4b-lora-exp1"
    ],
    "train+valid_accuracy": 0.65,
    "test_accuracy": 0.649,
    "weights": [
        0.47544514124287474,
        0.005134095844692009,
        0.02861667013979971,
        0.47917266192159436,
        0.571668365432644,
        0.0037009590461093015,
        0.0013183463552066945,
        0.4597177920568317,
        -0.037558873698416005,
        -0.008439587898590034,
        -0.019561375587715476,
        -0.018350183060371096,
        0.45251449237595176,
        0.04081382163014293,
        0.015034904855664565,
        -0.04073700867762976,
        -0.0028979987874370935,
        -0.022844932425896046,
        0.03986064441444614,
        -0.0604209861550524,
        -0.01819836392060973,
        -0.028884699751417116,
        -0.030920789631785357,
        0.02336824078952593,
        0.004470961424104796,
        0.0358835395504853,
        -0.03600603784044893,
        -0.00571934712999903,
        -0.010763844508898874,
        -0.016288768838627454
    ]
}