{
    "task": "mnist_ascii",
    "expert_name": [
        "r-three/lora_baseline_qwen_lr3e-4_step400_rank64_mnist_ascii",
        "sfutenma/lora_structeval_t_qwen3_4b_v260221-211258",
        "tehiro/qwen3-structeval-lora",
        "kmd2525/qwen3-4b-structured-output-lora-v5.2",
        "t-mizuma/qwen3-4b-structeval-lora-5",
        "worldmate/007kuma",
        "ksk740/model20260211",
        "YyUuYyAa/qwen3-4b-structured-output-lora-revised",
        "takao-nb/qwen3-4b-structured-submit10-lora",
        "sabia0080/qwen3-4b-sft-v0-cotv2-lr2e6-ep2-wd001",
        "sam-murayama/sam-qwen3-lora-16",
        "help2opensource/Qwen3-4B-Instruct-2507_mental_health",
        "pokke11/qwen3-4b-structured-output-lora3",
        "takao-nb/qwen3-4b-structured-submit16-lora",
        "Centkun/qwen3-4b-instruct-2507-lora-homework_vo6",
        "marukame332/final_asignment",
        "tsubasaka/lora-repo-v4",
        "Sumiokashi/qwen3-4b-structured-3k-mix-sft_lora-repo_ver34",
        "Kpitc5884/Kpitc5884-lora-repo",
        "yokobo-ai/qwen3-4b-so-lora-v10",
        "MMdesanQ1/your-lora-repo-v3",
        "Umezaki/sft-qwen-v2-lora8-upsample-adapter",
        "hiro877/your-lora-repo-structured-hard-sft-4-0205",
        "katsumi1701/qwen3-4b-structured-output-lora-sft2",
        "thetmon/c1",
        "tmiyamoto/qwen3-4b-agentbench-exp02",
        "yokobo-ai/qwen3-4b-so-lora-v8",
        "manamano88/qwen3-4b-structured-output-lora-v15-14",
        "kiratan/qwen3-4b-structeval-lora-87",
        "choco800/Qwen3-4B-SFT-v13"
    ],
    "train+valid_accuracy": 0.13,
    "test_accuracy": 0.0998,
    "weights": [
        0.37894938715745,
        0.021692031029637585,
        -0.04555274108085741,
        -0.0007379225406518679,
        0.015516411334896462,
        -0.0008965407876567548,
        -0.007467427891351277,
        0.027031765554499744,
        -0.00949486904916042,
        0.006900800315176712,
        0.49765554484448593,
        0.006927395588736212,
        -0.02535035384918786,
        -0.020325971410334386,
        -0.048669870157957686,
        -0.016755248673047604,
        -0.021139435640969675,
        -0.03040887829880367,
        -0.03427326254324562,
        -0.017148714497615115,
        -0.0695958842742091,
        -0.01691804670284761,
        -0.03317978470719988,
        0.014861740259488993,
        -0.010417476582219407,
        0.015245181118065047,
        -0.00908960283374247,
        -0.017689884494915077,
        -0.010931009569453172,
        -0.009026632874872974
    ]
}