{
    "task": "quail",
    "expert_name": [
        "r-three/lora_baseline_qwen_lr3e-4_step400_rank64_quail",
        "yochimachika/yochimachika-lora-repo07",
        "shokuma/qwen3-4b-structured-output-lora-20260217-1st",
        "Kaito-F/lora-repo-v18",
        "cjkasbdkjnlakb/agent-0927-05",
        "kochan13/qwen-qwen3-4b-structured-output-lora-26020502",
        "jmJapan/jm26",
        "Shusuke07/qwen3-4b-structured-output-lora-repo-1-3_2-3_01",
        "tmiyamoto/qwen3-4b-agentbench-exp02",
        "Shusuke07/qwen3-4b-structured-output-lora-repo-2-3_04",
        "fumikawa/a25-v0004",
        "cjkasbdkjnlakb/agnet-0906",
        "Tanayuya/qwen3-4b-structured-output-lora-ver2",
        "shinich001/qwen3-4b-5kmix-seq2k-ep1",
        "y-tani/lora_structeval_t_qwen3_4b_v8",
        "NibiruTwin/qwen3-4b-structured-output-lora-v6",
        "yokobo-ai/qwen3-4b-so-lora-v2",
        "hikahika/Qwen3-4B-Instruct-2507exp18",
        "takayosh/your-lora-repo",
        "Yuya0/qwen3-4b-lora_v1.8",
        "G7O8/lora_R8_A16_D005_epo2_LR1e4_structeval_t_qwen3_4b",
        "takeofuture/shibatake-SFT_2602071922",
        "sam-murayama/sam-qwen3-lora-15",
        "worldmate/004kuma",
        "Zsom1997/your-lora-repo-11r",
        "akamei/AK_1ep_4e-6_512_LORAdr_Decay_WU_0219",
        "takao-nb/qwen3-4b-structured-submit23-lora",
        "ortiz-ai/qwen3-4b-structured-output-lora_2ep_5e5_512_005_toml64",
        "okaba815/your-lora-repo",
        "Isk5434/qwen3-4b-structured-output-lora-onlydown2"
    ],
    "train+valid_accuracy": 0.85,
    "test_accuracy": 0.7434146341463415,
    "weights": [
        0.5090642932761461,
        0.4903579911444774,
        0.019092870180924357,
        0.4886835310141629,
        0.4963619937932026,
        -0.02065404678480189,
        -0.010202203931049756,
        -0.007094722126710371,
        -0.007417235811518032,
        0.012147276490227387,
        -0.02173691650284718,
        -0.00741540401371169,
        -0.011681469747562415,
        -0.009377832493808382,
        -0.0027986152947589793,
        -0.019870754457395126,
        -0.01044967708899522,
        0.031873388722424706,
        -0.013470250867558752,
        -0.0002755462848457191,
        0.0001912343824712456,
        -0.013701075477083963,
        -0.008998724416360432,
        -0.021855251419278077,
        -0.0138348873310657,
        -0.017210498541461547,
        -0.006200546658431947,
        -0.005670850795911728,
        -0.00569087452025603,
        0.0024499825777112667
    ]
}