{
    "task": "cryptonews_articles",
    "expert_name": [
        "sfutenma/lora_structeval_t_qwen3_4b_v260221-211258",
        "tehiro/qwen3-structeval-lora",
        "kmd2525/qwen3-4b-structured-output-lora-v5.2",
        "t-mizuma/qwen3-4b-structeval-lora-5",
        "worldmate/007kuma",
        "ksk740/model20260211",
        "YyUuYyAa/qwen3-4b-structured-output-lora-revised",
        "takao-nb/qwen3-4b-structured-submit10-lora",
        "sabia0080/qwen3-4b-sft-v0-cotv2-lr2e6-ep2-wd001",
        "sam-murayama/sam-qwen3-lora-16",
        "help2opensource/Qwen3-4B-Instruct-2507_mental_health",
        "pokke11/qwen3-4b-structured-output-lora3",
        "takao-nb/qwen3-4b-structured-submit16-lora",
        "Centkun/qwen3-4b-instruct-2507-lora-homework_vo6",
        "marukame332/final_asignment",
        "tsubasaka/lora-repo-v4",
        "Sumiokashi/qwen3-4b-structured-3k-mix-sft_lora-repo_ver34",
        "Kpitc5884/Kpitc5884-lora-repo",
        "yokobo-ai/qwen3-4b-so-lora-v10",
        "MMdesanQ1/your-lora-repo-v3",
        "Umezaki/sft-qwen-v2-lora8-upsample-adapter",
        "hiro877/your-lora-repo-structured-hard-sft-4-0205",
        "katsumi1701/qwen3-4b-structured-output-lora-sft2",
        "thetmon/c1",
        "tmiyamoto/qwen3-4b-agentbench-exp02",
        "yokobo-ai/qwen3-4b-so-lora-v8",
        "manamano88/qwen3-4b-structured-output-lora-v15-14",
        "kiratan/qwen3-4b-structeval-lora-87",
        "choco800/Qwen3-4B-SFT-v13",
        "kawashimas/qwen3-4b-lora-exp1"
    ],
    "train+valid_accuracy": 0.41,
    "test_accuracy": 0.3722,
    "weights": [
        0.48951592448971554,
        0.003941256087024509,
        0.49644529843829327,
        -0.003383699154380894,
        0.0001338461602998208,
        -0.0036564132145051535,
        -0.005588608377293376,
        0.4975533646379518,
        0.002960899817063117,
        0.005813322464026337,
        0.013778344213133207,
        -0.002284194965732854,
        0.4789318314122741,
        -0.012945477428885988,
        -0.03420848888669598,
        0.019797779646778695,
        -0.003590131712350323,
        0.034280134731320584,
        0.021183817619602318,
        -0.010680028276320622,
        0.4662282907803774,
        -0.0022796298703054284,
        -0.006955923423070361,
        -0.0024272192718053404,
        0.012230639360420717,
        -0.0048473824979589466,
        -0.0035145378863820206,
        -0.0024686683605708135,
        -0.0033881989255024557,
        -0.022966459737689588
    ]
}