{
    "task": "xnli_en",
    "expert_name": [
        "r-three/lora_baseline_qwen_lr3e-4_step400_rank64_xnli_en",
        "sfutenma/lora_structeval_t_qwen3_4b_v260221-211258",
        "tehiro/qwen3-structeval-lora",
        "kmd2525/qwen3-4b-structured-output-lora-v5.2",
        "t-mizuma/qwen3-4b-structeval-lora-5",
        "worldmate/007kuma",
        "ksk740/model20260211",
        "YyUuYyAa/qwen3-4b-structured-output-lora-revised",
        "takao-nb/qwen3-4b-structured-submit10-lora",
        "sabia0080/qwen3-4b-sft-v0-cotv2-lr2e6-ep2-wd001",
        "sam-murayama/sam-qwen3-lora-16",
        "help2opensource/Qwen3-4B-Instruct-2507_mental_health",
        "pokke11/qwen3-4b-structured-output-lora3",
        "takao-nb/qwen3-4b-structured-submit16-lora",
        "Centkun/qwen3-4b-instruct-2507-lora-homework_vo6",
        "marukame332/final_asignment",
        "tsubasaka/lora-repo-v4",
        "Sumiokashi/qwen3-4b-structured-3k-mix-sft_lora-repo_ver34",
        "Kpitc5884/Kpitc5884-lora-repo",
        "yokobo-ai/qwen3-4b-so-lora-v10",
        "MMdesanQ1/your-lora-repo-v3",
        "Umezaki/sft-qwen-v2-lora8-upsample-adapter",
        "hiro877/your-lora-repo-structured-hard-sft-4-0205",
        "katsumi1701/qwen3-4b-structured-output-lora-sft2",
        "thetmon/c1",
        "tmiyamoto/qwen3-4b-agentbench-exp02",
        "yokobo-ai/qwen3-4b-so-lora-v8",
        "manamano88/qwen3-4b-structured-output-lora-v15-14",
        "kiratan/qwen3-4b-structeval-lora-87",
        "choco800/Qwen3-4B-SFT-v13"
    ],
    "train+valid_accuracy": 0.9,
    "test_accuracy": 0.808,
    "weights": [
        0.4970035683180023,
        0.47941763905568263,
        -0.0017492141043316401,
        0.4441905602442211,
        -0.005926059353814363,
        -0.006158755783181157,
        -0.17118438637572408,
        -0.15120941520821923,
        -0.008655004433964624,
        0.00021472329370943925,
        0.015364602869374891,
        -0.0368144833098879,
        0.004353790757045434,
        0.03442552766105301,
        -0.012824596838077996,
        0.005734139004427091,
        0.013346927594399054,
        0.023778672689096506,
        -0.014904753534980697,
        0.047298219566953896,
        0.2772677262298937,
        -0.007034419881229468,
        -0.10377380687562848,
        -0.03162125065027513,
        -0.0325618167836671,
        0.018502840309478994,
        0.0018014053261157063,
        0.003888793314596116,
        -0.0004010008400522657,
        -0.013076820250465348
    ]
}