{
    "task": "typescript_chunks",
    "expert_name": [
        "r-three/lora_baseline_qwen_lr3e-4_step400_rank64_typescript_chunks",
        "yochimachika/yochimachika-lora-repo07",
        "shokuma/qwen3-4b-structured-output-lora-20260217-1st",
        "Kaito-F/lora-repo-v18",
        "cjkasbdkjnlakb/agent-0927-05",
        "kochan13/qwen-qwen3-4b-structured-output-lora-26020502",
        "jmJapan/jm26",
        "Shusuke07/qwen3-4b-structured-output-lora-repo-1-3_2-3_01",
        "tmiyamoto/qwen3-4b-agentbench-exp02",
        "Shusuke07/qwen3-4b-structured-output-lora-repo-2-3_04",
        "fumikawa/a25-v0004",
        "cjkasbdkjnlakb/agnet-0906",
        "Tanayuya/qwen3-4b-structured-output-lora-ver2",
        "shinich001/qwen3-4b-5kmix-seq2k-ep1",
        "y-tani/lora_structeval_t_qwen3_4b_v8",
        "NibiruTwin/qwen3-4b-structured-output-lora-v6",
        "yokobo-ai/qwen3-4b-so-lora-v2",
        "hikahika/Qwen3-4B-Instruct-2507exp18",
        "takayosh/your-lora-repo",
        "Yuya0/qwen3-4b-lora_v1.8",
        "G7O8/lora_R8_A16_D005_epo2_LR1e4_structeval_t_qwen3_4b",
        "takeofuture/shibatake-SFT_2602071922",
        "sam-murayama/sam-qwen3-lora-15",
        "worldmate/004kuma",
        "Zsom1997/your-lora-repo-11r",
        "akamei/AK_1ep_4e-6_512_LORAdr_Decay_WU_0219",
        "takao-nb/qwen3-4b-structured-submit23-lora",
        "ortiz-ai/qwen3-4b-structured-output-lora_2ep_5e5_512_005_toml64",
        "okaba815/your-lora-repo",
        "Isk5434/qwen3-4b-structured-output-lora-onlydown2"
    ],
    "train+valid_accuracy": 0.94,
    "test_accuracy": 0.9444,
    "weights": [
        -0.06589587568312062,
        0.4897838436212968,
        -0.018779920773662865,
        0.016993802358579387,
        0.006724548003226804,
        -0.00897955353239797,
        -0.007431042131365369,
        -0.035224458569971515,
        0.0014172484131403135,
        -0.03243045761140541,
        0.03598703154906697,
        0.005575547914321306,
        -0.014370121224635714,
        0.012444205952418115,
        0.0036351998382354125,
        -0.018624372046431824,
        0.02686841550226747,
        -0.022406270824272025,
        0.03689211666344078,
        0.012566223092093905,
        -0.0114520079675935,
        -0.01200957245856888,
        -0.015169755468831512,
        -0.012984261499656735,
        -0.018206884319701598,
        -0.02280257608491547,
        -0.002457572192452323,
        -0.018083198477436307,
        -0.04002080552859043,
        0.00302970364235333
    ]
}