{
    "task": "elementary_math_qa_question_only",
    "expert_name": [
        "r-three/lora_baseline_qwen_lr3e-4_step400_rank64_elementary_math_qa_question_only",
        "sfutenma/lora_structeval_t_qwen3_4b_v260221-211258",
        "tehiro/qwen3-structeval-lora",
        "kmd2525/qwen3-4b-structured-output-lora-v5.2",
        "t-mizuma/qwen3-4b-structeval-lora-5",
        "worldmate/007kuma",
        "ksk740/model20260211",
        "YyUuYyAa/qwen3-4b-structured-output-lora-revised",
        "takao-nb/qwen3-4b-structured-submit10-lora",
        "sabia0080/qwen3-4b-sft-v0-cotv2-lr2e6-ep2-wd001",
        "sam-murayama/sam-qwen3-lora-16",
        "help2opensource/Qwen3-4B-Instruct-2507_mental_health",
        "pokke11/qwen3-4b-structured-output-lora3",
        "takao-nb/qwen3-4b-structured-submit16-lora",
        "Centkun/qwen3-4b-instruct-2507-lora-homework_vo6",
        "marukame332/final_asignment",
        "tsubasaka/lora-repo-v4",
        "Sumiokashi/qwen3-4b-structured-3k-mix-sft_lora-repo_ver34",
        "Kpitc5884/Kpitc5884-lora-repo",
        "yokobo-ai/qwen3-4b-so-lora-v10",
        "MMdesanQ1/your-lora-repo-v3",
        "Umezaki/sft-qwen-v2-lora8-upsample-adapter",
        "hiro877/your-lora-repo-structured-hard-sft-4-0205",
        "katsumi1701/qwen3-4b-structured-output-lora-sft2",
        "thetmon/c1",
        "tmiyamoto/qwen3-4b-agentbench-exp02",
        "yokobo-ai/qwen3-4b-so-lora-v8",
        "manamano88/qwen3-4b-structured-output-lora-v15-14",
        "kiratan/qwen3-4b-structeval-lora-87",
        "choco800/Qwen3-4B-SFT-v13"
    ],
    "train+valid_accuracy": 0.21,
    "test_accuracy": 0.17945383615084526,
    "weights": [
        0.4535418383763107,
        0.4779420595940122,
        0.43745837320424263,
        -0.02912734439344263,
        -0.000837086311275442,
        -0.04139674331421228,
        0.016403126687177284,
        -0.0027144716424092,
        0.03539544433862505,
        0.035347112163668426,
        0.006411550428567968,
        0.03599665996550277,
        0.02245238718329158,
        -0.008994431163434116,
        0.5171964254507334,
        0.0007215298394140019,
        -0.0021390218559536045,
        -0.02206429307432434,
        0.044135463980037426,
        -0.02059951282397779,
        -0.036516928220093246,
        0.007839461999143123,
        -0.0536915937363977,
        -0.02892691070949941,
        -0.023061980570281616,
        -0.03960770564639849,
        -0.04518682795548065,
        0.022935701893786714,
        -0.018899657611393172,
        -0.013572561381291908
    ]
}