{
    "task": "mmlu_pro",
    "expert_name": [
        "r-three/lora_baseline_qwen_lr3e-4_step400_rank64_mmlu_pro",
        "yochimachika/yochimachika-lora-repo07",
        "shokuma/qwen3-4b-structured-output-lora-20260217-1st",
        "Kaito-F/lora-repo-v18",
        "cjkasbdkjnlakb/agent-0927-05",
        "kochan13/qwen-qwen3-4b-structured-output-lora-26020502",
        "jmJapan/jm26",
        "Shusuke07/qwen3-4b-structured-output-lora-repo-1-3_2-3_01",
        "tmiyamoto/qwen3-4b-agentbench-exp02",
        "Shusuke07/qwen3-4b-structured-output-lora-repo-2-3_04",
        "fumikawa/a25-v0004",
        "cjkasbdkjnlakb/agnet-0906",
        "Tanayuya/qwen3-4b-structured-output-lora-ver2",
        "shinich001/qwen3-4b-5kmix-seq2k-ep1",
        "y-tani/lora_structeval_t_qwen3_4b_v8",
        "NibiruTwin/qwen3-4b-structured-output-lora-v6",
        "yokobo-ai/qwen3-4b-so-lora-v2",
        "hikahika/Qwen3-4B-Instruct-2507exp18",
        "takayosh/your-lora-repo",
        "Yuya0/qwen3-4b-lora_v1.8",
        "G7O8/lora_R8_A16_D005_epo2_LR1e4_structeval_t_qwen3_4b",
        "takeofuture/shibatake-SFT_2602071922",
        "sam-murayama/sam-qwen3-lora-15",
        "worldmate/004kuma",
        "Zsom1997/your-lora-repo-11r",
        "akamei/AK_1ep_4e-6_512_LORAdr_Decay_WU_0219",
        "takao-nb/qwen3-4b-structured-submit23-lora",
        "ortiz-ai/qwen3-4b-structured-output-lora_2ep_5e5_512_005_toml64",
        "okaba815/your-lora-repo",
        "Isk5434/qwen3-4b-structured-output-lora-onlydown2"
    ],
    "train+valid_accuracy": 0.22,
    "test_accuracy": 0.19269102990033224,
    "weights": [
        0.4882188233629526,
        0.5455212174078052,
        0.47978129263498204,
        -0.004339596661080431,
        -0.00991141247151945,
        -0.04622483273352951,
        0.5061325561673561,
        -0.0026599211502536086,
        -0.010939124228856506,
        0.03191089870814536,
        0.0561404662136061,
        0.48295196863878187,
        0.036013432054517014,
        -0.011344522675498838,
        0.0018527679457224645,
        -0.006959889101194958,
        -0.021942746702593798,
        0.029815976990625135,
        -0.01805204146214037,
        -0.020345170046718444,
        -0.0015237796952129274,
        -0.020576175056671153,
        -0.012335702257321522,
        -0.02652734371394414,
        -0.004252785502111334,
        -0.04287116050153079,
        -0.0020123038061042285,
        -0.02148716065279485,
        -0.014996166631998833,
        0.0029459738630302585
    ]
}