{
    "task": "web_of_lies",
    "expert_name": [
        "yochimachika/yochimachika-lora-repo07",
        "shokuma/qwen3-4b-structured-output-lora-20260217-1st",
        "Kaito-F/lora-repo-v18",
        "cjkasbdkjnlakb/agent-0927-05",
        "kochan13/qwen-qwen3-4b-structured-output-lora-26020502",
        "jmJapan/jm26",
        "Shusuke07/qwen3-4b-structured-output-lora-repo-1-3_2-3_01",
        "tmiyamoto/qwen3-4b-agentbench-exp02",
        "Shusuke07/qwen3-4b-structured-output-lora-repo-2-3_04",
        "fumikawa/a25-v0004",
        "cjkasbdkjnlakb/agnet-0906",
        "Tanayuya/qwen3-4b-structured-output-lora-ver2",
        "shinich001/qwen3-4b-5kmix-seq2k-ep1",
        "y-tani/lora_structeval_t_qwen3_4b_v8",
        "NibiruTwin/qwen3-4b-structured-output-lora-v6",
        "yokobo-ai/qwen3-4b-so-lora-v2",
        "hikahika/Qwen3-4B-Instruct-2507exp18",
        "takayosh/your-lora-repo",
        "Yuya0/qwen3-4b-lora_v1.8",
        "G7O8/lora_R8_A16_D005_epo2_LR1e4_structeval_t_qwen3_4b",
        "takeofuture/shibatake-SFT_2602071922",
        "sam-murayama/sam-qwen3-lora-15",
        "worldmate/004kuma",
        "Zsom1997/your-lora-repo-11r",
        "akamei/AK_1ep_4e-6_512_LORAdr_Decay_WU_0219",
        "takao-nb/qwen3-4b-structured-submit23-lora",
        "ortiz-ai/qwen3-4b-structured-output-lora_2ep_5e5_512_005_toml64",
        "okaba815/your-lora-repo",
        "Isk5434/qwen3-4b-structured-output-lora-onlydown2",
        "thetmon/c11"
    ],
    "train+valid_accuracy": 0.35,
    "test_accuracy": 0.43288590604026844,
    "weights": [
        0.5002413999322749,
        0.5003032610427416,
        0.0007972248308004149,
        0.0008761764713914041,
        6.890167643381988e-05,
        5.212064705399811e-06,
        -9.322762012419571e-05,
        -9.728161068066671e-05,
        -0.0002379131835296621,
        6.171175546465605e-05,
        0.4996145635734441,
        0.0001885967708748304,
        0.000245418342594903,
        0.00013680835158646863,
        -9.060719353482469e-05,
        -0.00023682989961603635,
        1.65379235690157e-05,
        -0.00011983069019414417,
        -0.0006149359832813221,
        0.004486589491958609,
        0.0005314161078767593,
        0.000727012377846508,
        0.0001155393531256741,
        -0.005186889513291746,
        0.0011274809115635418,
        0.498807418804957,
        0.00012132219143478496,
        0.0004959315887215273,
        0.00038400677415531385,
        0.0005996675654715686
    ]
}