{
    "task": "elementary_math_qa_question_only",
    "expert_name": [
        "r-three/lora_baseline_qwen_lr3e-4_step400_rank64_elementary_math_qa_question_only",
        "yochimachika/yochimachika-lora-repo07",
        "shokuma/qwen3-4b-structured-output-lora-20260217-1st",
        "Kaito-F/lora-repo-v18",
        "cjkasbdkjnlakb/agent-0927-05",
        "kochan13/qwen-qwen3-4b-structured-output-lora-26020502",
        "jmJapan/jm26",
        "Shusuke07/qwen3-4b-structured-output-lora-repo-1-3_2-3_01",
        "tmiyamoto/qwen3-4b-agentbench-exp02",
        "Shusuke07/qwen3-4b-structured-output-lora-repo-2-3_04",
        "fumikawa/a25-v0004",
        "cjkasbdkjnlakb/agnet-0906",
        "Tanayuya/qwen3-4b-structured-output-lora-ver2",
        "shinich001/qwen3-4b-5kmix-seq2k-ep1",
        "y-tani/lora_structeval_t_qwen3_4b_v8",
        "NibiruTwin/qwen3-4b-structured-output-lora-v6",
        "yokobo-ai/qwen3-4b-so-lora-v2",
        "hikahika/Qwen3-4B-Instruct-2507exp18",
        "takayosh/your-lora-repo",
        "Yuya0/qwen3-4b-lora_v1.8",
        "G7O8/lora_R8_A16_D005_epo2_LR1e4_structeval_t_qwen3_4b",
        "takeofuture/shibatake-SFT_2602071922",
        "sam-murayama/sam-qwen3-lora-15",
        "worldmate/004kuma",
        "Zsom1997/your-lora-repo-11r",
        "akamei/AK_1ep_4e-6_512_LORAdr_Decay_WU_0219",
        "takao-nb/qwen3-4b-structured-submit23-lora",
        "ortiz-ai/qwen3-4b-structured-output-lora_2ep_5e5_512_005_toml64",
        "okaba815/your-lora-repo",
        "Isk5434/qwen3-4b-structured-output-lora-onlydown2"
    ],
    "train+valid_accuracy": 0.34,
    "test_accuracy": 0.17945383615084526,
    "weights": [
        0.44628519016032064,
        0.5623660813596352,
        0.47327760784410383,
        0.00541425738951508,
        0.0015529300685329008,
        0.00011575497682497077,
        -0.0002547396138274817,
        -0.017105341850372813,
        -0.0031326570030125846,
        -0.006529389043651036,
        -0.013668990047123634,
        0.016391748414547214,
        0.0022297772256441003,
        0.016568295325154064,
        0.017629716240726522,
        -0.0032772620930802978,
        -0.005820568032209998,
        -0.006977127835377478,
        -0.002753990311335687,
        0.004850628279825276,
        0.03274614857235118,
        0.029048096289644467,
        -0.027449905002559827,
        -0.014557530397937734,
        0.0301907354476965,
        -0.007359913827832399,
        -0.030851545616467704,
        -0.0010052858544849382,
        0.009010757022054275,
        -0.001915812147643752
    ]
}