{
    "task": "disfl_qa",
    "expert_name": [
        "sfutenma/lora_structeval_t_qwen3_4b_v260221-211258",
        "tehiro/qwen3-structeval-lora",
        "kmd2525/qwen3-4b-structured-output-lora-v5.2",
        "t-mizuma/qwen3-4b-structeval-lora-5",
        "worldmate/007kuma",
        "ksk740/model20260211",
        "YyUuYyAa/qwen3-4b-structured-output-lora-revised",
        "takao-nb/qwen3-4b-structured-submit10-lora",
        "sabia0080/qwen3-4b-sft-v0-cotv2-lr2e6-ep2-wd001",
        "sam-murayama/sam-qwen3-lora-16",
        "help2opensource/Qwen3-4B-Instruct-2507_mental_health",
        "pokke11/qwen3-4b-structured-output-lora3",
        "takao-nb/qwen3-4b-structured-submit16-lora",
        "Centkun/qwen3-4b-instruct-2507-lora-homework_vo6",
        "marukame332/final_asignment",
        "tsubasaka/lora-repo-v4",
        "Sumiokashi/qwen3-4b-structured-3k-mix-sft_lora-repo_ver34",
        "Kpitc5884/Kpitc5884-lora-repo",
        "yokobo-ai/qwen3-4b-so-lora-v10",
        "MMdesanQ1/your-lora-repo-v3",
        "Umezaki/sft-qwen-v2-lora8-upsample-adapter",
        "hiro877/your-lora-repo-structured-hard-sft-4-0205",
        "katsumi1701/qwen3-4b-structured-output-lora-sft2",
        "thetmon/c1",
        "tmiyamoto/qwen3-4b-agentbench-exp02",
        "yokobo-ai/qwen3-4b-so-lora-v8",
        "manamano88/qwen3-4b-structured-output-lora-v15-14",
        "kiratan/qwen3-4b-structeval-lora-87",
        "choco800/Qwen3-4B-SFT-v13",
        "kawashimas/qwen3-4b-lora-exp1"
    ],
    "train+valid_accuracy": 0.23,
    "test_accuracy": 0.245,
    "weights": [
        0.44969358821545413,
        0.009284271110098849,
        0.44339000389197697,
        0.5046941374726689,
        0.5834474238005518,
        0.2421190800125635,
        -0.009365809339530382,
        -0.03133277528153911,
        -0.0742306939158494,
        -0.02102909808982729,
        0.4552379685203238,
        -0.023364910146212142,
        -0.0305480094106633,
        -0.05094511562446666,
        -0.023417949858582348,
        -0.012344326160555174,
        0.47019210720870475,
        0.029480457689462683,
        -0.03374120156190277,
        0.030695451197279084,
        -0.027800208588743044,
        -0.025733876108200767,
        -0.029841830638319914,
        -0.023457133358666712,
        0.5479677243001848,
        -0.012490499507405623,
        -0.007425817372315511,
        -0.004808603420674886,
        0.020834917709697143,
        -0.047863128453494504
    ]
}