{
    "task": "intersect_geometry",
    "expert_name": [
        "sfutenma/lora_structeval_t_qwen3_4b_v260221-211258",
        "tehiro/qwen3-structeval-lora",
        "kmd2525/qwen3-4b-structured-output-lora-v5.2",
        "t-mizuma/qwen3-4b-structeval-lora-5",
        "worldmate/007kuma",
        "ksk740/model20260211",
        "YyUuYyAa/qwen3-4b-structured-output-lora-revised",
        "takao-nb/qwen3-4b-structured-submit10-lora",
        "sabia0080/qwen3-4b-sft-v0-cotv2-lr2e6-ep2-wd001",
        "sam-murayama/sam-qwen3-lora-16",
        "help2opensource/Qwen3-4B-Instruct-2507_mental_health",
        "pokke11/qwen3-4b-structured-output-lora3",
        "takao-nb/qwen3-4b-structured-submit16-lora",
        "Centkun/qwen3-4b-instruct-2507-lora-homework_vo6",
        "marukame332/final_asignment",
        "tsubasaka/lora-repo-v4",
        "Sumiokashi/qwen3-4b-structured-3k-mix-sft_lora-repo_ver34",
        "Kpitc5884/Kpitc5884-lora-repo",
        "yokobo-ai/qwen3-4b-so-lora-v10",
        "MMdesanQ1/your-lora-repo-v3",
        "Umezaki/sft-qwen-v2-lora8-upsample-adapter",
        "hiro877/your-lora-repo-structured-hard-sft-4-0205",
        "katsumi1701/qwen3-4b-structured-output-lora-sft2",
        "thetmon/c1",
        "tmiyamoto/qwen3-4b-agentbench-exp02",
        "yokobo-ai/qwen3-4b-so-lora-v8",
        "manamano88/qwen3-4b-structured-output-lora-v15-14",
        "kiratan/qwen3-4b-structeval-lora-87",
        "choco800/Qwen3-4B-SFT-v13",
        "kawashimas/qwen3-4b-lora-exp1"
    ],
    "train+valid_accuracy": 0.13,
    "test_accuracy": 0.086,
    "weights": [
        0.46354994601298866,
        0.42607470087202454,
        0.46029242765761824,
        0.01865802835451038,
        -0.3422866176186161,
        -0.033822658679283094,
        0.32934674094835814,
        0.0166761265778735,
        -0.39352903999602484,
        -0.004555126879136476,
        0.5112027140488168,
        -0.11458512638147218,
        -0.07344067026681751,
        -0.038146814295908854,
        0.1989464662725498,
        0.054430237467558124,
        -0.24975164488476964,
        -0.07478407289215974,
        -0.0899116937005383,
        -0.18048125163103584,
        0.5970695652835782,
        -0.18080022377075128,
        -0.15648572303307484,
        -0.18749541286928195,
        0.3145587113697458,
        -0.10668089371973562,
        -0.2733845842251044,
        -0.2233220577086723,
        -0.05079750043588235,
        -0.18804491872404536
    ]
}