{
    "task": "ade_corpus_v2",
    "expert_name": [
        "r-three/lora_baseline_qwen_lr3e-4_step400_rank64_ade_corpus_v2",
        "sfutenma/lora_structeval_t_qwen3_4b_v260221-211258",
        "tehiro/qwen3-structeval-lora",
        "kmd2525/qwen3-4b-structured-output-lora-v5.2",
        "t-mizuma/qwen3-4b-structeval-lora-5",
        "worldmate/007kuma",
        "ksk740/model20260211",
        "YyUuYyAa/qwen3-4b-structured-output-lora-revised",
        "takao-nb/qwen3-4b-structured-submit10-lora",
        "sabia0080/qwen3-4b-sft-v0-cotv2-lr2e6-ep2-wd001",
        "sam-murayama/sam-qwen3-lora-16",
        "help2opensource/Qwen3-4B-Instruct-2507_mental_health",
        "pokke11/qwen3-4b-structured-output-lora3",
        "takao-nb/qwen3-4b-structured-submit16-lora",
        "Centkun/qwen3-4b-instruct-2507-lora-homework_vo6",
        "marukame332/final_asignment",
        "tsubasaka/lora-repo-v4",
        "Sumiokashi/qwen3-4b-structured-3k-mix-sft_lora-repo_ver34",
        "Kpitc5884/Kpitc5884-lora-repo",
        "yokobo-ai/qwen3-4b-so-lora-v10",
        "MMdesanQ1/your-lora-repo-v3",
        "Umezaki/sft-qwen-v2-lora8-upsample-adapter",
        "hiro877/your-lora-repo-structured-hard-sft-4-0205",
        "katsumi1701/qwen3-4b-structured-output-lora-sft2",
        "thetmon/c1",
        "tmiyamoto/qwen3-4b-agentbench-exp02",
        "yokobo-ai/qwen3-4b-so-lora-v8",
        "manamano88/qwen3-4b-structured-output-lora-v15-14",
        "kiratan/qwen3-4b-structeval-lora-87",
        "choco800/Qwen3-4B-SFT-v13"
    ],
    "train+valid_accuracy": 0.81,
    "test_accuracy": 0.7465986394557823,
    "weights": [
        0.5240757283837476,
        -0.02199512051534594,
        -0.03228812731673579,
        0.0162596957538683,
        -0.003663517233505052,
        -0.020032502108725172,
        -0.03257232787312355,
        -0.05616126301039054,
        -0.01224969666800117,
        0.44950824828604374,
        0.01103234326086713,
        -0.002650800439636063,
        -0.02699390228425103,
        -0.008753294436214379,
        -0.02760503015205727,
        -0.018301534881625572,
        -0.0028271280503421384,
        -0.017756308936876027,
        -0.0325992306231131,
        -0.027251315072028427,
        -0.05773950178701031,
        -0.0040242409882743566,
        -0.03832778449763064,
        0.014303195234499097,
        -0.037100157298590605,
        -0.017952186061007475,
        -0.035601779979535245,
        -0.012071647637015941,
        -0.020791560621694797,
        -0.008271708571906145
    ]
}