{
    "task": "toxic_chat",
    "expert_name": [
        "r-three/lora_baseline_qwen_lr3e-4_step400_rank64_toxic_chat",
        "sfutenma/lora_structeval_t_qwen3_4b_v260221-211258",
        "tehiro/qwen3-structeval-lora",
        "kmd2525/qwen3-4b-structured-output-lora-v5.2",
        "t-mizuma/qwen3-4b-structeval-lora-5",
        "worldmate/007kuma",
        "ksk740/model20260211",
        "YyUuYyAa/qwen3-4b-structured-output-lora-revised",
        "takao-nb/qwen3-4b-structured-submit10-lora",
        "sabia0080/qwen3-4b-sft-v0-cotv2-lr2e6-ep2-wd001",
        "sam-murayama/sam-qwen3-lora-16",
        "help2opensource/Qwen3-4B-Instruct-2507_mental_health",
        "pokke11/qwen3-4b-structured-output-lora3",
        "takao-nb/qwen3-4b-structured-submit16-lora",
        "Centkun/qwen3-4b-instruct-2507-lora-homework_vo6",
        "marukame332/final_asignment",
        "tsubasaka/lora-repo-v4",
        "Sumiokashi/qwen3-4b-structured-3k-mix-sft_lora-repo_ver34",
        "Kpitc5884/Kpitc5884-lora-repo",
        "yokobo-ai/qwen3-4b-so-lora-v10",
        "MMdesanQ1/your-lora-repo-v3",
        "Umezaki/sft-qwen-v2-lora8-upsample-adapter",
        "hiro877/your-lora-repo-structured-hard-sft-4-0205",
        "katsumi1701/qwen3-4b-structured-output-lora-sft2",
        "thetmon/c1",
        "tmiyamoto/qwen3-4b-agentbench-exp02",
        "yokobo-ai/qwen3-4b-so-lora-v8",
        "manamano88/qwen3-4b-structured-output-lora-v15-14",
        "kiratan/qwen3-4b-structeval-lora-87",
        "choco800/Qwen3-4B-SFT-v13"
    ],
    "train+valid_accuracy": 0.95,
    "test_accuracy": 0.949,
    "weights": [
        0.4389259629888861,
        -0.007350571452351547,
        -0.00214213181032986,
        -0.005794333822669189,
        -0.005089281210172033,
        -0.007248394762469051,
        -0.006764028945143063,
        -0.0019302667956659161,
        -0.0011913830827805399,
        -0.005495501968574496,
        -0.005604915560804227,
        -0.006237947603865134,
        -0.0044883938770712796,
        -0.028485886709213926,
        -0.006095139380232243,
        -0.005963520329014199,
        -0.004856461942307334,
        0.04541541155247249,
        -0.002062016640726721,
        -0.0050965642326030606,
        -0.004966101932899459,
        -0.00484007750901229,
        -0.006160710434806103,
        -0.006722456597039805,
        -0.005390208262998639,
        -0.006933849273353785,
        -0.005703708335556665,
        -0.005082028190364033,
        0.4960533304594567,
        -0.0013314534016795835
    ]
}