{
    "task": "aqua_rat",
    "expert_name": [
        "yochimachika/yochimachika-lora-repo07",
        "shokuma/qwen3-4b-structured-output-lora-20260217-1st",
        "Kaito-F/lora-repo-v18",
        "cjkasbdkjnlakb/agent-0927-05",
        "kochan13/qwen-qwen3-4b-structured-output-lora-26020502",
        "jmJapan/jm26",
        "Shusuke07/qwen3-4b-structured-output-lora-repo-1-3_2-3_01",
        "tmiyamoto/qwen3-4b-agentbench-exp02",
        "Shusuke07/qwen3-4b-structured-output-lora-repo-2-3_04",
        "fumikawa/a25-v0004",
        "cjkasbdkjnlakb/agnet-0906",
        "Tanayuya/qwen3-4b-structured-output-lora-ver2",
        "shinich001/qwen3-4b-5kmix-seq2k-ep1",
        "y-tani/lora_structeval_t_qwen3_4b_v8",
        "NibiruTwin/qwen3-4b-structured-output-lora-v6",
        "yokobo-ai/qwen3-4b-so-lora-v2",
        "hikahika/Qwen3-4B-Instruct-2507exp18",
        "takayosh/your-lora-repo",
        "Yuya0/qwen3-4b-lora_v1.8",
        "G7O8/lora_R8_A16_D005_epo2_LR1e4_structeval_t_qwen3_4b",
        "takeofuture/shibatake-SFT_2602071922",
        "sam-murayama/sam-qwen3-lora-15",
        "worldmate/004kuma",
        "Zsom1997/your-lora-repo-11r",
        "akamei/AK_1ep_4e-6_512_LORAdr_Decay_WU_0219",
        "takao-nb/qwen3-4b-structured-submit23-lora",
        "ortiz-ai/qwen3-4b-structured-output-lora_2ep_5e5_512_005_toml64",
        "okaba815/your-lora-repo",
        "Isk5434/qwen3-4b-structured-output-lora-onlydown2",
        "thetmon/c11"
    ],
    "train+valid_accuracy": 0.28,
    "test_accuracy": 0.2874015748031496,
    "weights": [
        0.8775768068244606,
        0.05216865018043503,
        0.037381344838888365,
        0.47304321029003243,
        -0.24204119198723156,
        0.5347941401183718,
        0.021879791549322333,
        0.08323575761540854,
        0.13696536360030515,
        0.04688790886280182,
        0.8647534273210583,
        0.41735086297012763,
        0.01494285713991822,
        0.17372218568993586,
        0.021651067747618068,
        -0.05391475439198148,
        -0.050817621813338085,
        -0.17296157465754755,
        -0.03544666054388799,
        -0.1163727161998066,
        -0.046961107935509,
        -0.02830978526861451,
        -0.06345805335783605,
        0.19981056721556942,
        -0.059806105731459294,
        0.02784036420646159,
        -0.2014213170567964,
        -0.06494386007439558,
        0.6600460086011908,
        0.5290688449699625
    ]
}