{
    "task": "object_counting",
    "expert_name": [
        "yochimachika/yochimachika-lora-repo07",
        "shokuma/qwen3-4b-structured-output-lora-20260217-1st",
        "Kaito-F/lora-repo-v18",
        "cjkasbdkjnlakb/agent-0927-05",
        "kochan13/qwen-qwen3-4b-structured-output-lora-26020502",
        "jmJapan/jm26",
        "Shusuke07/qwen3-4b-structured-output-lora-repo-1-3_2-3_01",
        "tmiyamoto/qwen3-4b-agentbench-exp02",
        "Shusuke07/qwen3-4b-structured-output-lora-repo-2-3_04",
        "fumikawa/a25-v0004",
        "cjkasbdkjnlakb/agnet-0906",
        "Tanayuya/qwen3-4b-structured-output-lora-ver2",
        "shinich001/qwen3-4b-5kmix-seq2k-ep1",
        "y-tani/lora_structeval_t_qwen3_4b_v8",
        "NibiruTwin/qwen3-4b-structured-output-lora-v6",
        "yokobo-ai/qwen3-4b-so-lora-v2",
        "hikahika/Qwen3-4B-Instruct-2507exp18",
        "takayosh/your-lora-repo",
        "Yuya0/qwen3-4b-lora_v1.8",
        "G7O8/lora_R8_A16_D005_epo2_LR1e4_structeval_t_qwen3_4b",
        "takeofuture/shibatake-SFT_2602071922",
        "sam-murayama/sam-qwen3-lora-15",
        "worldmate/004kuma",
        "Zsom1997/your-lora-repo-11r",
        "akamei/AK_1ep_4e-6_512_LORAdr_Decay_WU_0219",
        "takao-nb/qwen3-4b-structured-submit23-lora",
        "ortiz-ai/qwen3-4b-structured-output-lora_2ep_5e5_512_005_toml64",
        "okaba815/your-lora-repo",
        "Isk5434/qwen3-4b-structured-output-lora-onlydown2",
        "thetmon/c11"
    ],
    "train+valid_accuracy": 0.28,
    "test_accuracy": 0.2513850415512465,
    "weights": [
        0.8551114197361855,
        -0.23638081250706586,
        0.0179227310859884,
        0.4653019597523651,
        0.4312308926642785,
        0.4388752202917331,
        0.03191044066030549,
        -0.0036406099084202222,
        -0.038068240302158066,
        0.05479131949268299,
        0.5369003075377464,
        -0.032879757677528876,
        0.020469025237793426,
        -0.033895232457494144,
        -0.08032923791839873,
        -0.06219456780130217,
        -0.04235621460103077,
        -0.14395536151133653,
        0.256183591741928,
        -0.048466767066756886,
        -0.13606320386304335,
        -0.019968217474021832,
        -0.06762767720004642,
        -0.015266167044452323,
        -0.10236735738473468,
        0.016567554347027974,
        -0.0708947156812259,
        0.014309734590284754,
        -0.03743639781045359,
        0.5235842414035682
    ]
}