{
    "task": "openmathinstruct_2",
    "expert_name": [
        "yochimachika/yochimachika-lora-repo07",
        "shokuma/qwen3-4b-structured-output-lora-20260217-1st",
        "Kaito-F/lora-repo-v18",
        "cjkasbdkjnlakb/agent-0927-05",
        "kochan13/qwen-qwen3-4b-structured-output-lora-26020502",
        "jmJapan/jm26",
        "Shusuke07/qwen3-4b-structured-output-lora-repo-1-3_2-3_01",
        "tmiyamoto/qwen3-4b-agentbench-exp02",
        "Shusuke07/qwen3-4b-structured-output-lora-repo-2-3_04",
        "fumikawa/a25-v0004",
        "cjkasbdkjnlakb/agnet-0906",
        "Tanayuya/qwen3-4b-structured-output-lora-ver2",
        "shinich001/qwen3-4b-5kmix-seq2k-ep1",
        "y-tani/lora_structeval_t_qwen3_4b_v8",
        "NibiruTwin/qwen3-4b-structured-output-lora-v6",
        "yokobo-ai/qwen3-4b-so-lora-v2",
        "hikahika/Qwen3-4B-Instruct-2507exp18",
        "takayosh/your-lora-repo",
        "Yuya0/qwen3-4b-lora_v1.8",
        "G7O8/lora_R8_A16_D005_epo2_LR1e4_structeval_t_qwen3_4b",
        "takeofuture/shibatake-SFT_2602071922",
        "sam-murayama/sam-qwen3-lora-15",
        "worldmate/004kuma",
        "Zsom1997/your-lora-repo-11r",
        "akamei/AK_1ep_4e-6_512_LORAdr_Decay_WU_0219",
        "takao-nb/qwen3-4b-structured-submit23-lora",
        "ortiz-ai/qwen3-4b-structured-output-lora_2ep_5e5_512_005_toml64",
        "okaba815/your-lora-repo",
        "Isk5434/qwen3-4b-structured-output-lora-onlydown2",
        "thetmon/c11"
    ],
    "train+valid_accuracy": 0.01,
    "test_accuracy": 0.005402160864345739,
    "weights": [
        0.520946702581127,
        0.2768717445356568,
        -0.10332872648261325,
        0.02763220237365964,
        0.24897875011367424,
        -0.25473210833779525,
        -0.2836221667376832,
        0.10763263731396712,
        -0.1316283723727675,
        0.037633511609812306,
        0.40242666966125357,
        -0.0022260873737319897,
        -0.014065425288093951,
        0.8943626945411587,
        -0.2530015580437178,
        0.0726453212461626,
        0.10659701165535368,
        0.5716745350652978,
        -0.2910936191364355,
        0.12084003377102691,
        0.3639460662233698,
        0.18748731349554612,
        -0.45012965137085226,
        0.1920058137016931,
        -0.08578440179088803,
        0.32724642788810676,
        0.06886241892299319,
        -0.02934218210275222,
        0.24563067939832345,
        0.22854382923721916
    ]
}