{
    "task": "tweet_eval_hate",
    "expert_name": [
        "r-three/lora_baseline_qwen_lr3e-4_step400_rank64_tweet_eval_hate",
        "sfutenma/lora_structeval_t_qwen3_4b_v260221-211258",
        "tehiro/qwen3-structeval-lora",
        "kmd2525/qwen3-4b-structured-output-lora-v5.2",
        "t-mizuma/qwen3-4b-structeval-lora-5",
        "worldmate/007kuma",
        "ksk740/model20260211",
        "YyUuYyAa/qwen3-4b-structured-output-lora-revised",
        "takao-nb/qwen3-4b-structured-submit10-lora",
        "sabia0080/qwen3-4b-sft-v0-cotv2-lr2e6-ep2-wd001",
        "sam-murayama/sam-qwen3-lora-16",
        "help2opensource/Qwen3-4B-Instruct-2507_mental_health",
        "pokke11/qwen3-4b-structured-output-lora3",
        "takao-nb/qwen3-4b-structured-submit16-lora",
        "Centkun/qwen3-4b-instruct-2507-lora-homework_vo6",
        "marukame332/final_asignment",
        "tsubasaka/lora-repo-v4",
        "Sumiokashi/qwen3-4b-structured-3k-mix-sft_lora-repo_ver34",
        "Kpitc5884/Kpitc5884-lora-repo",
        "yokobo-ai/qwen3-4b-so-lora-v10",
        "MMdesanQ1/your-lora-repo-v3",
        "Umezaki/sft-qwen-v2-lora8-upsample-adapter",
        "hiro877/your-lora-repo-structured-hard-sft-4-0205",
        "katsumi1701/qwen3-4b-structured-output-lora-sft2",
        "thetmon/c1",
        "tmiyamoto/qwen3-4b-agentbench-exp02",
        "yokobo-ai/qwen3-4b-so-lora-v8",
        "manamano88/qwen3-4b-structured-output-lora-v15-14",
        "kiratan/qwen3-4b-structeval-lora-87",
        "choco800/Qwen3-4B-SFT-v13"
    ],
    "train+valid_accuracy": 0.52,
    "test_accuracy": 0.5626262626262626,
    "weights": [
        0.4595744751088253,
        0.27523904167991503,
        -0.019200034598086727,
        0.5026070280002549,
        0.00459847654993981,
        -0.013252287745842736,
        -0.03407050120739888,
        -0.06723227964895938,
        0.06996449248891036,
        0.02253200670246438,
        -0.044058812651097276,
        -0.00972320395307068,
        -0.029595312858882068,
        0.22182256478825965,
        -0.016982805603802987,
        0.09822189493910091,
        0.08057143816937226,
        0.0780566069808427,
        0.07755802270792461,
        0.0845927247007442,
        0.011261478302793542,
        0.15216301780003805,
        0.0846178010797583,
        0.11978623244756148,
        0.6233707304858109,
        -0.022951101449017047,
        -0.09123762116244659,
        0.48657499480197025,
        -0.02759738613122241,
        0.5103572113191571
    ]
}