{
    "task": "super_glue_rte",
    "expert_name": [
        "r-three/lora_baseline_qwen_lr3e-4_step400_rank64_super_glue_rte",
        "sfutenma/lora_structeval_t_qwen3_4b_v260221-211258",
        "tehiro/qwen3-structeval-lora",
        "kmd2525/qwen3-4b-structured-output-lora-v5.2",
        "t-mizuma/qwen3-4b-structeval-lora-5",
        "worldmate/007kuma",
        "ksk740/model20260211",
        "YyUuYyAa/qwen3-4b-structured-output-lora-revised",
        "takao-nb/qwen3-4b-structured-submit10-lora",
        "sabia0080/qwen3-4b-sft-v0-cotv2-lr2e6-ep2-wd001",
        "sam-murayama/sam-qwen3-lora-16",
        "help2opensource/Qwen3-4B-Instruct-2507_mental_health",
        "pokke11/qwen3-4b-structured-output-lora3",
        "takao-nb/qwen3-4b-structured-submit16-lora",
        "Centkun/qwen3-4b-instruct-2507-lora-homework_vo6",
        "marukame332/final_asignment",
        "tsubasaka/lora-repo-v4",
        "Sumiokashi/qwen3-4b-structured-3k-mix-sft_lora-repo_ver34",
        "Kpitc5884/Kpitc5884-lora-repo",
        "yokobo-ai/qwen3-4b-so-lora-v10",
        "MMdesanQ1/your-lora-repo-v3",
        "Umezaki/sft-qwen-v2-lora8-upsample-adapter",
        "hiro877/your-lora-repo-structured-hard-sft-4-0205",
        "katsumi1701/qwen3-4b-structured-output-lora-sft2",
        "thetmon/c1",
        "tmiyamoto/qwen3-4b-agentbench-exp02",
        "yokobo-ai/qwen3-4b-so-lora-v8",
        "manamano88/qwen3-4b-structured-output-lora-v15-14",
        "kiratan/qwen3-4b-structeval-lora-87",
        "choco800/Qwen3-4B-SFT-v13"
    ],
    "train+valid_accuracy": 0.9,
    "test_accuracy": 0.9036144578313253,
    "weights": [
        0.5619972409032097,
        0.4966420919968541,
        0.0013799267613991287,
        -0.017122485909598893,
        0.4948386408700398,
        0.0010536327742333056,
        -0.04268844078027505,
        -0.039005125723500456,
        0.49132174080078345,
        0.03484450540575557,
        -0.035949645677789785,
        0.0006156311524558311,
        -0.05420601089539835,
        0.03405641489909353,
        -0.04263421521979761,
        -0.019088864379330845,
        -0.023856198292107857,
        -0.01432435653885106,
        -0.02605417325982268,
        -0.017680387788946657,
        -0.07511759066077783,
        0.008207913502865167,
        -0.06659007134453755,
        -0.04203086873779587,
        0.012539726166558733,
        0.019936446659809523,
        -0.011693870123078614,
        0.03054067320925359,
        -0.011911676805527925,
        -0.012299137646021682
    ]
}