{
    "task": "unit_conversion_si_conversion",
    "expert_name": [
        "r-three/lora_baseline_qwen_lr3e-4_step400_rank64_unit_conversion_si_conversion",
        "yochimachika/yochimachika-lora-repo07",
        "shokuma/qwen3-4b-structured-output-lora-20260217-1st",
        "Kaito-F/lora-repo-v18",
        "cjkasbdkjnlakb/agent-0927-05",
        "kochan13/qwen-qwen3-4b-structured-output-lora-26020502",
        "jmJapan/jm26",
        "Shusuke07/qwen3-4b-structured-output-lora-repo-1-3_2-3_01",
        "tmiyamoto/qwen3-4b-agentbench-exp02",
        "Shusuke07/qwen3-4b-structured-output-lora-repo-2-3_04",
        "fumikawa/a25-v0004",
        "cjkasbdkjnlakb/agnet-0906",
        "Tanayuya/qwen3-4b-structured-output-lora-ver2",
        "shinich001/qwen3-4b-5kmix-seq2k-ep1",
        "y-tani/lora_structeval_t_qwen3_4b_v8",
        "NibiruTwin/qwen3-4b-structured-output-lora-v6",
        "yokobo-ai/qwen3-4b-so-lora-v2",
        "hikahika/Qwen3-4B-Instruct-2507exp18",
        "takayosh/your-lora-repo",
        "Yuya0/qwen3-4b-lora_v1.8",
        "G7O8/lora_R8_A16_D005_epo2_LR1e4_structeval_t_qwen3_4b",
        "takeofuture/shibatake-SFT_2602071922",
        "sam-murayama/sam-qwen3-lora-15",
        "worldmate/004kuma",
        "Zsom1997/your-lora-repo-11r",
        "akamei/AK_1ep_4e-6_512_LORAdr_Decay_WU_0219",
        "takao-nb/qwen3-4b-structured-submit23-lora",
        "ortiz-ai/qwen3-4b-structured-output-lora_2ep_5e5_512_005_toml64",
        "okaba815/your-lora-repo",
        "Isk5434/qwen3-4b-structured-output-lora-onlydown2"
    ],
    "train+valid_accuracy": 0.18,
    "test_accuracy": 0.22666666666666666,
    "weights": [
        0.47910174080541434,
        0.4938688313479391,
        -0.028234263966667797,
        0.025506838600176995,
        -0.0059180411428288,
        0.034211191429758626,
        0.03176633934244006,
        -0.006832326279193675,
        -0.0052431451983133166,
        -0.0033895193853042786,
        -0.005273699540772427,
        -0.005889257511423335,
        0.04744407080914348,
        -0.0058967194821308265,
        -0.0046567158658722746,
        -0.0016304961671558893,
        0.03197344127226213,
        -0.000733585701256164,
        -8.362620010451982e-05,
        0.0015181193632205175,
        -0.0020208567073247653,
        0.02903889998582595,
        -0.0029498791378364444,
        -0.0018201264727860504,
        0.0010708298413876665,
        -0.006004780325076984,
        -0.004390892404685346,
        -0.0067937042636717244,
        -0.007355070890843733,
        -0.0023722863573707575
    ]
}