{
    "task": "web_of_lies",
    "expert_name": [
        "sfutenma/lora_structeval_t_qwen3_4b_v260221-211258",
        "tehiro/qwen3-structeval-lora",
        "kmd2525/qwen3-4b-structured-output-lora-v5.2",
        "t-mizuma/qwen3-4b-structeval-lora-5",
        "worldmate/007kuma",
        "ksk740/model20260211",
        "YyUuYyAa/qwen3-4b-structured-output-lora-revised",
        "takao-nb/qwen3-4b-structured-submit10-lora",
        "sabia0080/qwen3-4b-sft-v0-cotv2-lr2e6-ep2-wd001",
        "sam-murayama/sam-qwen3-lora-16",
        "help2opensource/Qwen3-4B-Instruct-2507_mental_health",
        "pokke11/qwen3-4b-structured-output-lora3",
        "takao-nb/qwen3-4b-structured-submit16-lora",
        "Centkun/qwen3-4b-instruct-2507-lora-homework_vo6",
        "marukame332/final_asignment",
        "tsubasaka/lora-repo-v4",
        "Sumiokashi/qwen3-4b-structured-3k-mix-sft_lora-repo_ver34",
        "Kpitc5884/Kpitc5884-lora-repo",
        "yokobo-ai/qwen3-4b-so-lora-v10",
        "MMdesanQ1/your-lora-repo-v3",
        "Umezaki/sft-qwen-v2-lora8-upsample-adapter",
        "hiro877/your-lora-repo-structured-hard-sft-4-0205",
        "katsumi1701/qwen3-4b-structured-output-lora-sft2",
        "thetmon/c1",
        "tmiyamoto/qwen3-4b-agentbench-exp02",
        "yokobo-ai/qwen3-4b-so-lora-v8",
        "manamano88/qwen3-4b-structured-output-lora-v15-14",
        "kiratan/qwen3-4b-structeval-lora-87",
        "choco800/Qwen3-4B-SFT-v13",
        "kawashimas/qwen3-4b-lora-exp1"
    ],
    "train+valid_accuracy": 0.5,
    "test_accuracy": 0.5134228187919463,
    "weights": [
        0.5204656897527051,
        0.46666965139130995,
        0.5696127811513694,
        0.4077889582710806,
        0.2961694097706794,
        -0.13399777772494842,
        -0.057524806293255536,
        0.08234010919356538,
        0.22976224705785264,
        0.04535949542937528,
        0.0792334307936032,
        -0.023502419099461446,
        0.07550756629044039,
        0.05138143241367443,
        0.5879078306151201,
        -0.037365425246829426,
        -0.005186891537763285,
        -0.050267605459055203,
        -0.10899606347106226,
        -0.28254232251248157,
        0.0034773712378663424,
        -0.08418752072349056,
        -0.4626264682755771,
        -0.2622910453850706,
        -0.09405452429317458,
        -0.3235005101043727,
        0.016763270384264083,
        -0.1669174770752113,
        0.521758847503682,
        -0.29954354058351884
    ]
}