{
    "task": "arc_easy",
    "expert_name": [
        "r-three/lora_baseline_qwen_lr3e-4_step400_rank64_arc_easy",
        "yochimachika/yochimachika-lora-repo07",
        "shokuma/qwen3-4b-structured-output-lora-20260217-1st",
        "Kaito-F/lora-repo-v18",
        "cjkasbdkjnlakb/agent-0927-05",
        "kochan13/qwen-qwen3-4b-structured-output-lora-26020502",
        "jmJapan/jm26",
        "Shusuke07/qwen3-4b-structured-output-lora-repo-1-3_2-3_01",
        "tmiyamoto/qwen3-4b-agentbench-exp02",
        "Shusuke07/qwen3-4b-structured-output-lora-repo-2-3_04",
        "fumikawa/a25-v0004",
        "cjkasbdkjnlakb/agnet-0906",
        "Tanayuya/qwen3-4b-structured-output-lora-ver2",
        "shinich001/qwen3-4b-5kmix-seq2k-ep1",
        "y-tani/lora_structeval_t_qwen3_4b_v8",
        "NibiruTwin/qwen3-4b-structured-output-lora-v6",
        "yokobo-ai/qwen3-4b-so-lora-v2",
        "hikahika/Qwen3-4B-Instruct-2507exp18",
        "takayosh/your-lora-repo",
        "Yuya0/qwen3-4b-lora_v1.8",
        "G7O8/lora_R8_A16_D005_epo2_LR1e4_structeval_t_qwen3_4b",
        "takeofuture/shibatake-SFT_2602071922",
        "sam-murayama/sam-qwen3-lora-15",
        "worldmate/004kuma",
        "Zsom1997/your-lora-repo-11r",
        "akamei/AK_1ep_4e-6_512_LORAdr_Decay_WU_0219",
        "takao-nb/qwen3-4b-structured-submit23-lora",
        "ortiz-ai/qwen3-4b-structured-output-lora_2ep_5e5_512_005_toml64",
        "okaba815/your-lora-repo",
        "Isk5434/qwen3-4b-structured-output-lora-onlydown2"
    ],
    "train+valid_accuracy": 1.0,
    "test_accuracy": 0.9410774410774411,
    "weights": [
        0.7949295105542098,
        0.579942475530874,
        0.5126304508190873,
        -0.01378480587149874,
        0.4468125096436257,
        -0.07648568720085287,
        0.4739614506964736,
        -0.014339022019884337,
        -0.009637307204195058,
        -0.030459573868098826,
        -0.099780454660396,
        -0.011431099590621309,
        0.008366193777912343,
        0.024183015020684574,
        -0.028263097659795955,
        -0.016798423997642253,
        0.014545463827385387,
        -0.05063033770517596,
        0.11668815918054995,
        -0.04194067845045214,
        0.025244797432453732,
        -0.030913185706818093,
        -0.02326332497474133,
        0.024336031545070393,
        -0.0636825679453008,
        -0.03099296882082456,
        0.015276007777932445,
        0.006123726830244828,
        -0.024549002387729172,
        0.06624581543789813
    ]
}