{
    "task": "xnli_en",
    "expert_name": [
        "yochimachika/yochimachika-lora-repo07",
        "shokuma/qwen3-4b-structured-output-lora-20260217-1st",
        "Kaito-F/lora-repo-v18",
        "cjkasbdkjnlakb/agent-0927-05",
        "kochan13/qwen-qwen3-4b-structured-output-lora-26020502",
        "jmJapan/jm26",
        "Shusuke07/qwen3-4b-structured-output-lora-repo-1-3_2-3_01",
        "tmiyamoto/qwen3-4b-agentbench-exp02",
        "Shusuke07/qwen3-4b-structured-output-lora-repo-2-3_04",
        "fumikawa/a25-v0004",
        "cjkasbdkjnlakb/agnet-0906",
        "Tanayuya/qwen3-4b-structured-output-lora-ver2",
        "shinich001/qwen3-4b-5kmix-seq2k-ep1",
        "y-tani/lora_structeval_t_qwen3_4b_v8",
        "NibiruTwin/qwen3-4b-structured-output-lora-v6",
        "yokobo-ai/qwen3-4b-so-lora-v2",
        "hikahika/Qwen3-4B-Instruct-2507exp18",
        "takayosh/your-lora-repo",
        "Yuya0/qwen3-4b-lora_v1.8",
        "G7O8/lora_R8_A16_D005_epo2_LR1e4_structeval_t_qwen3_4b",
        "takeofuture/shibatake-SFT_2602071922",
        "sam-murayama/sam-qwen3-lora-15",
        "worldmate/004kuma",
        "Zsom1997/your-lora-repo-11r",
        "akamei/AK_1ep_4e-6_512_LORAdr_Decay_WU_0219",
        "takao-nb/qwen3-4b-structured-submit23-lora",
        "ortiz-ai/qwen3-4b-structured-output-lora_2ep_5e5_512_005_toml64",
        "okaba815/your-lora-repo",
        "Isk5434/qwen3-4b-structured-output-lora-onlydown2",
        "thetmon/c11"
    ],
    "train+valid_accuracy": 0.67,
    "test_accuracy": 0.6168,
    "weights": [
        0.7387261176264313,
        0.0003279561855950861,
        0.48517537495664054,
        0.47521916967665767,
        0.012021613371782834,
        -0.04468962631402762,
        0.08797143078554459,
        -0.022322740072435027,
        0.008740347265362101,
        -0.028639943356622375,
        0.4113430846425754,
        -0.003327149037628201,
        -0.024207023202960705,
        0.03801965305034129,
        -0.05908890915740253,
        -0.008234680804879917,
        0.01050263568642874,
        -0.01915205970247689,
        -0.05639986550423755,
        -0.06702359202198696,
        -0.06339968042138458,
        0.04150754124548402,
        0.02334155536903928,
        0.054704326426746816,
        -0.0018861273445580158,
        -0.01789799888997914,
        0.035247299723642184,
        -0.005866102024672674,
        0.014099256423531997,
        0.5212015949197419
    ]
}