{
    "task": "machine_paraphrase_dataset",
    "expert_name": [
        "r-three/lora_baseline_qwen_lr3e-4_step400_rank64_machine_paraphrase_dataset",
        "yochimachika/yochimachika-lora-repo07",
        "shokuma/qwen3-4b-structured-output-lora-20260217-1st",
        "Kaito-F/lora-repo-v18",
        "cjkasbdkjnlakb/agent-0927-05",
        "kochan13/qwen-qwen3-4b-structured-output-lora-26020502",
        "jmJapan/jm26",
        "Shusuke07/qwen3-4b-structured-output-lora-repo-1-3_2-3_01",
        "tmiyamoto/qwen3-4b-agentbench-exp02",
        "Shusuke07/qwen3-4b-structured-output-lora-repo-2-3_04",
        "fumikawa/a25-v0004",
        "cjkasbdkjnlakb/agnet-0906",
        "Tanayuya/qwen3-4b-structured-output-lora-ver2",
        "shinich001/qwen3-4b-5kmix-seq2k-ep1",
        "y-tani/lora_structeval_t_qwen3_4b_v8",
        "NibiruTwin/qwen3-4b-structured-output-lora-v6",
        "yokobo-ai/qwen3-4b-so-lora-v2",
        "hikahika/Qwen3-4B-Instruct-2507exp18",
        "takayosh/your-lora-repo",
        "Yuya0/qwen3-4b-lora_v1.8",
        "G7O8/lora_R8_A16_D005_epo2_LR1e4_structeval_t_qwen3_4b",
        "takeofuture/shibatake-SFT_2602071922",
        "sam-murayama/sam-qwen3-lora-15",
        "worldmate/004kuma",
        "Zsom1997/your-lora-repo-11r",
        "akamei/AK_1ep_4e-6_512_LORAdr_Decay_WU_0219",
        "takao-nb/qwen3-4b-structured-submit23-lora",
        "ortiz-ai/qwen3-4b-structured-output-lora_2ep_5e5_512_005_toml64",
        "okaba815/your-lora-repo",
        "Isk5434/qwen3-4b-structured-output-lora-onlydown2"
    ],
    "train+valid_accuracy": 1.0,
    "test_accuracy": 0.8190914548729238,
    "weights": [
        0.5471592227268267,
        0.549668325905221,
        0.09063487628497631,
        0.01764393370973458,
        0.36225887867299766,
        0.021541260529983626,
        -0.03062500003110505,
        -0.007816087969571898,
        0.04861268745611966,
        -0.051432214399028696,
        0.04491078396065255,
        -0.004799139688148948,
        -0.025470557126834957,
        0.023919358765746846,
        -0.007123339941956735,
        -0.04997233892164478,
        0.022313132373492167,
        -0.015118719435616752,
        0.006498069184195921,
        -0.16797843215579747,
        -0.007348864397871611,
        0.025995742066946968,
        0.000299243140121609,
        0.015743655277340188,
        -0.048050402711051696,
        -0.025951333519025798,
        -0.0014099119062909345,
        0.040678630259106355,
        -0.005898285763737479,
        3.2681325477395586e-05
    ]
}