{
    "task": "super_glue_wsc",
    "expert_name": [
        "yochimachika/yochimachika-lora-repo07",
        "shokuma/qwen3-4b-structured-output-lora-20260217-1st",
        "Kaito-F/lora-repo-v18",
        "cjkasbdkjnlakb/agent-0927-05",
        "kochan13/qwen-qwen3-4b-structured-output-lora-26020502",
        "jmJapan/jm26",
        "Shusuke07/qwen3-4b-structured-output-lora-repo-1-3_2-3_01",
        "tmiyamoto/qwen3-4b-agentbench-exp02",
        "Shusuke07/qwen3-4b-structured-output-lora-repo-2-3_04",
        "fumikawa/a25-v0004",
        "cjkasbdkjnlakb/agnet-0906",
        "Tanayuya/qwen3-4b-structured-output-lora-ver2",
        "shinich001/qwen3-4b-5kmix-seq2k-ep1",
        "y-tani/lora_structeval_t_qwen3_4b_v8",
        "NibiruTwin/qwen3-4b-structured-output-lora-v6",
        "yokobo-ai/qwen3-4b-so-lora-v2",
        "hikahika/Qwen3-4B-Instruct-2507exp18",
        "takayosh/your-lora-repo",
        "Yuya0/qwen3-4b-lora_v1.8",
        "G7O8/lora_R8_A16_D005_epo2_LR1e4_structeval_t_qwen3_4b",
        "takeofuture/shibatake-SFT_2602071922",
        "sam-murayama/sam-qwen3-lora-15",
        "worldmate/004kuma",
        "Zsom1997/your-lora-repo-11r",
        "akamei/AK_1ep_4e-6_512_LORAdr_Decay_WU_0219",
        "takao-nb/qwen3-4b-structured-submit23-lora",
        "ortiz-ai/qwen3-4b-structured-output-lora_2ep_5e5_512_005_toml64",
        "okaba815/your-lora-repo",
        "Isk5434/qwen3-4b-structured-output-lora-onlydown2",
        "thetmon/c11"
    ],
    "train+valid_accuracy": 0.47,
    "test_accuracy": 0.5714285714285714,
    "weights": [
        0.4569438506122255,
        -0.03002522899454367,
        0.5102012023314519,
        0.5575422866070997,
        -0.0592283744747127,
        0.017030600828637537,
        -0.040958949174283846,
        -0.07860844219755203,
        -0.040002400421213544,
        -0.061538471646310954,
        0.5013616142834398,
        -0.06366902607294586,
        -0.0012047823894668678,
        -0.005866078208978013,
        -0.031281278468031117,
        0.0052096842994406945,
        -0.045711909688193296,
        -0.03788528735086147,
        -0.031945862064615596,
        0.00048585929823288375,
        -0.021532615447636676,
        0.033178520418491945,
        -0.025251448444692785,
        -0.03290540605256899,
        -0.031925465842331024,
        0.001399726610486658,
        -0.05708832762494519,
        -0.018632617937495304,
        -0.011623974829669514,
        0.0033446009807802726
    ]
}