{
    "task": "sciq",
    "expert_name": [
        "r-three/lora_baseline_qwen_lr3e-4_step400_rank64_sciq",
        "sfutenma/lora_structeval_t_qwen3_4b_v260221-211258",
        "tehiro/qwen3-structeval-lora",
        "kmd2525/qwen3-4b-structured-output-lora-v5.2",
        "t-mizuma/qwen3-4b-structeval-lora-5",
        "worldmate/007kuma",
        "ksk740/model20260211",
        "YyUuYyAa/qwen3-4b-structured-output-lora-revised",
        "takao-nb/qwen3-4b-structured-submit10-lora",
        "sabia0080/qwen3-4b-sft-v0-cotv2-lr2e6-ep2-wd001",
        "sam-murayama/sam-qwen3-lora-16",
        "help2opensource/Qwen3-4B-Instruct-2507_mental_health",
        "pokke11/qwen3-4b-structured-output-lora3",
        "takao-nb/qwen3-4b-structured-submit16-lora",
        "Centkun/qwen3-4b-instruct-2507-lora-homework_vo6",
        "marukame332/final_asignment",
        "tsubasaka/lora-repo-v4",
        "Sumiokashi/qwen3-4b-structured-3k-mix-sft_lora-repo_ver34",
        "Kpitc5884/Kpitc5884-lora-repo",
        "yokobo-ai/qwen3-4b-so-lora-v10",
        "MMdesanQ1/your-lora-repo-v3",
        "Umezaki/sft-qwen-v2-lora8-upsample-adapter",
        "hiro877/your-lora-repo-structured-hard-sft-4-0205",
        "katsumi1701/qwen3-4b-structured-output-lora-sft2",
        "thetmon/c1",
        "tmiyamoto/qwen3-4b-agentbench-exp02",
        "yokobo-ai/qwen3-4b-so-lora-v8",
        "manamano88/qwen3-4b-structured-output-lora-v15-14",
        "kiratan/qwen3-4b-structeval-lora-87",
        "choco800/Qwen3-4B-SFT-v13"
    ],
    "train+valid_accuracy": 0.51,
    "test_accuracy": 0.497,
    "weights": [
        0.47713307924805887,
        0.47969368507087284,
        0.430886455523808,
        -0.021429915369756067,
        -0.003449980688028229,
        -0.028841402727614745,
        0.008979293170507165,
        -0.013609229512736482,
        -0.012987643383271923,
        -0.02966275142153984,
        0.005275378692197923,
        -0.013705831075329276,
        0.03646962976067687,
        -0.016919319060024304,
        0.011934697727519325,
        -0.0447971775819785,
        0.5144847508200975,
        -0.011693879912103577,
        -0.046182600422185034,
        -0.014304618602500433,
        0.043477812899479246,
        -0.00989935745643996,
        0.04049884539530722,
        -0.03323308391778917,
        -0.015199565187278514,
        -0.05457219701121745,
        0.025631117385196852,
        -0.015868423935812767,
        -0.01645596967994753,
        -0.008436015753213708
    ]
}