{
    "task": "glue_mnli",
    "expert_name": [
        "r-three/lora_baseline_qwen_lr3e-4_step400_rank64_glue_mnli",
        "sfutenma/lora_structeval_t_qwen3_4b_v260221-211258",
        "tehiro/qwen3-structeval-lora",
        "kmd2525/qwen3-4b-structured-output-lora-v5.2",
        "t-mizuma/qwen3-4b-structeval-lora-5",
        "worldmate/007kuma",
        "ksk740/model20260211",
        "YyUuYyAa/qwen3-4b-structured-output-lora-revised",
        "takao-nb/qwen3-4b-structured-submit10-lora",
        "sabia0080/qwen3-4b-sft-v0-cotv2-lr2e6-ep2-wd001",
        "sam-murayama/sam-qwen3-lora-16",
        "help2opensource/Qwen3-4B-Instruct-2507_mental_health",
        "pokke11/qwen3-4b-structured-output-lora3",
        "takao-nb/qwen3-4b-structured-submit16-lora",
        "Centkun/qwen3-4b-instruct-2507-lora-homework_vo6",
        "marukame332/final_asignment",
        "tsubasaka/lora-repo-v4",
        "Sumiokashi/qwen3-4b-structured-3k-mix-sft_lora-repo_ver34",
        "Kpitc5884/Kpitc5884-lora-repo",
        "yokobo-ai/qwen3-4b-so-lora-v10",
        "MMdesanQ1/your-lora-repo-v3",
        "Umezaki/sft-qwen-v2-lora8-upsample-adapter",
        "hiro877/your-lora-repo-structured-hard-sft-4-0205",
        "katsumi1701/qwen3-4b-structured-output-lora-sft2",
        "thetmon/c1",
        "tmiyamoto/qwen3-4b-agentbench-exp02",
        "yokobo-ai/qwen3-4b-so-lora-v8",
        "manamano88/qwen3-4b-structured-output-lora-v15-14",
        "kiratan/qwen3-4b-structeval-lora-87",
        "choco800/Qwen3-4B-SFT-v13"
    ],
    "train+valid_accuracy": 0.91,
    "test_accuracy": 0.82,
    "weights": [
        0.5526341544781096,
        0.5339660615987266,
        0.012283026991171422,
        -0.008780914076031609,
        0.49276496179159046,
        -0.016693396632805724,
        -0.013710023805243611,
        0.017065449110013294,
        0.010333170497475962,
        0.0035392332091057415,
        -0.010785342512164143,
        -0.0002983753895877501,
        -0.020723397012550066,
        -0.03442690425165015,
        -0.022221647606667325,
        0.00619651795659815,
        -0.0023692893069737785,
        -0.016164406079052184,
        -0.005454997928164724,
        -0.013047273209183608,
        0.041379256354191464,
        0.480279189979915,
        -0.024685000340802083,
        -0.024131057151413123,
        -0.0323540134733522,
        -0.005612988161192184,
        -0.01705654785489434,
        -0.03379361330993283,
        -0.002296794467862805,
        -0.011884661356661596
    ]
}