{
    "task": "ade_corpus_v2",
    "expert_name": [
        "r-three/lora_baseline_qwen_lr3e-4_step400_rank64_ade_corpus_v2",
        "yochimachika/yochimachika-lora-repo07",
        "shokuma/qwen3-4b-structured-output-lora-20260217-1st",
        "Kaito-F/lora-repo-v18",
        "cjkasbdkjnlakb/agent-0927-05",
        "kochan13/qwen-qwen3-4b-structured-output-lora-26020502",
        "jmJapan/jm26",
        "Shusuke07/qwen3-4b-structured-output-lora-repo-1-3_2-3_01",
        "tmiyamoto/qwen3-4b-agentbench-exp02",
        "Shusuke07/qwen3-4b-structured-output-lora-repo-2-3_04",
        "fumikawa/a25-v0004",
        "cjkasbdkjnlakb/agnet-0906",
        "Tanayuya/qwen3-4b-structured-output-lora-ver2",
        "shinich001/qwen3-4b-5kmix-seq2k-ep1",
        "y-tani/lora_structeval_t_qwen3_4b_v8",
        "NibiruTwin/qwen3-4b-structured-output-lora-v6",
        "yokobo-ai/qwen3-4b-so-lora-v2",
        "hikahika/Qwen3-4B-Instruct-2507exp18",
        "takayosh/your-lora-repo",
        "Yuya0/qwen3-4b-lora_v1.8",
        "G7O8/lora_R8_A16_D005_epo2_LR1e4_structeval_t_qwen3_4b",
        "takeofuture/shibatake-SFT_2602071922",
        "sam-murayama/sam-qwen3-lora-15",
        "worldmate/004kuma",
        "Zsom1997/your-lora-repo-11r",
        "akamei/AK_1ep_4e-6_512_LORAdr_Decay_WU_0219",
        "takao-nb/qwen3-4b-structured-submit23-lora",
        "ortiz-ai/qwen3-4b-structured-output-lora_2ep_5e5_512_005_toml64",
        "okaba815/your-lora-repo",
        "Isk5434/qwen3-4b-structured-output-lora-onlydown2"
    ],
    "train+valid_accuracy": 0.8,
    "test_accuracy": 0.7389455782312925,
    "weights": [
        0.48970724103423086,
        0.0032995943896117538,
        0.016612368065454512,
        -0.0047545989104771725,
        -0.0028959761549872927,
        0.007550038996361899,
        0.50336566468763,
        0.0025474604050195688,
        -0.038391963245899594,
        -0.03803655352507501,
        -0.0005334664951251009,
        -0.016248465103131136,
        -0.05292068749741517,
        -0.03806917915332534,
        -0.018937112129982024,
        -0.0032515750776779886,
        -0.0419169095371178,
        -0.03702720470877286,
        -0.015486128039952961,
        -0.04923351443024808,
        -0.03212889314226418,
        -0.00448800758549058,
        -0.03807921843723632,
        -0.033984461772117204,
        -0.025605409401018433,
        -0.030255206593002747,
        -0.009662934932930588,
        -0.014494691861776232,
        -0.022951343014315288,
        -0.011192182305210784
    ]
}