{
    "task": "super_glue_rte",
    "expert_name": [
        "r-three/lora_baseline_qwen_lr3e-4_step400_rank64_super_glue_rte",
        "yochimachika/yochimachika-lora-repo07",
        "shokuma/qwen3-4b-structured-output-lora-20260217-1st",
        "Kaito-F/lora-repo-v18",
        "cjkasbdkjnlakb/agent-0927-05",
        "kochan13/qwen-qwen3-4b-structured-output-lora-26020502",
        "jmJapan/jm26",
        "Shusuke07/qwen3-4b-structured-output-lora-repo-1-3_2-3_01",
        "tmiyamoto/qwen3-4b-agentbench-exp02",
        "Shusuke07/qwen3-4b-structured-output-lora-repo-2-3_04",
        "fumikawa/a25-v0004",
        "cjkasbdkjnlakb/agnet-0906",
        "Tanayuya/qwen3-4b-structured-output-lora-ver2",
        "shinich001/qwen3-4b-5kmix-seq2k-ep1",
        "y-tani/lora_structeval_t_qwen3_4b_v8",
        "NibiruTwin/qwen3-4b-structured-output-lora-v6",
        "yokobo-ai/qwen3-4b-so-lora-v2",
        "hikahika/Qwen3-4B-Instruct-2507exp18",
        "takayosh/your-lora-repo",
        "Yuya0/qwen3-4b-lora_v1.8",
        "G7O8/lora_R8_A16_D005_epo2_LR1e4_structeval_t_qwen3_4b",
        "takeofuture/shibatake-SFT_2602071922",
        "sam-murayama/sam-qwen3-lora-15",
        "worldmate/004kuma",
        "Zsom1997/your-lora-repo-11r",
        "akamei/AK_1ep_4e-6_512_LORAdr_Decay_WU_0219",
        "takao-nb/qwen3-4b-structured-submit23-lora",
        "ortiz-ai/qwen3-4b-structured-output-lora_2ep_5e5_512_005_toml64",
        "okaba815/your-lora-repo",
        "Isk5434/qwen3-4b-structured-output-lora-onlydown2"
    ],
    "train+valid_accuracy": 0.9,
    "test_accuracy": 0.9076305220883534,
    "weights": [
        0.5701669736822036,
        0.49668920422286217,
        -0.017837357878027746,
        0.4944705656330641,
        0.501088658455846,
        -0.045332502692872714,
        -0.0192132441165374,
        0.021368492433901664,
        -0.03957830459767948,
        0.03771952518995712,
        -0.021995761143543985,
        -0.005292411415303429,
        0.046748492603251875,
        0.0014050751677827308,
        -0.0026868796446012874,
        -0.0428207925126038,
        -0.030464289083873344,
        -0.027831749266144686,
        0.011435127979589546,
        0.017624559076821533,
        -0.015365424025181913,
        -0.018313120470854528,
        -0.01561919599998002,
        -0.026885111761693906,
        -0.01720172023911417,
        -0.021191809992331594,
        -0.003617803376236627,
        -0.00979001101704759,
        -0.01757317091255229,
        -0.0009741616143287285
    ]
}