{
    "task": "xnli_en",
    "expert_name": [
        "r-three/lora_baseline_qwen_lr3e-4_step400_rank64_xnli_en",
        "yochimachika/yochimachika-lora-repo07",
        "shokuma/qwen3-4b-structured-output-lora-20260217-1st",
        "Kaito-F/lora-repo-v18",
        "cjkasbdkjnlakb/agent-0927-05",
        "kochan13/qwen-qwen3-4b-structured-output-lora-26020502",
        "jmJapan/jm26",
        "Shusuke07/qwen3-4b-structured-output-lora-repo-1-3_2-3_01",
        "tmiyamoto/qwen3-4b-agentbench-exp02",
        "Shusuke07/qwen3-4b-structured-output-lora-repo-2-3_04",
        "fumikawa/a25-v0004",
        "cjkasbdkjnlakb/agnet-0906",
        "Tanayuya/qwen3-4b-structured-output-lora-ver2",
        "shinich001/qwen3-4b-5kmix-seq2k-ep1",
        "y-tani/lora_structeval_t_qwen3_4b_v8",
        "NibiruTwin/qwen3-4b-structured-output-lora-v6",
        "yokobo-ai/qwen3-4b-so-lora-v2",
        "hikahika/Qwen3-4B-Instruct-2507exp18",
        "takayosh/your-lora-repo",
        "Yuya0/qwen3-4b-lora_v1.8",
        "G7O8/lora_R8_A16_D005_epo2_LR1e4_structeval_t_qwen3_4b",
        "takeofuture/shibatake-SFT_2602071922",
        "sam-murayama/sam-qwen3-lora-15",
        "worldmate/004kuma",
        "Zsom1997/your-lora-repo-11r",
        "akamei/AK_1ep_4e-6_512_LORAdr_Decay_WU_0219",
        "takao-nb/qwen3-4b-structured-submit23-lora",
        "ortiz-ai/qwen3-4b-structured-output-lora_2ep_5e5_512_005_toml64",
        "okaba815/your-lora-repo",
        "Isk5434/qwen3-4b-structured-output-lora-onlydown2"
    ],
    "train+valid_accuracy": 0.85,
    "test_accuracy": 0.8012,
    "weights": [
        0.48952595154199113,
        0.5217320552607259,
        0.0027820837156331095,
        0.5072980028538923,
        -0.010098305921701497,
        -0.015024036090713535,
        -0.013604248743999792,
        0.03769411990628018,
        -0.0070830702582254795,
        -0.0009809372417739055,
        -0.0003383631492558086,
        -0.010222841626879182,
        -0.006985341792321761,
        0.0185963639254046,
        0.48623844256523946,
        -0.005945472133414844,
        -0.007849271787448996,
        -0.007748413589484852,
        0.05450473061493926,
        -0.007208828038412135,
        -0.001352098287721669,
        -0.004578290753420385,
        -0.0016659506169093494,
        -0.0028236348500653547,
        -0.009795410634608679,
        -0.0065227577300763714,
        0.029904271796617064,
        -0.0056982072319299295,
        0.03119372528800983,
        -0.0020268560880380843
    ]
}