{
    "task": "boolean_expressions",
    "expert_name": [
        "yochimachika/yochimachika-lora-repo07",
        "shokuma/qwen3-4b-structured-output-lora-20260217-1st",
        "Kaito-F/lora-repo-v18",
        "cjkasbdkjnlakb/agent-0927-05",
        "kochan13/qwen-qwen3-4b-structured-output-lora-26020502",
        "jmJapan/jm26",
        "Shusuke07/qwen3-4b-structured-output-lora-repo-1-3_2-3_01",
        "tmiyamoto/qwen3-4b-agentbench-exp02",
        "Shusuke07/qwen3-4b-structured-output-lora-repo-2-3_04",
        "fumikawa/a25-v0004",
        "cjkasbdkjnlakb/agnet-0906",
        "Tanayuya/qwen3-4b-structured-output-lora-ver2",
        "shinich001/qwen3-4b-5kmix-seq2k-ep1",
        "y-tani/lora_structeval_t_qwen3_4b_v8",
        "NibiruTwin/qwen3-4b-structured-output-lora-v6",
        "yokobo-ai/qwen3-4b-so-lora-v2",
        "hikahika/Qwen3-4B-Instruct-2507exp18",
        "takayosh/your-lora-repo",
        "Yuya0/qwen3-4b-lora_v1.8",
        "G7O8/lora_R8_A16_D005_epo2_LR1e4_structeval_t_qwen3_4b",
        "takeofuture/shibatake-SFT_2602071922",
        "sam-murayama/sam-qwen3-lora-15",
        "worldmate/004kuma",
        "Zsom1997/your-lora-repo-11r",
        "akamei/AK_1ep_4e-6_512_LORAdr_Decay_WU_0219",
        "takao-nb/qwen3-4b-structured-submit23-lora",
        "ortiz-ai/qwen3-4b-structured-output-lora_2ep_5e5_512_005_toml64",
        "okaba815/your-lora-repo",
        "Isk5434/qwen3-4b-structured-output-lora-onlydown2",
        "thetmon/c11"
    ],
    "train+valid_accuracy": 0.63,
    "test_accuracy": 0.731,
    "weights": [
        0.49455528131673776,
        0.4977215083900901,
        0.5004817718699834,
        0.5006751623739688,
        0.000122519930694687,
        0.00019006084620477252,
        2.5770526701856655e-05,
        -0.0007849802559109519,
        0.006221287445158723,
        0.0026347455498196173,
        0.020510482154285182,
        0.003134934481037142,
        -0.008316188468433211,
        0.4885815123271343,
        0.0015373742980878213,
        0.0006476217901302229,
        0.0002976814517536359,
        0.005105542573824965,
        -0.0009215765614118496,
        0.0018824124784434018,
        0.0012593246088633129,
        0.0013800779470785442,
        -0.00022935175693296187,
        -0.00032939728782506743,
        7.281397146225353e-05,
        0.0005747793341352835,
        -0.00028702719702892304,
        0.04918030776842417,
        0.00011311464338224168,
        0.00036219381134682313
    ]
}