{
    "task": "anli",
    "expert_name": [
        "r-three/lora_baseline_qwen_lr3e-4_step400_rank64_anli",
        "yochimachika/yochimachika-lora-repo07",
        "shokuma/qwen3-4b-structured-output-lora-20260217-1st",
        "Kaito-F/lora-repo-v18",
        "cjkasbdkjnlakb/agent-0927-05",
        "kochan13/qwen-qwen3-4b-structured-output-lora-26020502",
        "jmJapan/jm26",
        "Shusuke07/qwen3-4b-structured-output-lora-repo-1-3_2-3_01",
        "tmiyamoto/qwen3-4b-agentbench-exp02",
        "Shusuke07/qwen3-4b-structured-output-lora-repo-2-3_04",
        "fumikawa/a25-v0004",
        "cjkasbdkjnlakb/agnet-0906",
        "Tanayuya/qwen3-4b-structured-output-lora-ver2",
        "shinich001/qwen3-4b-5kmix-seq2k-ep1",
        "y-tani/lora_structeval_t_qwen3_4b_v8",
        "NibiruTwin/qwen3-4b-structured-output-lora-v6",
        "yokobo-ai/qwen3-4b-so-lora-v2",
        "hikahika/Qwen3-4B-Instruct-2507exp18",
        "takayosh/your-lora-repo",
        "Yuya0/qwen3-4b-lora_v1.8",
        "G7O8/lora_R8_A16_D005_epo2_LR1e4_structeval_t_qwen3_4b",
        "takeofuture/shibatake-SFT_2602071922",
        "sam-murayama/sam-qwen3-lora-15",
        "worldmate/004kuma",
        "Zsom1997/your-lora-repo-11r",
        "akamei/AK_1ep_4e-6_512_LORAdr_Decay_WU_0219",
        "takao-nb/qwen3-4b-structured-submit23-lora",
        "ortiz-ai/qwen3-4b-structured-output-lora_2ep_5e5_512_005_toml64",
        "okaba815/your-lora-repo",
        "Isk5434/qwen3-4b-structured-output-lora-onlydown2"
    ],
    "train+valid_accuracy": 0.68,
    "test_accuracy": 0.592,
    "weights": [
        0.5465111357357068,
        0.5440773495758207,
        -0.034229708293879446,
        0.48931517561364013,
        0.523572537045684,
        -0.019204702276327996,
        -0.03600603415059146,
        -0.05840024961973523,
        -0.0480898942594888,
        -0.027940457750745593,
        -0.03562158127689244,
        -0.010322016577650243,
        -0.07636735242026757,
        -0.009879268274290623,
        -0.03513035585124284,
        -0.0038200133012682392,
        -0.01880873989344928,
        -0.014318647253953237,
        -0.039088204166623626,
        0.03621380332721013,
        0.00042466948764948364,
        -0.0236380877602141,
        0.031577281746594646,
        -0.013528060660990566,
        -0.03241578235073047,
        -0.019919196473581233,
        -0.015139402995894082,
        -0.02992134833518769,
        0.013008936811083865,
        -0.005552167770630178
    ]
}