{
    "task": "machine_paraphrase_dataset",
    "expert_name": [
        "sfutenma/lora_structeval_t_qwen3_4b_v260221-211258",
        "tehiro/qwen3-structeval-lora",
        "kmd2525/qwen3-4b-structured-output-lora-v5.2",
        "t-mizuma/qwen3-4b-structeval-lora-5",
        "worldmate/007kuma",
        "ksk740/model20260211",
        "YyUuYyAa/qwen3-4b-structured-output-lora-revised",
        "takao-nb/qwen3-4b-structured-submit10-lora",
        "sabia0080/qwen3-4b-sft-v0-cotv2-lr2e6-ep2-wd001",
        "sam-murayama/sam-qwen3-lora-16",
        "help2opensource/Qwen3-4B-Instruct-2507_mental_health",
        "pokke11/qwen3-4b-structured-output-lora3",
        "takao-nb/qwen3-4b-structured-submit16-lora",
        "Centkun/qwen3-4b-instruct-2507-lora-homework_vo6",
        "marukame332/final_asignment",
        "tsubasaka/lora-repo-v4",
        "Sumiokashi/qwen3-4b-structured-3k-mix-sft_lora-repo_ver34",
        "Kpitc5884/Kpitc5884-lora-repo",
        "yokobo-ai/qwen3-4b-so-lora-v10",
        "MMdesanQ1/your-lora-repo-v3",
        "Umezaki/sft-qwen-v2-lora8-upsample-adapter",
        "hiro877/your-lora-repo-structured-hard-sft-4-0205",
        "katsumi1701/qwen3-4b-structured-output-lora-sft2",
        "thetmon/c1",
        "tmiyamoto/qwen3-4b-agentbench-exp02",
        "yokobo-ai/qwen3-4b-so-lora-v8",
        "manamano88/qwen3-4b-structured-output-lora-v15-14",
        "kiratan/qwen3-4b-structeval-lora-87",
        "choco800/Qwen3-4B-SFT-v13",
        "kawashimas/qwen3-4b-lora-exp1"
    ],
    "train+valid_accuracy": 0.75,
    "test_accuracy": 0.6449869921953172,
    "weights": [
        -0.06249518654361144,
        0.0003858934465706648,
        0.003802285045312132,
        0.0025232507349977826,
        0.5003503186501346,
        -0.0033833779569602228,
        -0.0016983341865016346,
        -0.00489450083580854,
        -0.0037332771996848235,
        0.04501998822871907,
        -0.001608287837988304,
        -0.010114913721844036,
        -0.001232523602309355,
        0.053278108354957075,
        -0.0013123188527610521,
        -0.00549143788434401,
        -0.002692338018766064,
        -0.006638031549580023,
        -0.0007467023241924751,
        -0.0021658787944609853,
        -0.0007381781281848151,
        -0.017532601915669868,
        -0.012930578256904529,
        -0.005596909806732081,
        0.011566699668312488,
        -0.0063296915105633365,
        -0.0009789410907444854,
        -0.0009819840808832636,
        -0.000213095847863062,
        -0.003152324953220655
    ]
}