{
    "task": "stackoverflow_questions",
    "expert_name": [
        "sfutenma/lora_structeval_t_qwen3_4b_v260221-211258",
        "tehiro/qwen3-structeval-lora",
        "kmd2525/qwen3-4b-structured-output-lora-v5.2",
        "t-mizuma/qwen3-4b-structeval-lora-5",
        "worldmate/007kuma",
        "ksk740/model20260211",
        "YyUuYyAa/qwen3-4b-structured-output-lora-revised",
        "takao-nb/qwen3-4b-structured-submit10-lora",
        "sabia0080/qwen3-4b-sft-v0-cotv2-lr2e6-ep2-wd001",
        "sam-murayama/sam-qwen3-lora-16",
        "help2opensource/Qwen3-4B-Instruct-2507_mental_health",
        "pokke11/qwen3-4b-structured-output-lora3",
        "takao-nb/qwen3-4b-structured-submit16-lora",
        "Centkun/qwen3-4b-instruct-2507-lora-homework_vo6",
        "marukame332/final_asignment",
        "tsubasaka/lora-repo-v4",
        "Sumiokashi/qwen3-4b-structured-3k-mix-sft_lora-repo_ver34",
        "Kpitc5884/Kpitc5884-lora-repo",
        "yokobo-ai/qwen3-4b-so-lora-v10",
        "MMdesanQ1/your-lora-repo-v3",
        "Umezaki/sft-qwen-v2-lora8-upsample-adapter",
        "hiro877/your-lora-repo-structured-hard-sft-4-0205",
        "katsumi1701/qwen3-4b-structured-output-lora-sft2",
        "thetmon/c1",
        "tmiyamoto/qwen3-4b-agentbench-exp02",
        "yokobo-ai/qwen3-4b-so-lora-v8",
        "manamano88/qwen3-4b-structured-output-lora-v15-14",
        "kiratan/qwen3-4b-structeval-lora-87",
        "choco800/Qwen3-4B-SFT-v13",
        "kawashimas/qwen3-4b-lora-exp1"
    ],
    "train+valid_accuracy": 0.2916666666666667,
    "test_accuracy": 0.23862941056496023,
    "weights": [
        0.4944857700963482,
        0.49651189074013197,
        0.49632052717724706,
        0.47650674663417536,
        0.017934562006387565,
        -0.012239797277596989,
        -0.01061121085404056,
        0.4846922417570996,
        0.003196456901332747,
        -0.0009479358209097954,
        0.5045111587393958,
        0.0015325702501569598,
        -0.0004160545608180518,
        -0.0035862060872290905,
        -0.0007982180917342602,
        -0.00432701136980863,
        -0.001910243230345417,
        -0.0044040015255348095,
        -0.0025346419774932246,
        0.002859577030930952,
        -2.8503986527778977e-05,
        0.0006580584627063709,
        -0.0055450586287203105,
        -0.0048007420142479286,
        -0.001545940760070953,
        0.05379377210117319,
        -0.00024864439334573783,
        -0.002492168247619685,
        -0.0037801296449008395,
        -0.006237916676684914
    ]
}