{
    "task": "arc_easy",
    "expert_name": [
        "sfutenma/lora_structeval_t_qwen3_4b_v260221-211258",
        "tehiro/qwen3-structeval-lora",
        "kmd2525/qwen3-4b-structured-output-lora-v5.2",
        "t-mizuma/qwen3-4b-structeval-lora-5",
        "worldmate/007kuma",
        "ksk740/model20260211",
        "YyUuYyAa/qwen3-4b-structured-output-lora-revised",
        "takao-nb/qwen3-4b-structured-submit10-lora",
        "sabia0080/qwen3-4b-sft-v0-cotv2-lr2e6-ep2-wd001",
        "sam-murayama/sam-qwen3-lora-16",
        "help2opensource/Qwen3-4B-Instruct-2507_mental_health",
        "pokke11/qwen3-4b-structured-output-lora3",
        "takao-nb/qwen3-4b-structured-submit16-lora",
        "Centkun/qwen3-4b-instruct-2507-lora-homework_vo6",
        "marukame332/final_asignment",
        "tsubasaka/lora-repo-v4",
        "Sumiokashi/qwen3-4b-structured-3k-mix-sft_lora-repo_ver34",
        "Kpitc5884/Kpitc5884-lora-repo",
        "yokobo-ai/qwen3-4b-so-lora-v10",
        "MMdesanQ1/your-lora-repo-v3",
        "Umezaki/sft-qwen-v2-lora8-upsample-adapter",
        "hiro877/your-lora-repo-structured-hard-sft-4-0205",
        "katsumi1701/qwen3-4b-structured-output-lora-sft2",
        "thetmon/c1",
        "tmiyamoto/qwen3-4b-agentbench-exp02",
        "yokobo-ai/qwen3-4b-so-lora-v8",
        "manamano88/qwen3-4b-structured-output-lora-v15-14",
        "kiratan/qwen3-4b-structeval-lora-87",
        "choco800/Qwen3-4B-SFT-v13",
        "kawashimas/qwen3-4b-lora-exp1"
    ],
    "train+valid_accuracy": 0.95,
    "test_accuracy": 0.9292929292929293,
    "weights": [
        0.4106483662208295,
        -0.06020037271449763,
        0.0246963423253052,
        -0.025626345081335482,
        0.5774629520534513,
        -0.002003952159385706,
        -0.06417295645108004,
        0.008081678171530094,
        -0.03663650227935401,
        0.00558987898737735,
        0.015386127755722883,
        -0.008130048145156669,
        -0.01388339197336867,
        0.05163338066472855,
        0.011960713239048595,
        0.029086319178495038,
        0.014965951816518806,
        -0.028626815133962476,
        -0.036043399880207515,
        -0.0002556484913694406,
        0.01204095698832572,
        0.04655726290104082,
        -0.04718403563602584,
        -0.023828437908431456,
        0.03285248291643634,
        -0.01249420524527985,
        0.5483611014953484,
        0.04536377612462117,
        0.5397638419664337,
        0.03340925276175676
    ]
}