{
    "task": "cryptonews_articles",
    "expert_name": [
        "r-three/lora_baseline_qwen_lr3e-4_step400_rank64_cryptonews_articles",
        "yochimachika/yochimachika-lora-repo07",
        "shokuma/qwen3-4b-structured-output-lora-20260217-1st",
        "Kaito-F/lora-repo-v18",
        "cjkasbdkjnlakb/agent-0927-05",
        "kochan13/qwen-qwen3-4b-structured-output-lora-26020502",
        "jmJapan/jm26",
        "Shusuke07/qwen3-4b-structured-output-lora-repo-1-3_2-3_01",
        "tmiyamoto/qwen3-4b-agentbench-exp02",
        "Shusuke07/qwen3-4b-structured-output-lora-repo-2-3_04",
        "fumikawa/a25-v0004",
        "cjkasbdkjnlakb/agnet-0906",
        "Tanayuya/qwen3-4b-structured-output-lora-ver2",
        "shinich001/qwen3-4b-5kmix-seq2k-ep1",
        "y-tani/lora_structeval_t_qwen3_4b_v8",
        "NibiruTwin/qwen3-4b-structured-output-lora-v6",
        "yokobo-ai/qwen3-4b-so-lora-v2",
        "hikahika/Qwen3-4B-Instruct-2507exp18",
        "takayosh/your-lora-repo",
        "Yuya0/qwen3-4b-lora_v1.8",
        "G7O8/lora_R8_A16_D005_epo2_LR1e4_structeval_t_qwen3_4b",
        "takeofuture/shibatake-SFT_2602071922",
        "sam-murayama/sam-qwen3-lora-15",
        "worldmate/004kuma",
        "Zsom1997/your-lora-repo-11r",
        "akamei/AK_1ep_4e-6_512_LORAdr_Decay_WU_0219",
        "takao-nb/qwen3-4b-structured-submit23-lora",
        "ortiz-ai/qwen3-4b-structured-output-lora_2ep_5e5_512_005_toml64",
        "okaba815/your-lora-repo",
        "Isk5434/qwen3-4b-structured-output-lora-onlydown2"
    ],
    "train+valid_accuracy": 0.46,
    "test_accuracy": 0.3798,
    "weights": [
        0.41814168252214734,
        -0.013713505231404171,
        -0.008632087104132444,
        0.023279086365801244,
        -0.0005239500461010256,
        -0.011848554205146633,
        -0.013963142544014838,
        -0.013077195907891996,
        -0.010714686620491583,
        0.02877235492432209,
        -0.03364469320851058,
        -0.012317816721278645,
        0.023742559956169928,
        -0.015484248474237978,
        -0.013584406582158506,
        -0.02420082807958729,
        -0.016115401011780408,
        -0.00986519554359104,
        -0.013830984433139433,
        0.012937278629222252,
        -0.01866893468901427,
        -0.010645210944716346,
        -0.0068792254862757056,
        -0.012415693591498054,
        0.01231687743230088,
        -0.008703916593353001,
        -0.004411801041253633,
        -0.018550696005425645,
        -0.011016954000690058,
        -0.007612972433284499
    ]
}