{
    "task": "xnli_es",
    "expert_name": [
        "sfutenma/lora_structeval_t_qwen3_4b_v260221-211258",
        "tehiro/qwen3-structeval-lora",
        "kmd2525/qwen3-4b-structured-output-lora-v5.2",
        "t-mizuma/qwen3-4b-structeval-lora-5",
        "worldmate/007kuma",
        "ksk740/model20260211",
        "YyUuYyAa/qwen3-4b-structured-output-lora-revised",
        "takao-nb/qwen3-4b-structured-submit10-lora",
        "sabia0080/qwen3-4b-sft-v0-cotv2-lr2e6-ep2-wd001",
        "sam-murayama/sam-qwen3-lora-16",
        "help2opensource/Qwen3-4B-Instruct-2507_mental_health",
        "pokke11/qwen3-4b-structured-output-lora3",
        "takao-nb/qwen3-4b-structured-submit16-lora",
        "Centkun/qwen3-4b-instruct-2507-lora-homework_vo6",
        "marukame332/final_asignment",
        "tsubasaka/lora-repo-v4",
        "Sumiokashi/qwen3-4b-structured-3k-mix-sft_lora-repo_ver34",
        "Kpitc5884/Kpitc5884-lora-repo",
        "yokobo-ai/qwen3-4b-so-lora-v10",
        "MMdesanQ1/your-lora-repo-v3",
        "Umezaki/sft-qwen-v2-lora8-upsample-adapter",
        "hiro877/your-lora-repo-structured-hard-sft-4-0205",
        "katsumi1701/qwen3-4b-structured-output-lora-sft2",
        "thetmon/c1",
        "tmiyamoto/qwen3-4b-agentbench-exp02",
        "yokobo-ai/qwen3-4b-so-lora-v8",
        "manamano88/qwen3-4b-structured-output-lora-v15-14",
        "kiratan/qwen3-4b-structeval-lora-87",
        "choco800/Qwen3-4B-SFT-v13",
        "kawashimas/qwen3-4b-lora-exp1"
    ],
    "train+valid_accuracy": 0.61,
    "test_accuracy": 0.5834,
    "weights": [
        0.4790006177202557,
        -0.06586850687214134,
        0.40866647460929123,
        0.019110693077419236,
        0.5095594560510573,
        0.059345973200157394,
        -0.03332614424973393,
        -0.012977670014312546,
        -0.0022702853066722956,
        -0.033728911530329864,
        -0.026411043695827044,
        0.05477750158781465,
        -0.046054342750157365,
        -0.012689473020614942,
        0.009938300434219097,
        -0.030380303274243837,
        -0.013203137603177163,
        0.020846481852054382,
        0.012160467309534663,
        -0.020289026709577745,
        -0.03766228317879771,
        0.04658095958682802,
        -0.003987794613519493,
        -0.020398416619188803,
        -0.0027677947325154585,
        0.00040321271002632844,
        -0.0070666812496462394,
        -0.005249758748450746,
        -0.008899076319724546,
        -0.014356890499695664
    ]
}