{
    "task": "sports_understanding",
    "expert_name": [
        "r-three/lora_baseline_qwen_lr3e-4_step400_rank64_sports_understanding",
        "sfutenma/lora_structeval_t_qwen3_4b_v260221-211258",
        "tehiro/qwen3-structeval-lora",
        "kmd2525/qwen3-4b-structured-output-lora-v5.2",
        "t-mizuma/qwen3-4b-structeval-lora-5",
        "worldmate/007kuma",
        "ksk740/model20260211",
        "YyUuYyAa/qwen3-4b-structured-output-lora-revised",
        "takao-nb/qwen3-4b-structured-submit10-lora",
        "sabia0080/qwen3-4b-sft-v0-cotv2-lr2e6-ep2-wd001",
        "sam-murayama/sam-qwen3-lora-16",
        "help2opensource/Qwen3-4B-Instruct-2507_mental_health",
        "pokke11/qwen3-4b-structured-output-lora3",
        "takao-nb/qwen3-4b-structured-submit16-lora",
        "Centkun/qwen3-4b-instruct-2507-lora-homework_vo6",
        "marukame332/final_asignment",
        "tsubasaka/lora-repo-v4",
        "Sumiokashi/qwen3-4b-structured-3k-mix-sft_lora-repo_ver34",
        "Kpitc5884/Kpitc5884-lora-repo",
        "yokobo-ai/qwen3-4b-so-lora-v10",
        "MMdesanQ1/your-lora-repo-v3",
        "Umezaki/sft-qwen-v2-lora8-upsample-adapter",
        "hiro877/your-lora-repo-structured-hard-sft-4-0205",
        "katsumi1701/qwen3-4b-structured-output-lora-sft2",
        "thetmon/c1",
        "tmiyamoto/qwen3-4b-agentbench-exp02",
        "yokobo-ai/qwen3-4b-so-lora-v8",
        "manamano88/qwen3-4b-structured-output-lora-v15-14",
        "kiratan/qwen3-4b-structeval-lora-87",
        "choco800/Qwen3-4B-SFT-v13"
    ],
    "train+valid_accuracy": 0.82,
    "test_accuracy": 0.710412147505423,
    "weights": [
        0.48813159429111025,
        0.0026854550594677695,
        0.005660088229065338,
        0.011730014879017297,
        0.003025377218306381,
        0.03524925290507014,
        0.017025689826744246,
        -4.9963784907030304e-05,
        -0.003014470963532763,
        0.009166357328767902,
        -0.0001774574019318435,
        0.0035155144899005047,
        -0.00724201387625889,
        0.023190999855837592,
        0.005858960847489758,
        0.002072818275402676,
        0.028229859827258005,
        0.002808539815038474,
        -0.00274238525144772,
        0.013046577527512416,
        -0.003681589841311904,
        0.008424678171763955,
        0.0004520125050525625,
        -0.017936529282410917,
        0.007486159373125578,
        0.0029666556896424355,
        0.0024312704629223273,
        0.008667108749802598,
        0.5013582972761531,
        -0.00033799331149337
    ]
}