{
    "task": "anli",
    "expert_name": [
        "yochimachika/yochimachika-lora-repo07",
        "shokuma/qwen3-4b-structured-output-lora-20260217-1st",
        "Kaito-F/lora-repo-v18",
        "cjkasbdkjnlakb/agent-0927-05",
        "kochan13/qwen-qwen3-4b-structured-output-lora-26020502",
        "jmJapan/jm26",
        "Shusuke07/qwen3-4b-structured-output-lora-repo-1-3_2-3_01",
        "tmiyamoto/qwen3-4b-agentbench-exp02",
        "Shusuke07/qwen3-4b-structured-output-lora-repo-2-3_04",
        "fumikawa/a25-v0004",
        "cjkasbdkjnlakb/agnet-0906",
        "Tanayuya/qwen3-4b-structured-output-lora-ver2",
        "shinich001/qwen3-4b-5kmix-seq2k-ep1",
        "y-tani/lora_structeval_t_qwen3_4b_v8",
        "NibiruTwin/qwen3-4b-structured-output-lora-v6",
        "yokobo-ai/qwen3-4b-so-lora-v2",
        "hikahika/Qwen3-4B-Instruct-2507exp18",
        "takayosh/your-lora-repo",
        "Yuya0/qwen3-4b-lora_v1.8",
        "G7O8/lora_R8_A16_D005_epo2_LR1e4_structeval_t_qwen3_4b",
        "takeofuture/shibatake-SFT_2602071922",
        "sam-murayama/sam-qwen3-lora-15",
        "worldmate/004kuma",
        "Zsom1997/your-lora-repo-11r",
        "akamei/AK_1ep_4e-6_512_LORAdr_Decay_WU_0219",
        "takao-nb/qwen3-4b-structured-submit23-lora",
        "ortiz-ai/qwen3-4b-structured-output-lora_2ep_5e5_512_005_toml64",
        "okaba815/your-lora-repo",
        "Isk5434/qwen3-4b-structured-output-lora-onlydown2",
        "thetmon/c11"
    ],
    "train+valid_accuracy": 0.53,
    "test_accuracy": 0.454,
    "weights": [
        0.4996673339405514,
        -0.011330698839026935,
        0.49602653862874113,
        0.44909722367959637,
        -0.013738765151555034,
        -0.0636333620476404,
        -0.014692410197628252,
        -0.009063916323145856,
        -0.03941103683885999,
        0.032395583984790664,
        0.5096088879913552,
        0.006208735116717722,
        -0.019927544506169168,
        -0.011016554200883067,
        -0.012960244699851424,
        -0.0172791609584138,
        -0.01614314613106254,
        -0.008086285776517493,
        0.4908228961910076,
        0.5002042121334688,
        -0.009536851669709707,
        -0.005608560767269764,
        -0.018276814754068622,
        -0.015408098992450728,
        -0.012570029142541864,
        -0.0006339764917313402,
        -0.01924502144526067,
        -0.009619886828346422,
        -0.0263406970532517,
        -0.009846314516856849
    ]
}