{
    "task": "reasoning_about_colored_objects",
    "expert_name": [
        "r-three/lora_baseline_qwen_lr3e-4_step400_rank64_reasoning_about_colored_objects",
        "sfutenma/lora_structeval_t_qwen3_4b_v260221-211258",
        "tehiro/qwen3-structeval-lora",
        "kmd2525/qwen3-4b-structured-output-lora-v5.2",
        "t-mizuma/qwen3-4b-structeval-lora-5",
        "worldmate/007kuma",
        "ksk740/model20260211",
        "YyUuYyAa/qwen3-4b-structured-output-lora-revised",
        "takao-nb/qwen3-4b-structured-submit10-lora",
        "sabia0080/qwen3-4b-sft-v0-cotv2-lr2e6-ep2-wd001",
        "sam-murayama/sam-qwen3-lora-16",
        "help2opensource/Qwen3-4B-Instruct-2507_mental_health",
        "pokke11/qwen3-4b-structured-output-lora3",
        "takao-nb/qwen3-4b-structured-submit16-lora",
        "Centkun/qwen3-4b-instruct-2507-lora-homework_vo6",
        "marukame332/final_asignment",
        "tsubasaka/lora-repo-v4",
        "Sumiokashi/qwen3-4b-structured-3k-mix-sft_lora-repo_ver34",
        "Kpitc5884/Kpitc5884-lora-repo",
        "yokobo-ai/qwen3-4b-so-lora-v10",
        "MMdesanQ1/your-lora-repo-v3",
        "Umezaki/sft-qwen-v2-lora8-upsample-adapter",
        "hiro877/your-lora-repo-structured-hard-sft-4-0205",
        "katsumi1701/qwen3-4b-structured-output-lora-sft2",
        "thetmon/c1",
        "tmiyamoto/qwen3-4b-agentbench-exp02",
        "yokobo-ai/qwen3-4b-so-lora-v8",
        "manamano88/qwen3-4b-structured-output-lora-v15-14",
        "kiratan/qwen3-4b-structeval-lora-87",
        "choco800/Qwen3-4B-SFT-v13"
    ],
    "train+valid_accuracy": 0.79,
    "test_accuracy": 0.6525,
    "weights": [
        0.5771521051887464,
        0.616900719416009,
        -0.034062620605278045,
        0.5093358788217527,
        -0.01810826800895954,
        -0.05015540759530939,
        -0.08047508117478439,
        -0.25175699244450683,
        -0.00810306554239679,
        -0.05018971189702122,
        -0.04758618769274883,
        -0.040039184387799846,
        -0.08812466561815466,
        -0.030425588657653296,
        -0.023884106163586667,
        -0.014916493948241254,
        -0.0036896082097982695,
        -0.03739397508622743,
        -0.05408585101845683,
        -0.03472468046774214,
        -0.3599385132042592,
        -0.014620029270535947,
        -0.003705133184897745,
        -0.05157859371303607,
        -0.07543781838658449,
        -0.04392145717712157,
        -0.07534460718328288,
        -0.027075836879403493,
        -0.054378472448232434,
        -0.005539937035894489
    ]
}