{
    "task": "super_glue_boolq",
    "expert_name": [
        "sfutenma/lora_structeval_t_qwen3_4b_v260221-211258",
        "tehiro/qwen3-structeval-lora",
        "kmd2525/qwen3-4b-structured-output-lora-v5.2",
        "t-mizuma/qwen3-4b-structeval-lora-5",
        "worldmate/007kuma",
        "ksk740/model20260211",
        "YyUuYyAa/qwen3-4b-structured-output-lora-revised",
        "takao-nb/qwen3-4b-structured-submit10-lora",
        "sabia0080/qwen3-4b-sft-v0-cotv2-lr2e6-ep2-wd001",
        "sam-murayama/sam-qwen3-lora-16",
        "help2opensource/Qwen3-4B-Instruct-2507_mental_health",
        "pokke11/qwen3-4b-structured-output-lora3",
        "takao-nb/qwen3-4b-structured-submit16-lora",
        "Centkun/qwen3-4b-instruct-2507-lora-homework_vo6",
        "marukame332/final_asignment",
        "tsubasaka/lora-repo-v4",
        "Sumiokashi/qwen3-4b-structured-3k-mix-sft_lora-repo_ver34",
        "Kpitc5884/Kpitc5884-lora-repo",
        "yokobo-ai/qwen3-4b-so-lora-v10",
        "MMdesanQ1/your-lora-repo-v3",
        "Umezaki/sft-qwen-v2-lora8-upsample-adapter",
        "hiro877/your-lora-repo-structured-hard-sft-4-0205",
        "katsumi1701/qwen3-4b-structured-output-lora-sft2",
        "thetmon/c1",
        "tmiyamoto/qwen3-4b-agentbench-exp02",
        "yokobo-ai/qwen3-4b-so-lora-v8",
        "manamano88/qwen3-4b-structured-output-lora-v15-14",
        "kiratan/qwen3-4b-structeval-lora-87",
        "choco800/Qwen3-4B-SFT-v13",
        "kawashimas/qwen3-4b-lora-exp1"
    ],
    "train+valid_accuracy": 0.71,
    "test_accuracy": 0.7497348886532343,
    "weights": [
        0.4972603387354145,
        0.0026130839249825628,
        0.526695067804344,
        -0.023946448949090406,
        0.5024992462950619,
        -0.004042170689074757,
        0.0012169613527367536,
        0.5007310511458556,
        -0.007661603102057226,
        -0.002450326395973973,
        -0.020253799988687295,
        -0.013113963222376127,
        -0.000994144534325603,
        -0.001826398618312823,
        -0.0002917243419721665,
        -0.0026267014585839594,
        -0.0002779813570973528,
        -0.024722781642539042,
        0.00904312360173027,
        0.04051720168487579,
        -0.025205456260556473,
        -0.010878333743372081,
        -0.010771299293037958,
        -0.008647136224661038,
        -0.002078896026855446,
        -0.008915085066659171,
        -0.0004574962363303829,
        -0.0011495569591098381,
        0.01504720866414029,
        -0.009712967471866904
    ]
}