{
    "task": "elementary_math_qa_question_only",
    "expert_name": [
        "yochimachika/yochimachika-lora-repo07",
        "shokuma/qwen3-4b-structured-output-lora-20260217-1st",
        "Kaito-F/lora-repo-v18",
        "cjkasbdkjnlakb/agent-0927-05",
        "kochan13/qwen-qwen3-4b-structured-output-lora-26020502",
        "jmJapan/jm26",
        "Shusuke07/qwen3-4b-structured-output-lora-repo-1-3_2-3_01",
        "tmiyamoto/qwen3-4b-agentbench-exp02",
        "Shusuke07/qwen3-4b-structured-output-lora-repo-2-3_04",
        "fumikawa/a25-v0004",
        "cjkasbdkjnlakb/agnet-0906",
        "Tanayuya/qwen3-4b-structured-output-lora-ver2",
        "shinich001/qwen3-4b-5kmix-seq2k-ep1",
        "y-tani/lora_structeval_t_qwen3_4b_v8",
        "NibiruTwin/qwen3-4b-structured-output-lora-v6",
        "yokobo-ai/qwen3-4b-so-lora-v2",
        "hikahika/Qwen3-4B-Instruct-2507exp18",
        "takayosh/your-lora-repo",
        "Yuya0/qwen3-4b-lora_v1.8",
        "G7O8/lora_R8_A16_D005_epo2_LR1e4_structeval_t_qwen3_4b",
        "takeofuture/shibatake-SFT_2602071922",
        "sam-murayama/sam-qwen3-lora-15",
        "worldmate/004kuma",
        "Zsom1997/your-lora-repo-11r",
        "akamei/AK_1ep_4e-6_512_LORAdr_Decay_WU_0219",
        "takao-nb/qwen3-4b-structured-submit23-lora",
        "ortiz-ai/qwen3-4b-structured-output-lora_2ep_5e5_512_005_toml64",
        "okaba815/your-lora-repo",
        "Isk5434/qwen3-4b-structured-output-lora-onlydown2",
        "thetmon/c11"
    ],
    "train+valid_accuracy": 0.23,
    "test_accuracy": 0.16775032509752927,
    "weights": [
        0.7598457887028187,
        -0.013036592429498603,
        0.44601633843691596,
        0.006529236730890894,
        -0.273493240462077,
        -0.38119795538019036,
        -0.23437588034606816,
        0.14504959831408018,
        0.1467189796591976,
        0.010266282930756933,
        0.14781137490127877,
        0.6001814837790058,
        0.3563695911971301,
        1.0421695870425673,
        0.23285718716265194,
        0.42391110533743714,
        -0.17912155309467345,
        0.38678479567241036,
        -0.3231650553979789,
        -0.0880848937003353,
        -0.20356235131406997,
        -0.10101013024024481,
        -0.3461596845556216,
        -0.08744845852974767,
        -0.1858838896206022,
        0.20607200340440038,
        -0.21136720704068834,
        -0.36298530126803596,
        -0.06917751799107263,
        0.6137892379607807
    ]
}