{
    "task": "xnli_fr",
    "expert_name": [
        "r-three/lora_baseline_qwen_lr3e-4_step400_rank64_xnli_fr",
        "sfutenma/lora_structeval_t_qwen3_4b_v260221-211258",
        "tehiro/qwen3-structeval-lora",
        "kmd2525/qwen3-4b-structured-output-lora-v5.2",
        "t-mizuma/qwen3-4b-structeval-lora-5",
        "worldmate/007kuma",
        "ksk740/model20260211",
        "YyUuYyAa/qwen3-4b-structured-output-lora-revised",
        "takao-nb/qwen3-4b-structured-submit10-lora",
        "sabia0080/qwen3-4b-sft-v0-cotv2-lr2e6-ep2-wd001",
        "sam-murayama/sam-qwen3-lora-16",
        "help2opensource/Qwen3-4B-Instruct-2507_mental_health",
        "pokke11/qwen3-4b-structured-output-lora3",
        "takao-nb/qwen3-4b-structured-submit16-lora",
        "Centkun/qwen3-4b-instruct-2507-lora-homework_vo6",
        "marukame332/final_asignment",
        "tsubasaka/lora-repo-v4",
        "Sumiokashi/qwen3-4b-structured-3k-mix-sft_lora-repo_ver34",
        "Kpitc5884/Kpitc5884-lora-repo",
        "yokobo-ai/qwen3-4b-so-lora-v10",
        "MMdesanQ1/your-lora-repo-v3",
        "Umezaki/sft-qwen-v2-lora8-upsample-adapter",
        "hiro877/your-lora-repo-structured-hard-sft-4-0205",
        "katsumi1701/qwen3-4b-structured-output-lora-sft2",
        "thetmon/c1",
        "tmiyamoto/qwen3-4b-agentbench-exp02",
        "yokobo-ai/qwen3-4b-so-lora-v8",
        "manamano88/qwen3-4b-structured-output-lora-v15-14",
        "kiratan/qwen3-4b-structeval-lora-87",
        "choco800/Qwen3-4B-SFT-v13"
    ],
    "train+valid_accuracy": 0.84,
    "test_accuracy": 0.6806,
    "weights": [
        0.4799580346633492,
        0.4927927734920006,
        0.0020033818055508554,
        -0.0029863455344833504,
        0.5006914913868274,
        -0.010337325043064107,
        0.026593759219325483,
        -0.008711604799951624,
        -0.006048090659443563,
        0.026571674613061834,
        -0.014225381756319388,
        -0.004935916458345269,
        0.00810795460934601,
        -0.0047585041731005116,
        -0.005722498063722813,
        -0.003576382243243266,
        -0.005440554456705459,
        -0.008157755960950688,
        -0.004654013590698931,
        -0.007688264821690384,
        0.003736431822629927,
        -0.001415613238562324,
        0.0468796924232959,
        -0.008756654395119065,
        -0.006403117394482386,
        -0.004337290959772186,
        -0.011052999966269721,
        -0.0022457830187995725,
        -0.027440983299078497,
        -0.0038179554952855804
    ]
}