{
    "task": "glue_mrpc",
    "expert_name": [
        "yochimachika/yochimachika-lora-repo07",
        "shokuma/qwen3-4b-structured-output-lora-20260217-1st",
        "Kaito-F/lora-repo-v18",
        "cjkasbdkjnlakb/agent-0927-05",
        "kochan13/qwen-qwen3-4b-structured-output-lora-26020502",
        "jmJapan/jm26",
        "Shusuke07/qwen3-4b-structured-output-lora-repo-1-3_2-3_01",
        "tmiyamoto/qwen3-4b-agentbench-exp02",
        "Shusuke07/qwen3-4b-structured-output-lora-repo-2-3_04",
        "fumikawa/a25-v0004",
        "cjkasbdkjnlakb/agnet-0906",
        "Tanayuya/qwen3-4b-structured-output-lora-ver2",
        "shinich001/qwen3-4b-5kmix-seq2k-ep1",
        "y-tani/lora_structeval_t_qwen3_4b_v8",
        "NibiruTwin/qwen3-4b-structured-output-lora-v6",
        "yokobo-ai/qwen3-4b-so-lora-v2",
        "hikahika/Qwen3-4B-Instruct-2507exp18",
        "takayosh/your-lora-repo",
        "Yuya0/qwen3-4b-lora_v1.8",
        "G7O8/lora_R8_A16_D005_epo2_LR1e4_structeval_t_qwen3_4b",
        "takeofuture/shibatake-SFT_2602071922",
        "sam-murayama/sam-qwen3-lora-15",
        "worldmate/004kuma",
        "Zsom1997/your-lora-repo-11r",
        "akamei/AK_1ep_4e-6_512_LORAdr_Decay_WU_0219",
        "takao-nb/qwen3-4b-structured-submit23-lora",
        "ortiz-ai/qwen3-4b-structured-output-lora_2ep_5e5_512_005_toml64",
        "okaba815/your-lora-repo",
        "Isk5434/qwen3-4b-structured-output-lora-onlydown2",
        "thetmon/c11"
    ],
    "train+valid_accuracy": 0.69,
    "test_accuracy": 0.7304347826086957,
    "weights": [
        0.06322467383611154,
        -0.018448814822420462,
        -0.2517656026999751,
        0.4615019885419253,
        -0.07110472349888644,
        0.4376199045039796,
        -0.05946848783849639,
        0.03463355595052882,
        -0.08561907719938751,
        -0.2792603178454703,
        0.6082884745877885,
        -0.03338021039189247,
        -0.05508108677984769,
        -0.1634052742047747,
        0.2823195803811217,
        0.2158810758965956,
        0.24543783104990366,
        0.8197677052899811,
        -0.5722907304827818,
        0.053997036886381036,
        -0.1599324160996093,
        -0.21875647843550758,
        0.28167054444261463,
        -0.1514806173434924,
        -0.22995622992021397,
        0.09323593168595445,
        -0.1916826432711655,
        -0.1644913546566478,
        -0.24282805513075578,
        -0.03785734305455782
    ]
}