{
    "task": "sciq",
    "expert_name": [
        "yochimachika/yochimachika-lora-repo07",
        "shokuma/qwen3-4b-structured-output-lora-20260217-1st",
        "Kaito-F/lora-repo-v18",
        "cjkasbdkjnlakb/agent-0927-05",
        "kochan13/qwen-qwen3-4b-structured-output-lora-26020502",
        "jmJapan/jm26",
        "Shusuke07/qwen3-4b-structured-output-lora-repo-1-3_2-3_01",
        "tmiyamoto/qwen3-4b-agentbench-exp02",
        "Shusuke07/qwen3-4b-structured-output-lora-repo-2-3_04",
        "fumikawa/a25-v0004",
        "cjkasbdkjnlakb/agnet-0906",
        "Tanayuya/qwen3-4b-structured-output-lora-ver2",
        "shinich001/qwen3-4b-5kmix-seq2k-ep1",
        "y-tani/lora_structeval_t_qwen3_4b_v8",
        "NibiruTwin/qwen3-4b-structured-output-lora-v6",
        "yokobo-ai/qwen3-4b-so-lora-v2",
        "hikahika/Qwen3-4B-Instruct-2507exp18",
        "takayosh/your-lora-repo",
        "Yuya0/qwen3-4b-lora_v1.8",
        "G7O8/lora_R8_A16_D005_epo2_LR1e4_structeval_t_qwen3_4b",
        "takeofuture/shibatake-SFT_2602071922",
        "sam-murayama/sam-qwen3-lora-15",
        "worldmate/004kuma",
        "Zsom1997/your-lora-repo-11r",
        "akamei/AK_1ep_4e-6_512_LORAdr_Decay_WU_0219",
        "takao-nb/qwen3-4b-structured-submit23-lora",
        "ortiz-ai/qwen3-4b-structured-output-lora_2ep_5e5_512_005_toml64",
        "okaba815/your-lora-repo",
        "Isk5434/qwen3-4b-structured-output-lora-onlydown2",
        "thetmon/c11"
    ],
    "train+valid_accuracy": 0.38,
    "test_accuracy": 0.435,
    "weights": [
        0.4183584303748437,
        0.3365647182217771,
        0.5085717935285617,
        0.4242591839810729,
        0.05279372187839126,
        0.07116748321088,
        -0.3060126945364796,
        0.17600737873456238,
        0.2957618471329453,
        0.2797391367420373,
        0.6327686391838466,
        0.10106975068520525,
        0.27197016550336284,
        0.8372550211531588,
        -0.08713312974052095,
        0.06492461002514086,
        -0.14973681105714332,
        -0.12069362096136904,
        -0.172448802200118,
        0.4319176751044968,
        0.02125800164156996,
        0.024739148629360202,
        -0.2568908405265563,
        -0.02880717171725369,
        -0.23381535936024533,
        -0.44101591091317816,
        0.02213662477738182,
        0.28796227643049055,
        -0.008194146866915556,
        -0.07236314045816257
    ]
}