{
    "task": "banking77",
    "expert_name": [
        "r-three/lora_baseline_qwen_lr3e-4_step400_rank64_banking77",
        "yochimachika/yochimachika-lora-repo07",
        "shokuma/qwen3-4b-structured-output-lora-20260217-1st",
        "Kaito-F/lora-repo-v18",
        "cjkasbdkjnlakb/agent-0927-05",
        "kochan13/qwen-qwen3-4b-structured-output-lora-26020502",
        "jmJapan/jm26",
        "Shusuke07/qwen3-4b-structured-output-lora-repo-1-3_2-3_01",
        "tmiyamoto/qwen3-4b-agentbench-exp02",
        "Shusuke07/qwen3-4b-structured-output-lora-repo-2-3_04",
        "fumikawa/a25-v0004",
        "cjkasbdkjnlakb/agnet-0906",
        "Tanayuya/qwen3-4b-structured-output-lora-ver2",
        "shinich001/qwen3-4b-5kmix-seq2k-ep1",
        "y-tani/lora_structeval_t_qwen3_4b_v8",
        "NibiruTwin/qwen3-4b-structured-output-lora-v6",
        "yokobo-ai/qwen3-4b-so-lora-v2",
        "hikahika/Qwen3-4B-Instruct-2507exp18",
        "takayosh/your-lora-repo",
        "Yuya0/qwen3-4b-lora_v1.8",
        "G7O8/lora_R8_A16_D005_epo2_LR1e4_structeval_t_qwen3_4b",
        "takeofuture/shibatake-SFT_2602071922",
        "sam-murayama/sam-qwen3-lora-15",
        "worldmate/004kuma",
        "Zsom1997/your-lora-repo-11r",
        "akamei/AK_1ep_4e-6_512_LORAdr_Decay_WU_0219",
        "takao-nb/qwen3-4b-structured-submit23-lora",
        "ortiz-ai/qwen3-4b-structured-output-lora_2ep_5e5_512_005_toml64",
        "okaba815/your-lora-repo",
        "Isk5434/qwen3-4b-structured-output-lora-onlydown2"
    ],
    "train+valid_accuracy": 0.78,
    "test_accuracy": 0.6467532467532467,
    "weights": [
        0.7109460467001136,
        0.4461642666106142,
        0.37125337583618184,
        -0.009794753562705007,
        0.5166218268761357,
        0.06454323520812615,
        -0.01825755126423497,
        -0.05031332614584546,
        -0.03586412665923943,
        0.02276997552806674,
        0.11170059789435281,
        -0.04647159942240803,
        0.02647288353002713,
        -0.016191951682305677,
        -0.009402586679654502,
        -0.01885660462876657,
        0.0496341663851005,
        0.010063647827280945,
        0.07594479944719469,
        -0.041802148464384375,
        -0.01449626592204399,
        -0.06375757711601915,
        -0.015526330391463006,
        0.043218951631367845,
        -0.027920273598483966,
        0.009331548810372061,
        -0.022459670487155393,
        -0.03355400262862685,
        -0.00492277562988482,
        -0.01948995287284628
    ]
}