{
    "task": "xnli_fr",
    "expert_name": [
        "r-three/lora_baseline_qwen_lr3e-4_step400_rank64_xnli_fr",
        "yochimachika/yochimachika-lora-repo07",
        "shokuma/qwen3-4b-structured-output-lora-20260217-1st",
        "Kaito-F/lora-repo-v18",
        "cjkasbdkjnlakb/agent-0927-05",
        "kochan13/qwen-qwen3-4b-structured-output-lora-26020502",
        "jmJapan/jm26",
        "Shusuke07/qwen3-4b-structured-output-lora-repo-1-3_2-3_01",
        "tmiyamoto/qwen3-4b-agentbench-exp02",
        "Shusuke07/qwen3-4b-structured-output-lora-repo-2-3_04",
        "fumikawa/a25-v0004",
        "cjkasbdkjnlakb/agnet-0906",
        "Tanayuya/qwen3-4b-structured-output-lora-ver2",
        "shinich001/qwen3-4b-5kmix-seq2k-ep1",
        "y-tani/lora_structeval_t_qwen3_4b_v8",
        "NibiruTwin/qwen3-4b-structured-output-lora-v6",
        "yokobo-ai/qwen3-4b-so-lora-v2",
        "hikahika/Qwen3-4B-Instruct-2507exp18",
        "takayosh/your-lora-repo",
        "Yuya0/qwen3-4b-lora_v1.8",
        "G7O8/lora_R8_A16_D005_epo2_LR1e4_structeval_t_qwen3_4b",
        "takeofuture/shibatake-SFT_2602071922",
        "sam-murayama/sam-qwen3-lora-15",
        "worldmate/004kuma",
        "Zsom1997/your-lora-repo-11r",
        "akamei/AK_1ep_4e-6_512_LORAdr_Decay_WU_0219",
        "takao-nb/qwen3-4b-structured-submit23-lora",
        "ortiz-ai/qwen3-4b-structured-output-lora_2ep_5e5_512_005_toml64",
        "okaba815/your-lora-repo",
        "Isk5434/qwen3-4b-structured-output-lora-onlydown2"
    ],
    "train+valid_accuracy": 0.83,
    "test_accuracy": 0.686,
    "weights": [
        0.497986518544285,
        0.5248933082544713,
        0.004408037973163758,
        0.49970523346721907,
        -0.01867303675669839,
        -0.004876829053673404,
        -0.0022394882975574778,
        0.04993101564826996,
        -0.005344014675754453,
        -0.00646091193637833,
        -0.023531796366275656,
        -0.000846294742486291,
        0.0005578097440703641,
        0.011490519147514337,
        -0.02060819939829365,
        -0.0035232184661280535,
        -0.004010238984063179,
        -0.003178061896577222,
        -0.0005443893562379223,
        -0.00336467332103883,
        -0.0027234085961737532,
        -0.002369971351453801,
        -0.0021228391226543546,
        -0.003060606013872536,
        -0.0017194285203678353,
        -0.0034952021227417866,
        0.014187204538379452,
        -0.004804324579169993,
        -0.002511429690763749,
        -0.00043196410653852357
    ]
}