{
    "task": "sciq",
    "expert_name": [
        "r-three/lora_baseline_qwen_lr3e-4_step400_rank64_sciq",
        "yochimachika/yochimachika-lora-repo07",
        "shokuma/qwen3-4b-structured-output-lora-20260217-1st",
        "Kaito-F/lora-repo-v18",
        "cjkasbdkjnlakb/agent-0927-05",
        "kochan13/qwen-qwen3-4b-structured-output-lora-26020502",
        "jmJapan/jm26",
        "Shusuke07/qwen3-4b-structured-output-lora-repo-1-3_2-3_01",
        "tmiyamoto/qwen3-4b-agentbench-exp02",
        "Shusuke07/qwen3-4b-structured-output-lora-repo-2-3_04",
        "fumikawa/a25-v0004",
        "cjkasbdkjnlakb/agnet-0906",
        "Tanayuya/qwen3-4b-structured-output-lora-ver2",
        "shinich001/qwen3-4b-5kmix-seq2k-ep1",
        "y-tani/lora_structeval_t_qwen3_4b_v8",
        "NibiruTwin/qwen3-4b-structured-output-lora-v6",
        "yokobo-ai/qwen3-4b-so-lora-v2",
        "hikahika/Qwen3-4B-Instruct-2507exp18",
        "takayosh/your-lora-repo",
        "Yuya0/qwen3-4b-lora_v1.8",
        "G7O8/lora_R8_A16_D005_epo2_LR1e4_structeval_t_qwen3_4b",
        "takeofuture/shibatake-SFT_2602071922",
        "sam-murayama/sam-qwen3-lora-15",
        "worldmate/004kuma",
        "Zsom1997/your-lora-repo-11r",
        "akamei/AK_1ep_4e-6_512_LORAdr_Decay_WU_0219",
        "takao-nb/qwen3-4b-structured-submit23-lora",
        "ortiz-ai/qwen3-4b-structured-output-lora_2ep_5e5_512_005_toml64",
        "okaba815/your-lora-repo",
        "Isk5434/qwen3-4b-structured-output-lora-onlydown2"
    ],
    "train+valid_accuracy": 0.51,
    "test_accuracy": 0.49,
    "weights": [
        0.4711061838442692,
        0.5151482512940764,
        0.5236842910750729,
        -0.024861409428213146,
        0.49931191106938916,
        -0.04592022484188884,
        0.025569167493550118,
        -0.02397696763637092,
        -0.0019042281019639945,
        0.03681700850828568,
        0.023939236057787836,
        0.0023601828832471084,
        0.08730395463484518,
        0.001621347486976103,
        -0.0015189471145319736,
        -0.02919889490275093,
        -0.033616390366909436,
        -0.024086460638325428,
        -0.018323756128849414,
        0.027897169440364734,
        -0.012112286278794671,
        -0.007162225043354465,
        0.026690030839556678,
        -0.03359312422908275,
        -0.04804844855979657,
        -0.04379424937887267,
        -0.010157750288879006,
        -0.007595660606461708,
        -0.031606332403689694,
        -0.001734193400128137
    ]
}