{
    "task": "tweet_topic_single",
    "expert_name": [
        "yochimachika/yochimachika-lora-repo07",
        "shokuma/qwen3-4b-structured-output-lora-20260217-1st",
        "Kaito-F/lora-repo-v18",
        "cjkasbdkjnlakb/agent-0927-05",
        "kochan13/qwen-qwen3-4b-structured-output-lora-26020502",
        "jmJapan/jm26",
        "Shusuke07/qwen3-4b-structured-output-lora-repo-1-3_2-3_01",
        "tmiyamoto/qwen3-4b-agentbench-exp02",
        "Shusuke07/qwen3-4b-structured-output-lora-repo-2-3_04",
        "fumikawa/a25-v0004",
        "cjkasbdkjnlakb/agnet-0906",
        "Tanayuya/qwen3-4b-structured-output-lora-ver2",
        "shinich001/qwen3-4b-5kmix-seq2k-ep1",
        "y-tani/lora_structeval_t_qwen3_4b_v8",
        "NibiruTwin/qwen3-4b-structured-output-lora-v6",
        "yokobo-ai/qwen3-4b-so-lora-v2",
        "hikahika/Qwen3-4B-Instruct-2507exp18",
        "takayosh/your-lora-repo",
        "Yuya0/qwen3-4b-lora_v1.8",
        "G7O8/lora_R8_A16_D005_epo2_LR1e4_structeval_t_qwen3_4b",
        "takeofuture/shibatake-SFT_2602071922",
        "sam-murayama/sam-qwen3-lora-15",
        "worldmate/004kuma",
        "Zsom1997/your-lora-repo-11r",
        "akamei/AK_1ep_4e-6_512_LORAdr_Decay_WU_0219",
        "takao-nb/qwen3-4b-structured-submit23-lora",
        "ortiz-ai/qwen3-4b-structured-output-lora_2ep_5e5_512_005_toml64",
        "okaba815/your-lora-repo",
        "Isk5434/qwen3-4b-structured-output-lora-onlydown2",
        "thetmon/c11"
    ],
    "train+valid_accuracy": 0.73,
    "test_accuracy": 0.6740217711091497,
    "weights": [
        0.5022917353569745,
        -0.01517236307464536,
        0.5133213944145795,
        -0.017105328060015024,
        0.49688865975169755,
        0.014143182749495248,
        0.005761624684697134,
        -0.049432334235939394,
        0.010265513980427134,
        -0.001552122248143919,
        -0.007118689673820098,
        0.013000963143978453,
        0.006724070262347196,
        -0.007842112901661985,
        -0.006704232671325876,
        -0.0005954817283437589,
        -0.0015872742870641147,
        0.007862572469211593,
        -0.007137310687591969,
        -0.013727368357819908,
        -0.00595823513694997,
        -0.008546979300498221,
        0.0461010375587438,
        0.0006781217159670499,
        -0.00950015903071562,
        0.009321465341750025,
        0.011835959855445697,
        -0.00847745592524088,
        -0.024821990100036575,
        0.5053324302716972
    ]
}