{
    "task": "sports_understanding",
    "expert_name": [
        "sfutenma/lora_structeval_t_qwen3_4b_v260221-211258",
        "tehiro/qwen3-structeval-lora",
        "kmd2525/qwen3-4b-structured-output-lora-v5.2",
        "t-mizuma/qwen3-4b-structeval-lora-5",
        "worldmate/007kuma",
        "ksk740/model20260211",
        "YyUuYyAa/qwen3-4b-structured-output-lora-revised",
        "takao-nb/qwen3-4b-structured-submit10-lora",
        "sabia0080/qwen3-4b-sft-v0-cotv2-lr2e6-ep2-wd001",
        "sam-murayama/sam-qwen3-lora-16",
        "help2opensource/Qwen3-4B-Instruct-2507_mental_health",
        "pokke11/qwen3-4b-structured-output-lora3",
        "takao-nb/qwen3-4b-structured-submit16-lora",
        "Centkun/qwen3-4b-instruct-2507-lora-homework_vo6",
        "marukame332/final_asignment",
        "tsubasaka/lora-repo-v4",
        "Sumiokashi/qwen3-4b-structured-3k-mix-sft_lora-repo_ver34",
        "Kpitc5884/Kpitc5884-lora-repo",
        "yokobo-ai/qwen3-4b-so-lora-v10",
        "MMdesanQ1/your-lora-repo-v3",
        "Umezaki/sft-qwen-v2-lora8-upsample-adapter",
        "hiro877/your-lora-repo-structured-hard-sft-4-0205",
        "katsumi1701/qwen3-4b-structured-output-lora-sft2",
        "thetmon/c1",
        "tmiyamoto/qwen3-4b-agentbench-exp02",
        "yokobo-ai/qwen3-4b-so-lora-v8",
        "manamano88/qwen3-4b-structured-output-lora-v15-14",
        "kiratan/qwen3-4b-structeval-lora-87",
        "choco800/Qwen3-4B-SFT-v13",
        "kawashimas/qwen3-4b-lora-exp1"
    ],
    "train+valid_accuracy": 0.62,
    "test_accuracy": 0.6496746203904555,
    "weights": [
        0.4909149310180973,
        -0.00033737761776068053,
        0.4801617266722435,
        0.016534785654589414,
        0.4823724996479233,
        -0.0010543258077987184,
        -0.006213982572903776,
        0.46397195388777107,
        0.01328173581708493,
        -0.02388953174466297,
        -0.02293487190080766,
        0.024401088820012767,
        0.4938558101250482,
        -0.004465232181442148,
        -0.001960857962142878,
        -0.004471124549272842,
        -0.0027224887987119016,
        0.040557351994080386,
        -0.011721071200518598,
        0.08416095645976539,
        0.002454518132913755,
        -0.0030902987552077618,
        -0.003050452780334251,
        -0.01117370708421666,
        -0.001387790187370196,
        -0.0017946328905272919,
        0.002873930924983185,
        -0.0078211918787119,
        0.0597484429237322,
        -0.003394273748796167
    ]
}