{
    "task": "qasc",
    "expert_name": [
        "sfutenma/lora_structeval_t_qwen3_4b_v260221-211258",
        "tehiro/qwen3-structeval-lora",
        "kmd2525/qwen3-4b-structured-output-lora-v5.2",
        "t-mizuma/qwen3-4b-structeval-lora-5",
        "worldmate/007kuma",
        "ksk740/model20260211",
        "YyUuYyAa/qwen3-4b-structured-output-lora-revised",
        "takao-nb/qwen3-4b-structured-submit10-lora",
        "sabia0080/qwen3-4b-sft-v0-cotv2-lr2e6-ep2-wd001",
        "sam-murayama/sam-qwen3-lora-16",
        "help2opensource/Qwen3-4B-Instruct-2507_mental_health",
        "pokke11/qwen3-4b-structured-output-lora3",
        "takao-nb/qwen3-4b-structured-submit16-lora",
        "Centkun/qwen3-4b-instruct-2507-lora-homework_vo6",
        "marukame332/final_asignment",
        "tsubasaka/lora-repo-v4",
        "Sumiokashi/qwen3-4b-structured-3k-mix-sft_lora-repo_ver34",
        "Kpitc5884/Kpitc5884-lora-repo",
        "yokobo-ai/qwen3-4b-so-lora-v10",
        "MMdesanQ1/your-lora-repo-v3",
        "Umezaki/sft-qwen-v2-lora8-upsample-adapter",
        "hiro877/your-lora-repo-structured-hard-sft-4-0205",
        "katsumi1701/qwen3-4b-structured-output-lora-sft2",
        "thetmon/c1",
        "tmiyamoto/qwen3-4b-agentbench-exp02",
        "yokobo-ai/qwen3-4b-so-lora-v8",
        "manamano88/qwen3-4b-structured-output-lora-v15-14",
        "kiratan/qwen3-4b-structeval-lora-87",
        "choco800/Qwen3-4B-SFT-v13",
        "kawashimas/qwen3-4b-lora-exp1"
    ],
    "train+valid_accuracy": 0.9,
    "test_accuracy": 0.9078624078624079,
    "weights": [
        0.059024438501031645,
        -0.028304025846818126,
        0.01715275241065437,
        0.23714095650289288,
        0.0017919332486771328,
        -0.1186586816711307,
        -0.3163992450843227,
        0.09010972395760126,
        0.10848333639767807,
        -0.11478634144562909,
        0.5529482766522276,
        0.014425334847830595,
        0.039555471887907874,
        0.03750003451601997,
        0.022953690067469727,
        0.5544668139759318,
        -0.005597005345874947,
        0.018197353266620662,
        0.4615678855619734,
        0.10085163703201816,
        -0.01550221520455284,
        0.030102384380973214,
        -0.002009552876552858,
        -0.0007447110773753801,
        -0.03331602921435041,
        0.03283328147563908,
        0.4911131746090283,
        0.4948303055434797,
        -0.009880835543384012,
        0.03317467537662519
    ]
}