{
    "task": "xnli_es",
    "expert_name": [
        "yochimachika/yochimachika-lora-repo07",
        "shokuma/qwen3-4b-structured-output-lora-20260217-1st",
        "Kaito-F/lora-repo-v18",
        "cjkasbdkjnlakb/agent-0927-05",
        "kochan13/qwen-qwen3-4b-structured-output-lora-26020502",
        "jmJapan/jm26",
        "Shusuke07/qwen3-4b-structured-output-lora-repo-1-3_2-3_01",
        "tmiyamoto/qwen3-4b-agentbench-exp02",
        "Shusuke07/qwen3-4b-structured-output-lora-repo-2-3_04",
        "fumikawa/a25-v0004",
        "cjkasbdkjnlakb/agnet-0906",
        "Tanayuya/qwen3-4b-structured-output-lora-ver2",
        "shinich001/qwen3-4b-5kmix-seq2k-ep1",
        "y-tani/lora_structeval_t_qwen3_4b_v8",
        "NibiruTwin/qwen3-4b-structured-output-lora-v6",
        "yokobo-ai/qwen3-4b-so-lora-v2",
        "hikahika/Qwen3-4B-Instruct-2507exp18",
        "takayosh/your-lora-repo",
        "Yuya0/qwen3-4b-lora_v1.8",
        "G7O8/lora_R8_A16_D005_epo2_LR1e4_structeval_t_qwen3_4b",
        "takeofuture/shibatake-SFT_2602071922",
        "sam-murayama/sam-qwen3-lora-15",
        "worldmate/004kuma",
        "Zsom1997/your-lora-repo-11r",
        "akamei/AK_1ep_4e-6_512_LORAdr_Decay_WU_0219",
        "takao-nb/qwen3-4b-structured-submit23-lora",
        "ortiz-ai/qwen3-4b-structured-output-lora_2ep_5e5_512_005_toml64",
        "okaba815/your-lora-repo",
        "Isk5434/qwen3-4b-structured-output-lora-onlydown2",
        "thetmon/c11"
    ],
    "train+valid_accuracy": 0.61,
    "test_accuracy": 0.5914,
    "weights": [
        0.7568809944747147,
        0.0006054951453004676,
        0.4960823529910664,
        0.44063907207237824,
        -0.039667035885195684,
        -0.0011365239195147395,
        -0.017922099620851648,
        -0.002436131032504932,
        0.008752449137295126,
        -0.01922098007720164,
        0.4648460030593932,
        -0.032100309495635866,
        -0.022212194445162425,
        -0.0214287396665932,
        -0.029972043288131245,
        -0.0012900920023199295,
        -0.011973995085130083,
        -0.007780733677372656,
        -0.02076644283706357,
        0.024669050507806607,
        0.019613546038357434,
        -0.03906903716888743,
        0.019605939287306355,
        -0.01211887253166387,
        -0.015185722277596538,
        -0.024893200988274806,
        -0.029955160363132664,
        -0.011131891001957255,
        -0.000510756743081005,
        0.4877436433402372
    ]
}