{
    "task": "glue_mrpc",
    "expert_name": [
        "r-three/lora_baseline_qwen_lr3e-4_step400_rank64_glue_mrpc",
        "sfutenma/lora_structeval_t_qwen3_4b_v260221-211258",
        "tehiro/qwen3-structeval-lora",
        "kmd2525/qwen3-4b-structured-output-lora-v5.2",
        "t-mizuma/qwen3-4b-structeval-lora-5",
        "worldmate/007kuma",
        "ksk740/model20260211",
        "YyUuYyAa/qwen3-4b-structured-output-lora-revised",
        "takao-nb/qwen3-4b-structured-submit10-lora",
        "sabia0080/qwen3-4b-sft-v0-cotv2-lr2e6-ep2-wd001",
        "sam-murayama/sam-qwen3-lora-16",
        "help2opensource/Qwen3-4B-Instruct-2507_mental_health",
        "pokke11/qwen3-4b-structured-output-lora3",
        "takao-nb/qwen3-4b-structured-submit16-lora",
        "Centkun/qwen3-4b-instruct-2507-lora-homework_vo6",
        "marukame332/final_asignment",
        "tsubasaka/lora-repo-v4",
        "Sumiokashi/qwen3-4b-structured-3k-mix-sft_lora-repo_ver34",
        "Kpitc5884/Kpitc5884-lora-repo",
        "yokobo-ai/qwen3-4b-so-lora-v10",
        "MMdesanQ1/your-lora-repo-v3",
        "Umezaki/sft-qwen-v2-lora8-upsample-adapter",
        "hiro877/your-lora-repo-structured-hard-sft-4-0205",
        "katsumi1701/qwen3-4b-structured-output-lora-sft2",
        "thetmon/c1",
        "tmiyamoto/qwen3-4b-agentbench-exp02",
        "yokobo-ai/qwen3-4b-so-lora-v8",
        "manamano88/qwen3-4b-structured-output-lora-v15-14",
        "kiratan/qwen3-4b-structeval-lora-87",
        "choco800/Qwen3-4B-SFT-v13"
    ],
    "train+valid_accuracy": 0.77,
    "test_accuracy": 0.76,
    "weights": [
        0.6822369285657497,
        0.506108113846703,
        -0.018845884258449186,
        0.5000776652903447,
        -0.017883773814451623,
        -0.010406606322155176,
        -0.048217027463804546,
        -0.0687215404385069,
        -0.01720453221984005,
        -0.03171524055790675,
        0.0007633319469704941,
        0.019949925091925752,
        -0.058244649446774314,
        -0.0033271314650105497,
        -0.004934254961446219,
        -0.012853574022806106,
        0.029077921938323315,
        0.03214968339185745,
        0.07124986304770604,
        -0.018017491151912868,
        -0.10079190823996625,
        -0.0008699297997111356,
        -0.04101798468835044,
        -0.11343949977489308,
        0.0047858808278516286,
        -0.0430077778556265,
        -0.04255885112125654,
        -0.02940926756717406,
        -0.003951442255660107,
        -0.009990513879051926
    ]
}