{
    "task": "intersect_geometry",
    "expert_name": [
        "yochimachika/yochimachika-lora-repo07",
        "shokuma/qwen3-4b-structured-output-lora-20260217-1st",
        "Kaito-F/lora-repo-v18",
        "cjkasbdkjnlakb/agent-0927-05",
        "kochan13/qwen-qwen3-4b-structured-output-lora-26020502",
        "jmJapan/jm26",
        "Shusuke07/qwen3-4b-structured-output-lora-repo-1-3_2-3_01",
        "tmiyamoto/qwen3-4b-agentbench-exp02",
        "Shusuke07/qwen3-4b-structured-output-lora-repo-2-3_04",
        "fumikawa/a25-v0004",
        "cjkasbdkjnlakb/agnet-0906",
        "Tanayuya/qwen3-4b-structured-output-lora-ver2",
        "shinich001/qwen3-4b-5kmix-seq2k-ep1",
        "y-tani/lora_structeval_t_qwen3_4b_v8",
        "NibiruTwin/qwen3-4b-structured-output-lora-v6",
        "yokobo-ai/qwen3-4b-so-lora-v2",
        "hikahika/Qwen3-4B-Instruct-2507exp18",
        "takayosh/your-lora-repo",
        "Yuya0/qwen3-4b-lora_v1.8",
        "G7O8/lora_R8_A16_D005_epo2_LR1e4_structeval_t_qwen3_4b",
        "takeofuture/shibatake-SFT_2602071922",
        "sam-murayama/sam-qwen3-lora-15",
        "worldmate/004kuma",
        "Zsom1997/your-lora-repo-11r",
        "akamei/AK_1ep_4e-6_512_LORAdr_Decay_WU_0219",
        "takao-nb/qwen3-4b-structured-submit23-lora",
        "ortiz-ai/qwen3-4b-structured-output-lora_2ep_5e5_512_005_toml64",
        "okaba815/your-lora-repo",
        "Isk5434/qwen3-4b-structured-output-lora-onlydown2",
        "thetmon/c11"
    ],
    "train+valid_accuracy": 0.06,
    "test_accuracy": 0.05,
    "weights": [
        0.4937217702419823,
        0.47582312743613286,
        0.5250119062128433,
        0.4950391296436399,
        -0.006211447167218737,
        -0.00017886147298421342,
        -0.018514484789696025,
        0.004235005962024908,
        -0.017464665822716434,
        0.052842776058819624,
        0.006852012642268498,
        0.004892389726980559,
        -0.008947609150202561,
        0.49886973756354064,
        -0.010088202886551599,
        -0.009984563359078625,
        -0.005106318406779294,
        0.03959554936808983,
        0.018894403396606408,
        -0.007095382257081787,
        -0.009451736829156015,
        -0.007114005319631859,
        -0.010132878752934829,
        -0.002941156896054671,
        -0.010873124671852658,
        -0.0004600845685046217,
        0.005177794737553651,
        -0.0005134844258886244,
        -0.002744190625964082,
        0.028455633398812148
    ]
}