{
    "task": "race_high",
    "expert_name": [
        "r-three/lora_baseline_qwen_lr3e-4_step400_rank64_race_high",
        "yochimachika/yochimachika-lora-repo07",
        "shokuma/qwen3-4b-structured-output-lora-20260217-1st",
        "Kaito-F/lora-repo-v18",
        "cjkasbdkjnlakb/agent-0927-05",
        "kochan13/qwen-qwen3-4b-structured-output-lora-26020502",
        "jmJapan/jm26",
        "Shusuke07/qwen3-4b-structured-output-lora-repo-1-3_2-3_01",
        "tmiyamoto/qwen3-4b-agentbench-exp02",
        "Shusuke07/qwen3-4b-structured-output-lora-repo-2-3_04",
        "fumikawa/a25-v0004",
        "cjkasbdkjnlakb/agnet-0906",
        "Tanayuya/qwen3-4b-structured-output-lora-ver2",
        "shinich001/qwen3-4b-5kmix-seq2k-ep1",
        "y-tani/lora_structeval_t_qwen3_4b_v8",
        "NibiruTwin/qwen3-4b-structured-output-lora-v6",
        "yokobo-ai/qwen3-4b-so-lora-v2",
        "hikahika/Qwen3-4B-Instruct-2507exp18",
        "takayosh/your-lora-repo",
        "Yuya0/qwen3-4b-lora_v1.8",
        "G7O8/lora_R8_A16_D005_epo2_LR1e4_structeval_t_qwen3_4b",
        "takeofuture/shibatake-SFT_2602071922",
        "sam-murayama/sam-qwen3-lora-15",
        "worldmate/004kuma",
        "Zsom1997/your-lora-repo-11r",
        "akamei/AK_1ep_4e-6_512_LORAdr_Decay_WU_0219",
        "takao-nb/qwen3-4b-structured-submit23-lora",
        "ortiz-ai/qwen3-4b-structured-output-lora_2ep_5e5_512_005_toml64",
        "okaba815/your-lora-repo",
        "Isk5434/qwen3-4b-structured-output-lora-onlydown2"
    ],
    "train+valid_accuracy": 0.85,
    "test_accuracy": 0.8310463121783876,
    "weights": [
        -0.06635679532745489,
        0.5085092529971387,
        0.47380463369469555,
        0.06108151266286746,
        0.019615104159768495,
        0.005613590016509342,
        0.028337507311940416,
        0.03883576544636406,
        0.019204645872305418,
        0.051006710070758285,
        -0.034912535962986706,
        0.536248297839709,
        0.013766847350094365,
        -0.03368233201960561,
        -0.002455989310103715,
        -0.02633439593341805,
        -0.022990785485268606,
        -0.017227773454454313,
        -0.040903676178749855,
        -0.03496332434000165,
        -0.002864141070499802,
        -0.016850349057451124,
        -0.03806107133903109,
        -0.04102709513303209,
        -0.012771857453290673,
        -0.023720031074691093,
        -0.0040905650296929694,
        0.007407027170343499,
        -0.01950057617494024,
        -0.00027350595550615223
    ]
}