{
    "task": "race_high",
    "expert_name": [
        "r-three/lora_baseline_qwen_lr3e-4_step400_rank64_race_high",
        "sfutenma/lora_structeval_t_qwen3_4b_v260221-211258",
        "tehiro/qwen3-structeval-lora",
        "kmd2525/qwen3-4b-structured-output-lora-v5.2",
        "t-mizuma/qwen3-4b-structeval-lora-5",
        "worldmate/007kuma",
        "ksk740/model20260211",
        "YyUuYyAa/qwen3-4b-structured-output-lora-revised",
        "takao-nb/qwen3-4b-structured-submit10-lora",
        "sabia0080/qwen3-4b-sft-v0-cotv2-lr2e6-ep2-wd001",
        "sam-murayama/sam-qwen3-lora-16",
        "help2opensource/Qwen3-4B-Instruct-2507_mental_health",
        "pokke11/qwen3-4b-structured-output-lora3",
        "takao-nb/qwen3-4b-structured-submit16-lora",
        "Centkun/qwen3-4b-instruct-2507-lora-homework_vo6",
        "marukame332/final_asignment",
        "tsubasaka/lora-repo-v4",
        "Sumiokashi/qwen3-4b-structured-3k-mix-sft_lora-repo_ver34",
        "Kpitc5884/Kpitc5884-lora-repo",
        "yokobo-ai/qwen3-4b-so-lora-v10",
        "MMdesanQ1/your-lora-repo-v3",
        "Umezaki/sft-qwen-v2-lora8-upsample-adapter",
        "hiro877/your-lora-repo-structured-hard-sft-4-0205",
        "katsumi1701/qwen3-4b-structured-output-lora-sft2",
        "thetmon/c1",
        "tmiyamoto/qwen3-4b-agentbench-exp02",
        "yokobo-ai/qwen3-4b-so-lora-v8",
        "manamano88/qwen3-4b-structured-output-lora-v15-14",
        "kiratan/qwen3-4b-structeval-lora-87",
        "choco800/Qwen3-4B-SFT-v13"
    ],
    "train+valid_accuracy": 0.85,
    "test_accuracy": 0.8141795311606632,
    "weights": [
        0.012526503475283765,
        0.177091179453814,
        -0.21161076726332131,
        -0.19216858167142645,
        -0.23540995222432504,
        0.17615691987059903,
        -0.37979645091004416,
        0.14973148475080442,
        0.005193386721572352,
        0.10813359594216897,
        0.06700883715741096,
        0.49861673619059504,
        -0.0897269288924334,
        0.02256968165964888,
        0.36569280297402185,
        0.4577800830205122,
        0.06539438296426123,
        0.06785942255717309,
        0.048943909896740564,
        0.5201158477387259,
        0.14709339817573325,
        0.09626095098950826,
        0.019031581764705742,
        0.03821924115566316,
        -0.008382387337614653,
        0.5562868303318252,
        -0.03689810033746214,
        0.5708123034949347,
        0.04865710816340852,
        0.48138287751070263
    ]
}