{
    "task": "twitter_financial_news_sentiment",
    "expert_name": [
        "r-three/lora_baseline_qwen_lr3e-4_step400_rank64_twitter_financial_news_sentiment",
        "yochimachika/yochimachika-lora-repo07",
        "shokuma/qwen3-4b-structured-output-lora-20260217-1st",
        "Kaito-F/lora-repo-v18",
        "cjkasbdkjnlakb/agent-0927-05",
        "kochan13/qwen-qwen3-4b-structured-output-lora-26020502",
        "jmJapan/jm26",
        "Shusuke07/qwen3-4b-structured-output-lora-repo-1-3_2-3_01",
        "tmiyamoto/qwen3-4b-agentbench-exp02",
        "Shusuke07/qwen3-4b-structured-output-lora-repo-2-3_04",
        "fumikawa/a25-v0004",
        "cjkasbdkjnlakb/agnet-0906",
        "Tanayuya/qwen3-4b-structured-output-lora-ver2",
        "shinich001/qwen3-4b-5kmix-seq2k-ep1",
        "y-tani/lora_structeval_t_qwen3_4b_v8",
        "NibiruTwin/qwen3-4b-structured-output-lora-v6",
        "yokobo-ai/qwen3-4b-so-lora-v2",
        "hikahika/Qwen3-4B-Instruct-2507exp18",
        "takayosh/your-lora-repo",
        "Yuya0/qwen3-4b-lora_v1.8",
        "G7O8/lora_R8_A16_D005_epo2_LR1e4_structeval_t_qwen3_4b",
        "takeofuture/shibatake-SFT_2602071922",
        "sam-murayama/sam-qwen3-lora-15",
        "worldmate/004kuma",
        "Zsom1997/your-lora-repo-11r",
        "akamei/AK_1ep_4e-6_512_LORAdr_Decay_WU_0219",
        "takao-nb/qwen3-4b-structured-submit23-lora",
        "ortiz-ai/qwen3-4b-structured-output-lora_2ep_5e5_512_005_toml64",
        "okaba815/your-lora-repo",
        "Isk5434/qwen3-4b-structured-output-lora-onlydown2"
    ],
    "train+valid_accuracy": 0.92,
    "test_accuracy": 0.8209424083769633,
    "weights": [
        0.7340555652149875,
        0.4828367799104693,
        -0.013129462884188694,
        -0.059418369222010485,
        0.4254735638208756,
        -6.445346085325867e-05,
        0.000495945094370934,
        -0.023963085741720076,
        0.038753175323659135,
        -0.01893062065937288,
        -0.030812004309903454,
        -0.004687312147771024,
        0.016979331958336463,
        0.03884194857120054,
        -0.0443117706448017,
        0.02238761996113851,
        -0.027904841949074836,
        -0.04557767840031173,
        0.03489446089967749,
        -0.033732533040834074,
        -0.00475473786807388,
        0.005895394983257278,
        0.43412277720275866,
        0.06260749107672743,
        -0.004268066665590273,
        -0.002174568508768856,
        0.006995584521543835,
        0.13787894658813538,
        0.028584833596224872,
        0.02582579067072634
    ]
}