{
    "task": "super_glue_wic",
    "expert_name": [
        "sfutenma/lora_structeval_t_qwen3_4b_v260221-211258",
        "tehiro/qwen3-structeval-lora",
        "kmd2525/qwen3-4b-structured-output-lora-v5.2",
        "t-mizuma/qwen3-4b-structeval-lora-5",
        "worldmate/007kuma",
        "ksk740/model20260211",
        "YyUuYyAa/qwen3-4b-structured-output-lora-revised",
        "takao-nb/qwen3-4b-structured-submit10-lora",
        "sabia0080/qwen3-4b-sft-v0-cotv2-lr2e6-ep2-wd001",
        "sam-murayama/sam-qwen3-lora-16",
        "help2opensource/Qwen3-4B-Instruct-2507_mental_health",
        "pokke11/qwen3-4b-structured-output-lora3",
        "takao-nb/qwen3-4b-structured-submit16-lora",
        "Centkun/qwen3-4b-instruct-2507-lora-homework_vo6",
        "marukame332/final_asignment",
        "tsubasaka/lora-repo-v4",
        "Sumiokashi/qwen3-4b-structured-3k-mix-sft_lora-repo_ver34",
        "Kpitc5884/Kpitc5884-lora-repo",
        "yokobo-ai/qwen3-4b-so-lora-v10",
        "MMdesanQ1/your-lora-repo-v3",
        "Umezaki/sft-qwen-v2-lora8-upsample-adapter",
        "hiro877/your-lora-repo-structured-hard-sft-4-0205",
        "katsumi1701/qwen3-4b-structured-output-lora-sft2",
        "thetmon/c1",
        "tmiyamoto/qwen3-4b-agentbench-exp02",
        "yokobo-ai/qwen3-4b-so-lora-v8",
        "manamano88/qwen3-4b-structured-output-lora-v15-14",
        "kiratan/qwen3-4b-structeval-lora-87",
        "choco800/Qwen3-4B-SFT-v13",
        "kawashimas/qwen3-4b-lora-exp1"
    ],
    "train+valid_accuracy": 0.72,
    "test_accuracy": 0.6648250460405156,
    "weights": [
        0.43993201821681305,
        0.47556007423665625,
        0.01880234035249858,
        0.24027454162958325,
        0.003637296131014213,
        -0.29253412935571416,
        -0.04033179508077724,
        0.09761154116606353,
        0.022425523002073906,
        0.008519109133018133,
        0.07134496446427704,
        0.08876343739487376,
        0.3552744312558604,
        0.11290952870830295,
        0.05942287208408423,
        0.5529956813375537,
        -0.2782809818891275,
        -0.3067531785426228,
        -0.16061378306922924,
        -0.14810813676640688,
        0.06926982589942952,
        -0.20070036905877928,
        -0.23281998582270694,
        -0.10462212331664686,
        -0.2455019669461329,
        -0.19357236500325628,
        0.06515756447759571,
        0.019995672194547013,
        -0.1535217446049979,
        -0.1466417978708757
    ]
}