{
    "task": "twitter_financial_news_sentiment",
    "expert_name": [
        "sfutenma/lora_structeval_t_qwen3_4b_v260221-211258",
        "tehiro/qwen3-structeval-lora",
        "kmd2525/qwen3-4b-structured-output-lora-v5.2",
        "t-mizuma/qwen3-4b-structeval-lora-5",
        "worldmate/007kuma",
        "ksk740/model20260211",
        "YyUuYyAa/qwen3-4b-structured-output-lora-revised",
        "takao-nb/qwen3-4b-structured-submit10-lora",
        "sabia0080/qwen3-4b-sft-v0-cotv2-lr2e6-ep2-wd001",
        "sam-murayama/sam-qwen3-lora-16",
        "help2opensource/Qwen3-4B-Instruct-2507_mental_health",
        "pokke11/qwen3-4b-structured-output-lora3",
        "takao-nb/qwen3-4b-structured-submit16-lora",
        "Centkun/qwen3-4b-instruct-2507-lora-homework_vo6",
        "marukame332/final_asignment",
        "tsubasaka/lora-repo-v4",
        "Sumiokashi/qwen3-4b-structured-3k-mix-sft_lora-repo_ver34",
        "Kpitc5884/Kpitc5884-lora-repo",
        "yokobo-ai/qwen3-4b-so-lora-v10",
        "MMdesanQ1/your-lora-repo-v3",
        "Umezaki/sft-qwen-v2-lora8-upsample-adapter",
        "hiro877/your-lora-repo-structured-hard-sft-4-0205",
        "katsumi1701/qwen3-4b-structured-output-lora-sft2",
        "thetmon/c1",
        "tmiyamoto/qwen3-4b-agentbench-exp02",
        "yokobo-ai/qwen3-4b-so-lora-v8",
        "manamano88/qwen3-4b-structured-output-lora-v15-14",
        "kiratan/qwen3-4b-structeval-lora-87",
        "choco800/Qwen3-4B-SFT-v13",
        "kawashimas/qwen3-4b-lora-exp1"
    ],
    "train+valid_accuracy": 0.61,
    "test_accuracy": 0.6513089005235602,
    "weights": [
        0.5038233718824827,
        0.015429741563016207,
        0.009634020261267164,
        0.009877241460685835,
        -0.013382125010795089,
        -0.020712693870989993,
        -0.15799087785487576,
        0.6497135122658558,
        0.061210536480000084,
        0.0738931984760614,
        0.5356050554699213,
        -0.018537572107463304,
        0.03025424307034661,
        0.02623299697640228,
        0.5311640381691887,
        -0.025703986660517632,
        0.0035414316922700324,
        -0.03910981056308141,
        -0.21808733921461204,
        0.029381374358139423,
        0.11931873978282101,
        0.013670318917581867,
        -0.015799366622754954,
        0.5879844736607192,
        0.008257895753340351,
        -0.017866699655905413,
        0.4921416251353286,
        0.5056656587619879,
        -0.013026862036589811,
        -0.011990450107312445
    ]
}