{
    "task": "qa_wikidata",
    "expert_name": [
        "sfutenma/lora_structeval_t_qwen3_4b_v260221-211258",
        "tehiro/qwen3-structeval-lora",
        "kmd2525/qwen3-4b-structured-output-lora-v5.2",
        "t-mizuma/qwen3-4b-structeval-lora-5",
        "worldmate/007kuma",
        "ksk740/model20260211",
        "YyUuYyAa/qwen3-4b-structured-output-lora-revised",
        "takao-nb/qwen3-4b-structured-submit10-lora",
        "sabia0080/qwen3-4b-sft-v0-cotv2-lr2e6-ep2-wd001",
        "sam-murayama/sam-qwen3-lora-16",
        "help2opensource/Qwen3-4B-Instruct-2507_mental_health",
        "pokke11/qwen3-4b-structured-output-lora3",
        "takao-nb/qwen3-4b-structured-submit16-lora",
        "Centkun/qwen3-4b-instruct-2507-lora-homework_vo6",
        "marukame332/final_asignment",
        "tsubasaka/lora-repo-v4",
        "Sumiokashi/qwen3-4b-structured-3k-mix-sft_lora-repo_ver34",
        "Kpitc5884/Kpitc5884-lora-repo",
        "yokobo-ai/qwen3-4b-so-lora-v10",
        "MMdesanQ1/your-lora-repo-v3",
        "Umezaki/sft-qwen-v2-lora8-upsample-adapter",
        "hiro877/your-lora-repo-structured-hard-sft-4-0205",
        "katsumi1701/qwen3-4b-structured-output-lora-sft2",
        "thetmon/c1",
        "tmiyamoto/qwen3-4b-agentbench-exp02",
        "yokobo-ai/qwen3-4b-so-lora-v8",
        "manamano88/qwen3-4b-structured-output-lora-v15-14",
        "kiratan/qwen3-4b-structeval-lora-87",
        "choco800/Qwen3-4B-SFT-v13",
        "kawashimas/qwen3-4b-lora-exp1"
    ],
    "train+valid_accuracy": 0.44,
    "test_accuracy": 0.42444987775061127,
    "weights": [
        0.0044798294769919115,
        -0.02339547618826239,
        0.4997799430240286,
        -0.014144628498381703,
        -0.015821704773133285,
        -0.010320356897312128,
        -0.04548943411857417,
        -0.006498773734630107,
        0.0023643157064561467,
        0.004848447469026896,
        -0.0069362424033596074,
        -0.038371983465511676,
        -0.005172541473877057,
        -0.044297282851289525,
        -0.006643778713056955,
        -0.02018222863289831,
        -0.015036496998450128,
        -0.018522295758536943,
        -0.013222814183641386,
        -0.0763369296744061,
        -0.004887513662765349,
        -0.052244967361198394,
        -0.029322960717666352,
        -0.022504269957542226,
        -0.0377652958389869,
        -0.03824875982981072,
        -0.006678504375562796,
        -0.015284475788822149,
        -0.007188144812910424,
        -0.014599576589001082
    ]
}