{
    "task": "xnli_es",
    "expert_name": [
        "r-three/lora_baseline_qwen_lr3e-4_step400_rank64_xnli_es",
        "yochimachika/yochimachika-lora-repo07",
        "shokuma/qwen3-4b-structured-output-lora-20260217-1st",
        "Kaito-F/lora-repo-v18",
        "cjkasbdkjnlakb/agent-0927-05",
        "kochan13/qwen-qwen3-4b-structured-output-lora-26020502",
        "jmJapan/jm26",
        "Shusuke07/qwen3-4b-structured-output-lora-repo-1-3_2-3_01",
        "tmiyamoto/qwen3-4b-agentbench-exp02",
        "Shusuke07/qwen3-4b-structured-output-lora-repo-2-3_04",
        "fumikawa/a25-v0004",
        "cjkasbdkjnlakb/agnet-0906",
        "Tanayuya/qwen3-4b-structured-output-lora-ver2",
        "shinich001/qwen3-4b-5kmix-seq2k-ep1",
        "y-tani/lora_structeval_t_qwen3_4b_v8",
        "NibiruTwin/qwen3-4b-structured-output-lora-v6",
        "yokobo-ai/qwen3-4b-so-lora-v2",
        "hikahika/Qwen3-4B-Instruct-2507exp18",
        "takayosh/your-lora-repo",
        "Yuya0/qwen3-4b-lora_v1.8",
        "G7O8/lora_R8_A16_D005_epo2_LR1e4_structeval_t_qwen3_4b",
        "takeofuture/shibatake-SFT_2602071922",
        "sam-murayama/sam-qwen3-lora-15",
        "worldmate/004kuma",
        "Zsom1997/your-lora-repo-11r",
        "akamei/AK_1ep_4e-6_512_LORAdr_Decay_WU_0219",
        "takao-nb/qwen3-4b-structured-submit23-lora",
        "ortiz-ai/qwen3-4b-structured-output-lora_2ep_5e5_512_005_toml64",
        "okaba815/your-lora-repo",
        "Isk5434/qwen3-4b-structured-output-lora-onlydown2"
    ],
    "train+valid_accuracy": 0.75,
    "test_accuracy": 0.7182,
    "weights": [
        0.5428506640783827,
        0.49750008688853214,
        0.0025709699996874875,
        0.4967663418860887,
        0.5013339719327795,
        0.0012934380500683575,
        0.0038028328150805685,
        0.0074296280606795835,
        0.0049793256427584694,
        0.003302352193415449,
        0.0026538363386208004,
        0.0016908195944954664,
        0.0040554585806876105,
        0.004932876486708531,
        0.4994556660085971,
        0.0004097880153817352,
        0.004166328299261569,
        -0.000523124431024829,
        0.0024012531081791114,
        0.0029181329476446814,
        0.0034412608768678394,
        0.014281279496369575,
        0.008108785520786728,
        -0.02500558556744434,
        0.0013495438760052574,
        -0.026916369603021295,
        -0.0032932668429183445,
        -0.0001551199755363364,
        0.008593257520205611,
        -0.000953211550746992
    ]
}