{
    "task": "glue_mrpc",
    "expert_name": [
        "sfutenma/lora_structeval_t_qwen3_4b_v260221-211258",
        "tehiro/qwen3-structeval-lora",
        "kmd2525/qwen3-4b-structured-output-lora-v5.2",
        "t-mizuma/qwen3-4b-structeval-lora-5",
        "worldmate/007kuma",
        "ksk740/model20260211",
        "YyUuYyAa/qwen3-4b-structured-output-lora-revised",
        "takao-nb/qwen3-4b-structured-submit10-lora",
        "sabia0080/qwen3-4b-sft-v0-cotv2-lr2e6-ep2-wd001",
        "sam-murayama/sam-qwen3-lora-16",
        "help2opensource/Qwen3-4B-Instruct-2507_mental_health",
        "pokke11/qwen3-4b-structured-output-lora3",
        "takao-nb/qwen3-4b-structured-submit16-lora",
        "Centkun/qwen3-4b-instruct-2507-lora-homework_vo6",
        "marukame332/final_asignment",
        "tsubasaka/lora-repo-v4",
        "Sumiokashi/qwen3-4b-structured-3k-mix-sft_lora-repo_ver34",
        "Kpitc5884/Kpitc5884-lora-repo",
        "yokobo-ai/qwen3-4b-so-lora-v10",
        "MMdesanQ1/your-lora-repo-v3",
        "Umezaki/sft-qwen-v2-lora8-upsample-adapter",
        "hiro877/your-lora-repo-structured-hard-sft-4-0205",
        "katsumi1701/qwen3-4b-structured-output-lora-sft2",
        "thetmon/c1",
        "tmiyamoto/qwen3-4b-agentbench-exp02",
        "yokobo-ai/qwen3-4b-so-lora-v8",
        "manamano88/qwen3-4b-structured-output-lora-v15-14",
        "kiratan/qwen3-4b-structeval-lora-87",
        "choco800/Qwen3-4B-SFT-v13",
        "kawashimas/qwen3-4b-lora-exp1"
    ],
    "train+valid_accuracy": 0.71,
    "test_accuracy": 0.7240579710144928,
    "weights": [
        0.5558055410382352,
        0.03776825581287058,
        0.4380407387840005,
        0.02414732742923997,
        0.007695511431995096,
        -0.031484157989050736,
        -0.03354550693004301,
        -0.015237142354741065,
        -0.008464395095212185,
        -0.010721911167849589,
        -0.011421974951345164,
        -0.03633206886435463,
        0.018208729726205183,
        0.035328353074225466,
        0.45781288122071323,
        0.02506920496437856,
        0.003529446327308489,
        0.0016198737001474556,
        0.023408649049677897,
        -0.007326719306155005,
        0.509533296176546,
        -0.07593800088529774,
        0.005168745771550281,
        0.008816069739093985,
        0.024128032671163736,
        0.001545151338534459,
        -0.030904222094666898,
        0.02682879876257333,
        0.518291919939366,
        0.009862222023089583
    ]
}