{
    "task": "race_high",
    "expert_name": [
        "yochimachika/yochimachika-lora-repo07",
        "shokuma/qwen3-4b-structured-output-lora-20260217-1st",
        "Kaito-F/lora-repo-v18",
        "cjkasbdkjnlakb/agent-0927-05",
        "kochan13/qwen-qwen3-4b-structured-output-lora-26020502",
        "jmJapan/jm26",
        "Shusuke07/qwen3-4b-structured-output-lora-repo-1-3_2-3_01",
        "tmiyamoto/qwen3-4b-agentbench-exp02",
        "Shusuke07/qwen3-4b-structured-output-lora-repo-2-3_04",
        "fumikawa/a25-v0004",
        "cjkasbdkjnlakb/agnet-0906",
        "Tanayuya/qwen3-4b-structured-output-lora-ver2",
        "shinich001/qwen3-4b-5kmix-seq2k-ep1",
        "y-tani/lora_structeval_t_qwen3_4b_v8",
        "NibiruTwin/qwen3-4b-structured-output-lora-v6",
        "yokobo-ai/qwen3-4b-so-lora-v2",
        "hikahika/Qwen3-4B-Instruct-2507exp18",
        "takayosh/your-lora-repo",
        "Yuya0/qwen3-4b-lora_v1.8",
        "G7O8/lora_R8_A16_D005_epo2_LR1e4_structeval_t_qwen3_4b",
        "takeofuture/shibatake-SFT_2602071922",
        "sam-murayama/sam-qwen3-lora-15",
        "worldmate/004kuma",
        "Zsom1997/your-lora-repo-11r",
        "akamei/AK_1ep_4e-6_512_LORAdr_Decay_WU_0219",
        "takao-nb/qwen3-4b-structured-submit23-lora",
        "ortiz-ai/qwen3-4b-structured-output-lora_2ep_5e5_512_005_toml64",
        "okaba815/your-lora-repo",
        "Isk5434/qwen3-4b-structured-output-lora-onlydown2",
        "thetmon/c11"
    ],
    "train+valid_accuracy": 0.85,
    "test_accuracy": 0.8353344768439108,
    "weights": [
        0.4738301522385556,
        0.48278423175997437,
        0.04737357528563225,
        0.030593152767208635,
        0.03309493381146266,
        0.025656727269500853,
        0.04583011425912138,
        0.062371841390552664,
        0.01880136811465612,
        -0.03770667261633593,
        0.5622314142160606,
        -0.04121684885741292,
        -0.04082593329665754,
        -0.006423445967810243,
        0.021684978166452838,
        -0.03218708668751906,
        -0.03382567510289324,
        0.006481264431743443,
        -0.04591656511784073,
        -0.00988136643716019,
        -0.034873351275474175,
        -0.014289284671894244,
        -0.024449758672587862,
        -0.006446524289687386,
        0.023021717814347316,
        -0.005399366935177829,
        -0.02379611456365928,
        -0.03359271537533213,
        -0.0001444199176765391,
        -0.015224092116069331
    ]
}